create table country(id int not null primary key,	name character varying (128) not null);
create table region(id int not null primary key, country_id	int not null REFERENCES country (id), name character varying(128) not null);
create table city( id	int not null primary key  auto_increment,	region_id	int not null REFERENCES region (id), name character varying(128) not null);
insert into country(id, name) values (1, 'Россия');
insert into country(id, name) values (2, 'Украина');
insert into country(id, name) values (3, 'Абхазия');
insert into country(id, name) values (4, 'Австралия');
insert into country(id, name) values (5, 'Австрия');
insert into country(id, name) values (6, 'Азербайджан');
insert into country(id, name) values (7, 'Албания');
insert into country(id, name) values (8, 'Алжир');
insert into country(id, name) values (9, 'Ангола');
insert into country(id, name) values (10, 'Ангуилья');
insert into country(id, name) values (11, 'Андорра');
insert into country(id, name) values (12, 'Антигуа и Барбуда');
insert into country(id, name) values (13, 'Антильские о-ва');
insert into country(id, name) values (14, 'Аргентина');
insert into country(id, name) values (15, 'Армения');
insert into country(id, name) values (16, 'Арулько');
insert into country(id, name) values (17, 'Афганистан');
insert into country(id, name) values (18, 'Багамские о-ва');
insert into country(id, name) values (19, 'Бангладеш');
insert into country(id, name) values (20, 'Барбадос');
insert into country(id, name) values (21, 'Бахрейн');
insert into country(id, name) values (22, 'Беларусь');
insert into country(id, name) values (23, 'Белиз');
insert into country(id, name) values (24, 'Бельгия');
insert into country(id, name) values (25, 'Бенин');
insert into country(id, name) values (26, 'Бермуды');
insert into country(id, name) values (27, 'Болгария');
insert into country(id, name) values (28, 'Боливия');
insert into country(id, name) values (29, 'Босния/Герцеговина');
insert into country(id, name) values (30, 'Ботсвана');
insert into country(id, name) values (31, 'Бразилия');
insert into country(id, name) values (32, 'Британские Виргинские о-ва');
insert into country(id, name) values (33, 'Бруней');
insert into country(id, name) values (34, 'Буркина Фасо');
insert into country(id, name) values (35, 'Бурунди');
insert into country(id, name) values (36, 'Бутан');
insert into country(id, name) values (37, 'Валлис и Футуна о-ва');
insert into country(id, name) values (38, 'Вануату');
insert into country(id, name) values (39, 'Великобритания');
insert into country(id, name) values (40, 'Венгрия');
insert into country(id, name) values (41, 'Венесуэла');
insert into country(id, name) values (42, 'Восточный Тимор');
insert into country(id, name) values (43, 'Вьетнам');
insert into country(id, name) values (44, 'Габон');
insert into country(id, name) values (45, 'Гаити');
insert into country(id, name) values (46, 'Гайана');
insert into country(id, name) values (47, 'Гамбия');
insert into country(id, name) values (48, 'Гана');
insert into country(id, name) values (49, 'Гваделупа');
insert into country(id, name) values (50, 'Гватемала');
insert into country(id, name) values (51, 'Гвинея');
insert into country(id, name) values (52, 'Гвинея-Бисау');
insert into country(id, name) values (53, 'Германия');
insert into country(id, name) values (54, 'Гернси о-в');
insert into country(id, name) values (55, 'Гибралтар');
insert into country(id, name) values (56, 'Гондурас');
insert into country(id, name) values (57, 'Гонконг');
insert into country(id, name) values (58, 'Гренада');
insert into country(id, name) values (59, 'Гренландия');
insert into country(id, name) values (60, 'Греция');
insert into country(id, name) values (61, 'Грузия');
insert into country(id, name) values (62, 'Дания');
insert into country(id, name) values (63, 'Джерси о-в');
insert into country(id, name) values (64, 'Джибути');
insert into country(id, name) values (65, 'Доминиканская республика');
insert into country(id, name) values (66, 'Египет');
insert into country(id, name) values (67, 'Замбия');
insert into country(id, name) values (68, 'Западная Сахара');
insert into country(id, name) values (69, 'Зимбабве');
insert into country(id, name) values (70, 'Израиль');
insert into country(id, name) values (71, 'Индия');
insert into country(id, name) values (72, 'Индонезия');
insert into country(id, name) values (73, 'Иордания');
insert into country(id, name) values (74, 'Ирак');
insert into country(id, name) values (75, 'Иран');
insert into country(id, name) values (76, 'Ирландия');
insert into country(id, name) values (77, 'Исландия');
insert into country(id, name) values (78, 'Испания');
insert into country(id, name) values (79, 'Италия');
insert into country(id, name) values (80, 'Йемен');
insert into country(id, name) values (81, 'Кабо-Верде');
insert into country(id, name) values (82, 'Казахстан');
insert into country(id, name) values (83, 'Камбоджа');
insert into country(id, name) values (84, 'Камерун');
insert into country(id, name) values (85, 'Канада');
insert into country(id, name) values (86, 'Катар');
insert into country(id, name) values (87, 'Кения');
insert into country(id, name) values (88, 'Кипр');
insert into country(id, name) values (89, 'Кирибати');
insert into country(id, name) values (90, 'Китай');
insert into country(id, name) values (91, 'Колумбия');
insert into country(id, name) values (92, 'Коморские о-ва');
insert into country(id, name) values (93, 'Конго (Brazzaville)');
insert into country(id, name) values (94, 'Конго (Kinshasa)');
insert into country(id, name) values (95, 'Коста-Рика');
insert into country(id, name) values (96, 'Кот-дИвуар');
insert into country(id, name) values (97, 'Куба');
insert into country(id, name) values (98, 'Кувейт');
insert into country(id, name) values (99, 'Кука о-ва');
insert into country(id, name) values (100, 'Кыргызстан');
insert into country(id, name) values (101, 'Лаос');
insert into country(id, name) values (102, 'Латвия');
insert into country(id, name) values (103, 'Лесото');
insert into country(id, name) values (104, 'Либерия');
insert into country(id, name) values (105, 'Ливан');
insert into country(id, name) values (106, 'Ливия');
insert into country(id, name) values (107, 'Литва');
insert into country(id, name) values (108, 'Лихтенштейн');
insert into country(id, name) values (109, 'Люксембург');
insert into country(id, name) values (110, 'Маврикий');
insert into country(id, name) values (111, 'Мавритания');
insert into country(id, name) values (112, 'Мадагаскар');
insert into country(id, name) values (113, 'Македония');
insert into country(id, name) values (114, 'Малави');
insert into country(id, name) values (115, 'Малайзия');
insert into country(id, name) values (116, 'Мали');
insert into country(id, name) values (117, 'Мальдивские о-ва');
insert into country(id, name) values (118, 'Мальта');
insert into country(id, name) values (119, 'Мартиника о-в');
insert into country(id, name) values (120, 'Мексика');
insert into country(id, name) values (121, 'Мозамбик');
insert into country(id, name) values (122, 'Молдова');
insert into country(id, name) values (123, 'Монако');
insert into country(id, name) values (124, 'Монголия');
insert into country(id, name) values (125, 'Марокко');
insert into country(id, name) values (126, 'Мьянма (Бирма)');
insert into country(id, name) values (127, 'Мэн о-в');
insert into country(id, name) values (128, 'Намибия');
insert into country(id, name) values (129, 'Науру');
insert into country(id, name) values (130, 'Непал');
insert into country(id, name) values (131, 'Нигер');
insert into country(id, name) values (132, 'Нигерия');
insert into country(id, name) values (133, 'Нидерланды (Голландия)');
insert into country(id, name) values (134, 'Никарагуа');
insert into country(id, name) values (135, 'Новая Зеландия');
insert into country(id, name) values (136, 'Новая Каледония о-в');
insert into country(id, name) values (137, 'Норвегия');
insert into country(id, name) values (138, 'Норфолк о-в');
insert into country(id, name) values (139, 'О.А.Э.');
insert into country(id, name) values (140, 'Оман');
insert into country(id, name) values (141, 'Пакистан');
insert into country(id, name) values (142, 'Панама');
insert into country(id, name) values (143, 'Папуа Новая Гвинея');
insert into country(id, name) values (144, 'Парагвай');
insert into country(id, name) values (145, 'Перу');
insert into country(id, name) values (146, 'Питкэрн о-в');
insert into country(id, name) values (147, 'Польша');
insert into country(id, name) values (148, 'Португалия');
insert into country(id, name) values (149, 'Пуэрто Рико');
insert into country(id, name) values (150, 'Реюньон');
insert into country(id, name) values (151, 'Руанда');
insert into country(id, name) values (152, 'Румыния');
insert into country(id, name) values (153, 'США');
insert into country(id, name) values (154, 'Сальвадор');
insert into country(id, name) values (155, 'Самоа');
insert into country(id, name) values (156, 'Сан-Марино');
insert into country(id, name) values (157, 'Сан-Томе и Принсипи');
insert into country(id, name) values (158, 'Саудовская Аравия');
insert into country(id, name) values (159, 'Свазиленд');
insert into country(id, name) values (160, 'Святая Люсия');
insert into country(id, name) values (161, 'Святой Елены о-в');
insert into country(id, name) values (162, 'Северная Корея');
insert into country(id, name) values (163, 'Сейшеллы');
insert into country(id, name) values (164, 'Сен-Пьер и Микелон');
insert into country(id, name) values (165, 'Сенегал');
insert into country(id, name) values (166, 'Сент Китс и Невис');
insert into country(id, name) values (167, 'Сент-Винсент и Гренадины');
insert into country(id, name) values (168, 'Сербия');
insert into country(id, name) values (169, 'Сингапур');
insert into country(id, name) values (170, 'Сирия');
insert into country(id, name) values (171, 'Словакия');
insert into country(id, name) values (172, 'Словения');
insert into country(id, name) values (173, 'Соломоновы о-ва');
insert into country(id, name) values (174, 'Сомали');
insert into country(id, name) values (175, 'Судан');
insert into country(id, name) values (176, 'Суринам');
insert into country(id, name) values (177, 'Сьерра-Леоне');
insert into country(id, name) values (178, 'Таджикистан');
insert into country(id, name) values (179, 'Тайвань');
insert into country(id, name) values (180, 'Таиланд');
insert into country(id, name) values (181, 'Танзания');
insert into country(id, name) values (182, 'Того');
insert into country(id, name) values (183, 'Токелау о-ва');
insert into country(id, name) values (184, 'Тонга');
insert into country(id, name) values (185, 'Тринидад и Тобаго');
insert into country(id, name) values (186, 'Тувалу');
insert into country(id, name) values (187, 'Тунис');
insert into country(id, name) values (188, 'Туркменистан');
insert into country(id, name) values (189, 'Туркс и Кейкос');
insert into country(id, name) values (190, 'Турция');
insert into country(id, name) values (191, 'Уганда');
insert into country(id, name) values (192, 'Узбекистан');
insert into country(id, name) values (193, 'Уругвай');
insert into country(id, name) values (194, 'Фарерские о-ва');
insert into country(id, name) values (195, 'Фиджи');
insert into country(id, name) values (196, 'Филиппины');
insert into country(id, name) values (197, 'Финляндия');
insert into country(id, name) values (198, 'Франция');
insert into country(id, name) values (199, 'Французская Гвинея');
insert into country(id, name) values (200, 'Французская Полинезия');
insert into country(id, name) values (201, 'Хорватия');
insert into country(id, name) values (202, 'Чад');
insert into country(id, name) values (203, 'Черногория');
insert into country(id, name) values (204, 'Чехия');
insert into country(id, name) values (205, 'Чили');
insert into country(id, name) values (206, 'Швейцария');
insert into country(id, name) values (207, 'Швеция');
insert into country(id, name) values (208, 'Шри-Ланка');
insert into country(id, name) values (209, 'Эквадор');
insert into country(id, name) values (210, 'Экваториальная Гвинея');
insert into country(id, name) values (211, 'Эритрея');
insert into country(id, name) values (212, 'Эстония');
insert into country(id, name) values (213, 'Эфиопия');
insert into country(id, name) values (214, 'ЮАР');
insert into country(id, name) values (215, 'Южная Корея');
insert into country(id, name) values (216, 'Южная Осетия');
insert into country(id, name) values (217, 'Ямайка');
insert into country(id, name) values (218, 'Япония');
insert into region(id, country_id, name) values (1, 1, 'Москва и Московская обл.');
insert into region(id, country_id, name) values (2, 1, 'Санкт-Петербург и область');
insert into region(id, country_id, name) values (3, 1, 'Адыгея');
insert into region(id, country_id, name) values (4, 1, 'Алтайский край');
insert into region(id, country_id, name) values (5, 1, 'Амурская обл.');
insert into region(id, country_id, name) values (6, 1, 'Архангельская обл.');
insert into region(id, country_id, name) values (7, 1, 'Астраханская обл.');
insert into region(id, country_id, name) values (8, 1, 'Башкортостан(Башкирия)');
insert into region(id, country_id, name) values (9, 1, 'Белгородская обл.');
insert into region(id, country_id, name) values (10, 1, 'Брянская обл.');
insert into region(id, country_id, name) values (11, 1, 'Бурятия');
insert into region(id, country_id, name) values (12, 1, 'Владимирская обл.');
insert into region(id, country_id, name) values (13, 1, 'Волгоградская обл.');
insert into region(id, country_id, name) values (14, 1, 'Вологодская обл.');
insert into region(id, country_id, name) values (15, 1, 'Воронежская обл.');
insert into region(id, country_id, name) values (16, 1, 'Дагестан');
insert into region(id, country_id, name) values (17, 1, 'Еврейская обл.');
insert into region(id, country_id, name) values (18, 1, 'Ивановская обл.');
insert into region(id, country_id, name) values (19, 1, 'Иркутская обл.');
insert into region(id, country_id, name) values (20, 1, 'Кабардино-Балкария');
insert into region(id, country_id, name) values (21, 1, 'Калининградская обл.');
insert into region(id, country_id, name) values (22, 1, 'Калмыкия');
insert into region(id, country_id, name) values (23, 1, 'Калужская обл.');
insert into region(id, country_id, name) values (24, 1, 'Камчатская обл.');
insert into region(id, country_id, name) values (25, 1, 'Карелия');
insert into region(id, country_id, name) values (26, 1, 'Кемеровская обл.');
insert into region(id, country_id, name) values (27, 1, 'Кировская обл.');
insert into region(id, country_id, name) values (28, 1, 'Коми');
insert into region(id, country_id, name) values (29, 1, 'Костромская обл.');
insert into region(id, country_id, name) values (30, 1, 'Краснодарский край');
insert into region(id, country_id, name) values (31, 1, 'Красноярский край');
insert into region(id, country_id, name) values (32, 1, 'Курганская обл.');
insert into region(id, country_id, name) values (33, 1, 'Курская обл.');
insert into region(id, country_id, name) values (34, 1, 'Липецкая обл.');
insert into region(id, country_id, name) values (35, 1, 'Магаданская обл.');
insert into region(id, country_id, name) values (36, 1, 'Марий Эл');
insert into region(id, country_id, name) values (37, 1, 'Мордовия');
insert into region(id, country_id, name) values (38, 1, 'Мурманская обл.');
insert into region(id, country_id, name) values (39, 1, 'Нижегородская (Горьковская)');
insert into region(id, country_id, name) values (40, 1, 'Новгородская обл.');
insert into region(id, country_id, name) values (41, 1, 'Новосибирская обл.');
insert into region(id, country_id, name) values (42, 1, 'Омская обл.');
insert into region(id, country_id, name) values (43, 1, 'Оренбургская обл.');
insert into region(id, country_id, name) values (44, 1, 'Орловская обл.');
insert into region(id, country_id, name) values (45, 1, 'Пензенская обл.');
insert into region(id, country_id, name) values (46, 1, 'Пермский край');
insert into region(id, country_id, name) values (47, 1, 'Приморский край');
insert into region(id, country_id, name) values (48, 1, 'Псковская обл.');
insert into region(id, country_id, name) values (49, 1, 'Ростовская обл.');
insert into region(id, country_id, name) values (50, 1, 'Рязанская обл.');
insert into region(id, country_id, name) values (51, 1, 'Самарская обл.');
insert into region(id, country_id, name) values (52, 1, 'Саратовская обл.');
insert into region(id, country_id, name) values (53, 1, 'Саха (Якутия)');
insert into region(id, country_id, name) values (54, 1, 'Сахалин');
insert into region(id, country_id, name) values (55, 1, 'Свердловская обл.');
insert into region(id, country_id, name) values (56, 1, 'Северная Осетия');
insert into region(id, country_id, name) values (57, 1, 'Смоленская обл.');
insert into region(id, country_id, name) values (58, 1, 'Ставропольский край');
insert into region(id, country_id, name) values (59, 1, 'Тамбовская обл.');
insert into region(id, country_id, name) values (60, 1, 'Татарстан');
insert into region(id, country_id, name) values (61, 1, 'Тверская обл.');
insert into region(id, country_id, name) values (62, 1, 'Томская обл.');
insert into region(id, country_id, name) values (63, 1, 'Тува (Тувинская Респ.)');
insert into region(id, country_id, name) values (64, 1, 'Тульская обл.');
insert into region(id, country_id, name) values (65, 1, 'Тюменская обл. и Ханты-Мансийский АО');
insert into region(id, country_id, name) values (66, 1, 'Удмуртия');
insert into region(id, country_id, name) values (67, 1, 'Ульяновская обл.');
insert into region(id, country_id, name) values (68, 1, 'Уральская обл.');
insert into region(id, country_id, name) values (69, 1, 'Хабаровский край');
insert into region(id, country_id, name) values (70, 1, 'Хакасия');
insert into region(id, country_id, name) values (71, 1, 'Челябинская обл.');
insert into region(id, country_id, name) values (72, 1, 'Чечено-Ингушетия');
insert into region(id, country_id, name) values (73, 1, 'Читинская обл.');
insert into region(id, country_id, name) values (74, 1, 'Чувашия');
insert into region(id, country_id, name) values (75, 1, 'Чукотский АО');
insert into region(id, country_id, name) values (76, 1, 'Ямало-Ненецкий АО');
insert into region(id, country_id, name) values (77, 1, 'Ярославская обл.');
insert into region(id, country_id, name) values (78, 1, 'Карачаево-Черкесская Республика');
insert into city(region_id, name) values (1, 'Москва');
insert into city(region_id, name) values (1, 'Абрамцево');
insert into city(region_id, name) values (1, 'Алабино');
insert into city(region_id, name) values (1, 'Апрелевка');
insert into city(region_id, name) values (1, 'Архангельское');
insert into city(region_id, name) values (1, 'Ашитково');
insert into city(region_id, name) values (1, 'Байконур');
insert into city(region_id, name) values (1, 'Бакшеево');
insert into city(region_id, name) values (1, 'Балашиха');
insert into city(region_id, name) values (1, 'Барыбино');
insert into city(region_id, name) values (1, 'Белозёрский');
insert into city(region_id, name) values (1, 'Белоомут');
insert into city(region_id, name) values (1, 'Белые Столбы');
insert into city(region_id, name) values (1, 'Бородино (Московская обл.)');
insert into city(region_id, name) values (1, 'Бронницы');
insert into city(region_id, name) values (1, 'Быково (Московская обл.)');
insert into city(region_id, name) values (1, 'Валуево');
insert into city(region_id, name) values (1, 'Вербилки');
insert into city(region_id, name) values (1, 'Верея');
insert into city(region_id, name) values (1, 'Видное');
insert into city(region_id, name) values (1, 'Внуково');
insert into city(region_id, name) values (1, 'Вождь Пролетариата');
insert into city(region_id, name) values (1, 'Волоколамск');
insert into city(region_id, name) values (1, 'Вороново');
insert into city(region_id, name) values (1, 'Воскресенск');
insert into city(region_id, name) values (1, 'Восточный');
insert into city(region_id, name) values (1, 'Востряково');
insert into city(region_id, name) values (1, 'Высоковск');
insert into city(region_id, name) values (1, 'Голицыно (Московская обл.)');
insert into city(region_id, name) values (1, 'Деденево');
insert into city(region_id, name) values (1, 'Дедовск');
insert into city(region_id, name) values (1, 'Дзержинский');
insert into city(region_id, name) values (1, 'Дмитров');
insert into city(region_id, name) values (1, 'Долгопрудный');
insert into city(region_id, name) values (1, 'Домодедово');
insert into city(region_id, name) values (1, 'Дорохово');
insert into city(region_id, name) values (1, 'Дрезна');
insert into city(region_id, name) values (1, 'Дубки');
insert into city(region_id, name) values (1, 'Дубна');
insert into city(region_id, name) values (1, 'Егорьевск');
insert into city(region_id, name) values (1, 'Железнодорожный (Московск.)');
insert into city(region_id, name) values (1, 'Жилево');
insert into city(region_id, name) values (1, 'Жуковка');
insert into city(region_id, name) values (1, 'Жуковский');
insert into city(region_id, name) values (1, 'Загорск');
insert into city(region_id, name) values (1, 'Загорянский');
insert into city(region_id, name) values (1, 'Запрудная');
insert into city(region_id, name) values (1, 'Зарайск');
insert into city(region_id, name) values (1, 'Звенигород');
insert into city(region_id, name) values (1, 'Зеленоград');
insert into city(region_id, name) values (1, 'Ивантеевка (Московская обл.)');
insert into city(region_id, name) values (1, 'Икша');
insert into city(region_id, name) values (1, 'Ильинский (Московская обл.)');
insert into city(region_id, name) values (1, 'Истра');
insert into city(region_id, name) values (1, 'Калининец');
insert into city(region_id, name) values (1, 'Кашира');
insert into city(region_id, name) values (1, 'Керва');
insert into city(region_id, name) values (1, 'Климовск');
insert into city(region_id, name) values (1, 'Клин');
insert into city(region_id, name) values (1, 'Клязьма');
insert into city(region_id, name) values (1, 'Кожино');
insert into city(region_id, name) values (1, 'Кокошкино');
insert into city(region_id, name) values (1, 'Коломна');
insert into city(region_id, name) values (1, 'Колюбакино');
insert into city(region_id, name) values (1, 'Королев');
insert into city(region_id, name) values (1, 'Косино');
insert into city(region_id, name) values (1, 'Котельники');
insert into city(region_id, name) values (1, 'Красково');
insert into city(region_id, name) values (1, 'Красноармейск (Московская обл.)');
insert into city(region_id, name) values (1, 'Красногорск');
insert into city(region_id, name) values (1, 'Краснозаводск');
insert into city(region_id, name) values (1, 'Краснознаменск (Московская обл.)');
insert into city(region_id, name) values (1, 'Красный Ткач');
insert into city(region_id, name) values (1, 'Крюково');
insert into city(region_id, name) values (1, 'Кубинка');
insert into city(region_id, name) values (1, 'Купавна');
insert into city(region_id, name) values (1, 'Куровское');
insert into city(region_id, name) values (1, 'Лесной Городок');
insert into city(region_id, name) values (1, 'Ликино-Дулево');
insert into city(region_id, name) values (1, 'Лобня');
insert into city(region_id, name) values (1, 'Лопатинский');
insert into city(region_id, name) values (1, 'Лосино-Петровский');
insert into city(region_id, name) values (1, 'Лотошино');
insert into city(region_id, name) values (1, 'Лукино');
insert into city(region_id, name) values (1, 'Луховицы');
insert into city(region_id, name) values (1, 'Лыткарино');
insert into city(region_id, name) values (1, 'Львовский');
insert into city(region_id, name) values (1, 'Люберцы');
insert into city(region_id, name) values (1, 'Малаховка');
insert into city(region_id, name) values (1, 'Михайловское');
insert into city(region_id, name) values (1, 'Михнево');
insert into city(region_id, name) values (1, 'Можайск');
insert into city(region_id, name) values (1, 'Монино');
insert into city(region_id, name) values (1, 'Московский');
insert into city(region_id, name) values (1, 'Муханово');
insert into city(region_id, name) values (1, 'Мытищи');
insert into city(region_id, name) values (1, 'Нарофоминск');
insert into city(region_id, name) values (1, 'Нахабино');
insert into city(region_id, name) values (1, 'Некрасовка');
insert into city(region_id, name) values (1, 'Немчиновка');
insert into city(region_id, name) values (1, 'Новобратцевский');
insert into city(region_id, name) values (1, 'Новоподрезково');
insert into city(region_id, name) values (1, 'Ногинск');
insert into city(region_id, name) values (1, 'Обухово');
insert into city(region_id, name) values (1, 'Одинцово');
insert into city(region_id, name) values (1, 'Ожерелье');
insert into city(region_id, name) values (1, 'Озеры');
insert into city(region_id, name) values (1, 'Октябрьский (Московская обл.)');
insert into city(region_id, name) values (1, 'Опалиха');
insert into city(region_id, name) values (1, 'Орехово-Зуево');
insert into city(region_id, name) values (1, 'Павловский Посад');
insert into city(region_id, name) values (1, 'Первомайский (Московская обл.)');
insert into city(region_id, name) values (1, 'Пески (Московская обл.)');
insert into city(region_id, name) values (1, 'Пироговский');
insert into city(region_id, name) values (1, 'Подольск');
insert into city(region_id, name) values (1, 'Полушкино');
insert into city(region_id, name) values (1, 'Правдинский');
insert into city(region_id, name) values (1, 'Привокзальный');
insert into city(region_id, name) values (1, 'Пролетарский');
insert into city(region_id, name) values (1, 'Протвино (Московская обл.)');
insert into city(region_id, name) values (1, 'Пушкино');
insert into city(region_id, name) values (1, 'Пущино');
insert into city(region_id, name) values (1, 'Раменское');
insert into city(region_id, name) values (1, 'Реутов');
insert into city(region_id, name) values (1, 'Решетниково');
insert into city(region_id, name) values (1, 'Родники (Московская обл.)');
insert into city(region_id, name) values (1, 'Рошаль');
insert into city(region_id, name) values (1, 'Рублево');
insert into city(region_id, name) values (1, 'Руза');
insert into city(region_id, name) values (1, 'Салтыковка');
insert into city(region_id, name) values (1, 'Северный');
insert into city(region_id, name) values (1, 'Сергиев Посад');
insert into city(region_id, name) values (1, 'Серебряные Пруды');
insert into city(region_id, name) values (1, 'Серпухов');
insert into city(region_id, name) values (1, 'Солнечногорск');
insert into city(region_id, name) values (1, 'Солнцево');
insert into city(region_id, name) values (1, 'Софрино');
insert into city(region_id, name) values (1, 'Старая Купавна');
insert into city(region_id, name) values (1, 'Старбеево');
insert into city(region_id, name) values (1, 'Ступино');
insert into city(region_id, name) values (1, 'Сходня');
insert into city(region_id, name) values (1, 'Талдом');
insert into city(region_id, name) values (1, 'Текстильщик');
insert into city(region_id, name) values (1, 'Темпы');
insert into city(region_id, name) values (1, 'Томилино');
insert into city(region_id, name) values (1, 'Троицк');
insert into city(region_id, name) values (1, 'Туголесский Бор');
insert into city(region_id, name) values (1, 'Тучково');
insert into city(region_id, name) values (1, 'Уваровка');
insert into city(region_id, name) values (1, 'Удельная');
insert into city(region_id, name) values (1, 'Успенское');
insert into city(region_id, name) values (1, 'Фирсановка');
insert into city(region_id, name) values (1, 'Фрязино');
insert into city(region_id, name) values (1, 'Фряново');
insert into city(region_id, name) values (1, 'Химки');
insert into city(region_id, name) values (1, 'Хотьково');
insert into city(region_id, name) values (1, 'Черкизово');
insert into city(region_id, name) values (1, 'Черноголовка');
insert into city(region_id, name) values (1, 'Черусти');
insert into city(region_id, name) values (1, 'Чехов');
insert into city(region_id, name) values (1, 'Шарапово');
insert into city(region_id, name) values (1, 'Шатура');
insert into city(region_id, name) values (1, 'Шатурторф');
insert into city(region_id, name) values (1, 'Шаховская');
insert into city(region_id, name) values (1, 'Шереметьевский');
insert into city(region_id, name) values (1, 'Щелково');
insert into city(region_id, name) values (1, 'Щербинка');
insert into city(region_id, name) values (1, 'Электрогорск');
insert into city(region_id, name) values (1, 'Электросталь');
insert into city(region_id, name) values (1, 'Электроугли');
insert into city(region_id, name) values (1, 'Юбилейный (Московская обл.)');
insert into city(region_id, name) values (1, 'Яхрома');
insert into region(id, country_id, name) values (79, 2, 'Винницкая обл.');
insert into region(id, country_id, name) values (80, 2, 'Волынская обл.');
insert into region(id, country_id, name) values (81, 2, 'Днепропетровская обл.');
insert into region(id, country_id, name) values (82, 2, 'Донецкая обл.');
insert into region(id, country_id, name) values (83, 2, 'Житомирская обл.');
insert into region(id, country_id, name) values (84, 2, 'Закарпатская обл.');
insert into region(id, country_id, name) values (85, 2, 'Запорожская обл.');
insert into region(id, country_id, name) values (86, 2, 'Ивано-Франковская обл.');
insert into region(id, country_id, name) values (87, 2, 'Киевская обл.');
insert into region(id, country_id, name) values (88, 2, 'Кировоградская обл.');
insert into region(id, country_id, name) values (89, 1, 'Крым АР.');
insert into region(id, country_id, name) values (90, 2, 'Луганская обл.');
insert into region(id, country_id, name) values (91, 2, 'Львовская обл.');
insert into region(id, country_id, name) values (92, 2, 'Николаевская обл.');
insert into region(id, country_id, name) values (93, 2, 'Одесская обл.');
insert into region(id, country_id, name) values (94, 2, 'Полтавская обл.');
insert into region(id, country_id, name) values (95, 2, 'Ровенская обл.');
insert into region(id, country_id, name) values (96, 2, 'Сумская обл.');
insert into region(id, country_id, name) values (97, 2, 'Тернопольская обл.');
insert into region(id, country_id, name) values (98, 2, 'Украина');
insert into region(id, country_id, name) values (99, 2, 'Харьковская обл.');
insert into region(id, country_id, name) values (100, 2, 'Херсонская обл.');
insert into region(id, country_id, name) values (101, 2, 'Хмельницкая обл.');
insert into region(id, country_id, name) values (102, 2, 'Черкасская обл.');
insert into region(id, country_id, name) values (103, 2, 'Черниговская обл.');
insert into region(id, country_id, name) values (104, 2, 'Черновицкая обл.');
insert into city(region_id, name) values (2, 'Санкт-Петербург');
insert into city(region_id, name) values (2, 'Александровская');
insert into city(region_id, name) values (2, 'Бокситогорск');
insert into city(region_id, name) values (2, 'Большая Ижора');
insert into city(region_id, name) values (2, 'Будогощь');
insert into city(region_id, name) values (2, 'Вознесенье');
insert into city(region_id, name) values (2, 'Волосово');
insert into city(region_id, name) values (2, 'Волхов');
insert into city(region_id, name) values (2, 'Всеволожск');
insert into city(region_id, name) values (2, 'Выборг');
insert into city(region_id, name) values (2, 'Вырица');
insert into city(region_id, name) values (2, 'Высоцк');
insert into city(region_id, name) values (2, 'Гатчина');
insert into city(region_id, name) values (2, 'Дружная Горка');
insert into city(region_id, name) values (2, 'Дубровка');
insert into city(region_id, name) values (2, 'Ефимовский');
insert into city(region_id, name) values (2, 'Зеленогорск (Ленинградская обл.)');
insert into city(region_id, name) values (2, 'Ивангород');
insert into city(region_id, name) values (2, 'Каменногорск');
insert into city(region_id, name) values (2, 'Кикерино');
insert into city(region_id, name) values (2, 'Кингисепп');
insert into city(region_id, name) values (2, 'Кириши');
insert into city(region_id, name) values (2, 'Кировск');
insert into city(region_id, name) values (2, 'Кобринское');
insert into city(region_id, name) values (2, 'Колпино');
insert into city(region_id, name) values (2, 'Коммунар');
insert into city(region_id, name) values (2, 'Коммунар');
insert into city(region_id, name) values (2, 'Кронштадт');
insert into city(region_id, name) values (2, 'Лисий Нос');
insert into city(region_id, name) values (2, 'Лодейное Поле');
insert into city(region_id, name) values (2, 'Ломоносов');
insert into city(region_id, name) values (2, 'Луга');
insert into city(region_id, name) values (2, 'Павловск (Ленинградская обл.)');
insert into city(region_id, name) values (2, 'Парголово');
insert into city(region_id, name) values (2, 'Петродворец');
insert into city(region_id, name) values (2, 'Пикалёво');
insert into city(region_id, name) values (2, 'Подпорожье');
insert into city(region_id, name) values (2, 'Приозерск');
insert into city(region_id, name) values (2, 'Пушкин');
insert into city(region_id, name) values (2, 'Светогорск');
insert into city(region_id, name) values (2, 'Сертолово');
insert into city(region_id, name) values (2, 'Сестрорецк');
insert into city(region_id, name) values (2, 'Сланцы');
insert into city(region_id, name) values (2, 'Сосновый Бор');
insert into city(region_id, name) values (2, 'Тихвин');
insert into city(region_id, name) values (2, 'Тосно');
insert into city(region_id, name) values (2, 'Шлиссельбург');
insert into city(region_id, name) values (79, 'Бар');
insert into city(region_id, name) values (79, 'Бершадь');
insert into city(region_id, name) values (79, 'Браилов');
insert into city(region_id, name) values (79, 'Брацлав');
insert into city(region_id, name) values (79, 'Вапнярка');
insert into city(region_id, name) values (79, 'Вендичаны');
insert into city(region_id, name) values (79, 'Винница');
insert into city(region_id, name) values (79, 'Вороновица');
insert into city(region_id, name) values (79, 'Гайсин');
insert into city(region_id, name) values (79, 'Гнивань');
insert into city(region_id, name) values (79, 'Дашев');
insert into city(region_id, name) values (79, 'Жмеринка');
insert into city(region_id, name) values (79, 'Ильинцы');
insert into city(region_id, name) values (79, 'Казатин');
insert into city(region_id, name) values (79, 'Калиновка');
insert into city(region_id, name) values (79, 'Крыжополь');
insert into city(region_id, name) values (79, 'Ладыжин');
insert into city(region_id, name) values (79, 'Липовец');
insert into city(region_id, name) values (79, 'Литин');
insert into city(region_id, name) values (79, 'Могилев-Подольский');
insert into city(region_id, name) values (79, 'Мурованные Куриловцы');
insert into city(region_id, name) values (79, 'Немиров');
insert into city(region_id, name) values (79, 'Оратов');
insert into city(region_id, name) values (79, 'Песчанка');
insert into city(region_id, name) values (79, 'Погребище');
insert into city(region_id, name) values (79, 'Теплик');
insert into city(region_id, name) values (79, 'Томашполь');
insert into city(region_id, name) values (79, 'Тростянец');
insert into city(region_id, name) values (79, 'Тульчин');
insert into city(region_id, name) values (79, 'Тывров');
insert into city(region_id, name) values (79, 'Хмельник');
insert into city(region_id, name) values (79, 'Чечельник');
insert into city(region_id, name) values (79, 'Шаргород');
insert into city(region_id, name) values (79, 'Ямполь');
insert into region(id, country_id, name) values (105, 3, 'Абхазия');
insert into city(region_id, name) values (3, 'Адыгейск');
insert into city(region_id, name) values (3, 'Майкоп (Адыгея)');
insert into city(region_id, name) values (80, 'Берестечко');
insert into city(region_id, name) values (80, 'Владимир-Волынский');
insert into city(region_id, name) values (80, 'Голобы');
insert into city(region_id, name) values (80, 'Головно');
insert into city(region_id, name) values (80, 'Горохов');
insert into city(region_id, name) values (80, 'Заболотье');
insert into city(region_id, name) values (80, 'Иваничи');
insert into city(region_id, name) values (80, 'Камень-Каширский');
insert into city(region_id, name) values (80, 'Киверцы');
insert into city(region_id, name) values (80, 'Ковель');
insert into city(region_id, name) values (80, 'Локачи');
insert into city(region_id, name) values (80, 'Луцк');
insert into city(region_id, name) values (80, 'Любешов');
insert into city(region_id, name) values (80, 'Любомль');
insert into city(region_id, name) values (80, 'Маневичи');
insert into city(region_id, name) values (80, 'Нововолынск');
insert into city(region_id, name) values (80, 'Ратно');
insert into city(region_id, name) values (80, 'Рожище');
insert into city(region_id, name) values (80, 'Старая Выжевка');
insert into city(region_id, name) values (80, 'Турийск');
insert into city(region_id, name) values (105, 'Авадхара');
insert into city(region_id, name) values (105, 'Гагра');
insert into city(region_id, name) values (105, 'Гали');
insert into city(region_id, name) values (105, 'Гудаута');
insert into city(region_id, name) values (105, 'Гульрипш');
insert into city(region_id, name) values (105, 'Новый Афон');
insert into city(region_id, name) values (105, 'Очамчир');
insert into city(region_id, name) values (105, 'Пицунда');
insert into city(region_id, name) values (105, 'Сухуми');
insert into city(region_id, name) values (105, 'Ткварчели');
insert into region(id, country_id, name) values (106, 4, 'Australian Capital Territory');
insert into region(id, country_id, name) values (107, 4, 'New South Wales');
insert into region(id, country_id, name) values (108, 4, 'None');
insert into region(id, country_id, name) values (109, 4, 'Northern Territory');
insert into region(id, country_id, name) values (110, 4, 'Queensland');
insert into region(id, country_id, name) values (111, 4, 'South Australia');
insert into region(id, country_id, name) values (112, 4, 'Tasmania');
insert into region(id, country_id, name) values (113, 4, 'Victoria');
insert into region(id, country_id, name) values (114, 4, 'Western Australia');
insert into city(region_id, name) values (4, 'Акташ');
insert into city(region_id, name) values (4, 'Акутиха');
insert into city(region_id, name) values (4, 'Алейск');
insert into city(region_id, name) values (4, 'Алтайский');
insert into city(region_id, name) values (4, 'Баево');
insert into city(region_id, name) values (4, 'Барнаул');
insert into city(region_id, name) values (4, 'Белово (Алтайский край)');
insert into city(region_id, name) values (4, 'Белокуриха');
insert into city(region_id, name) values (4, 'Белоярск');
insert into city(region_id, name) values (4, 'Бийск');
insert into city(region_id, name) values (4, 'Благовещенск');
insert into city(region_id, name) values (4, 'Боровлянка');
insert into city(region_id, name) values (4, 'Бурла');
insert into city(region_id, name) values (4, 'Бурсоль');
insert into city(region_id, name) values (4, 'Быстрый Исток');
insert into city(region_id, name) values (4, 'Волчиха');
insert into city(region_id, name) values (4, 'Горно-Алтайск');
insert into city(region_id, name) values (4, 'Горняк');
insert into city(region_id, name) values (4, 'Ельцовка');
insert into city(region_id, name) values (4, 'Залесово');
insert into city(region_id, name) values (4, 'Заринск');
insert into city(region_id, name) values (4, 'Заток');
insert into city(region_id, name) values (4, 'Змеиногорск');
insert into city(region_id, name) values (4, 'Камень-на-Оби');
insert into city(region_id, name) values (4, 'Ключи (Алтайский край)');
insert into city(region_id, name) values (4, 'Кош-Агач');
insert into city(region_id, name) values (4, 'Красногорское (Алтайский край)');
insert into city(region_id, name) values (4, 'Краснощеково');
insert into city(region_id, name) values (4, 'Кулунда');
insert into city(region_id, name) values (4, 'Кытманово');
insert into city(region_id, name) values (4, 'Мамонтово');
insert into city(region_id, name) values (4, 'Новичиха');
insert into city(region_id, name) values (4, 'Новоалтайск');
insert into city(region_id, name) values (4, 'Онгудай');
insert into city(region_id, name) values (4, 'Павловск (Алтайский край)');
insert into city(region_id, name) values (4, 'Петропавловское');
insert into city(region_id, name) values (4, 'Поспелиха');
insert into city(region_id, name) values (4, 'Ребриха');
insert into city(region_id, name) values (4, 'Родино');
insert into city(region_id, name) values (4, 'Рубцовск');
insert into city(region_id, name) values (4, 'Славгород');
insert into city(region_id, name) values (4, 'Смоленское');
insert into city(region_id, name) values (4, 'Солонешное');
insert into city(region_id, name) values (4, 'Солтон');
insert into city(region_id, name) values (4, 'Староаллейское');
insert into city(region_id, name) values (4, 'Табуны');
insert into city(region_id, name) values (4, 'Тальменка');
insert into city(region_id, name) values (4, 'Тогул');
insert into city(region_id, name) values (4, 'Топчиха');
insert into city(region_id, name) values (4, 'Троицкое (Алтайский край)');
insert into city(region_id, name) values (4, 'Турочак');
insert into city(region_id, name) values (4, 'Тюменцево');
insert into city(region_id, name) values (4, 'Угловское');
insert into city(region_id, name) values (4, 'Усть-Калманка');
insert into city(region_id, name) values (4, 'Усть-Кан');
insert into city(region_id, name) values (4, 'Усть-Кокса');
insert into city(region_id, name) values (4, 'Усть-Улаган');
insert into city(region_id, name) values (4, 'Усть-Чарышская Пристань');
insert into city(region_id, name) values (4, 'Хабары');
insert into city(region_id, name) values (4, 'Целинное');
insert into city(region_id, name) values (4, 'Чарышское');
insert into city(region_id, name) values (4, 'Шебалино');
insert into city(region_id, name) values (4, 'Шелаболиха');
insert into city(region_id, name) values (4, 'Шипуново');
insert into city(region_id, name) values (81, 'Апостолово');
insert into city(region_id, name) values (81, 'Аулы');
insert into city(region_id, name) values (81, 'Брагиновка');
insert into city(region_id, name) values (81, 'Васильковка');
insert into city(region_id, name) values (81, 'Верхнеднепровск');
insert into city(region_id, name) values (81, 'Верховцево');
insert into city(region_id, name) values (81, 'Вольногорск');
insert into city(region_id, name) values (81, 'Гвардейское');
insert into city(region_id, name) values (81, 'Горняцкое');
insert into city(region_id, name) values (81, 'Губиниха');
insert into city(region_id, name) values (81, 'Демурино');
insert into city(region_id, name) values (81, 'Днепродзержинск');
insert into city(region_id, name) values (81, 'Днепропетровск');
insert into city(region_id, name) values (81, 'Желтые Воды');
insert into city(region_id, name) values (81, 'Зализничное');
insert into city(region_id, name) values (81, 'Зеленодольск');
insert into city(region_id, name) values (81, 'Зеленое');
insert into city(region_id, name) values (81, 'Илларионово');
insert into city(region_id, name) values (81, 'Ингулец');
insert into city(region_id, name) values (81, 'Калинино');
insert into city(region_id, name) values (81, 'Карнауховка');
insert into city(region_id, name) values (81, 'Кривой Рог');
insert into city(region_id, name) values (81, 'Кринички');
insert into city(region_id, name) values (81, 'Магдалиновка');
insert into city(region_id, name) values (81, 'Марганец');
insert into city(region_id, name) values (81, 'Межевая');
insert into city(region_id, name) values (81, 'Никополь');
insert into city(region_id, name) values (81, 'Новомосковск');
insert into city(region_id, name) values (81, 'Орджоникидзе');
insert into city(region_id, name) values (81, 'Павлоград');
insert into city(region_id, name) values (81, 'Першотравенск');
insert into city(region_id, name) values (81, 'Петропавловка');
insert into city(region_id, name) values (81, 'Покровское');
insert into city(region_id, name) values (81, 'Пятихатки');
insert into city(region_id, name) values (81, 'Синельниково');
insert into city(region_id, name) values (81, 'Софиевка');
insert into city(region_id, name) values (81, 'Томаковка');
insert into city(region_id, name) values (81, 'Царичанка');
insert into city(region_id, name) values (81, 'Широкое');
insert into city(region_id, name) values (106, 'Belconnen');
insert into city(region_id, name) values (106, 'Canberra');
insert into city(region_id, name) values (106, 'Duntroon');
insert into city(region_id, name) values (106, 'Fyshwick');
insert into city(region_id, name) values (106, 'Gibraltar');
insert into city(region_id, name) values (106, 'Gudgenby');
insert into city(region_id, name) values (106, 'Hall');
insert into city(region_id, name) values (106, 'Harman');
insert into city(region_id, name) values (106, 'Jervis Bay');
insert into city(region_id, name) values (106, 'Majura');
insert into city(region_id, name) values (106, 'Molonglo');
insert into city(region_id, name) values (106, 'Weston Creek');
insert into region(id, country_id, name) values (115, 5, 'Burgenland');
insert into region(id, country_id, name) values (116, 5, 'Krnten');
insert into region(id, country_id, name) values (117, 5, 'Niedersterreich');
insert into region(id, country_id, name) values (118, 5, 'Obersterreich');
insert into region(id, country_id, name) values (119, 5, 'Salzburg');
insert into region(id, country_id, name) values (120, 5, 'Steiermark');
insert into region(id, country_id, name) values (121, 5, 'Tirol');
insert into region(id, country_id, name) values (122, 5, 'Vorarlberg');
insert into region(id, country_id, name) values (123, 5, 'Wien');
insert into city(region_id, name) values (5, 'Айгунь');
insert into city(region_id, name) values (5, 'Архара');
insert into city(region_id, name) values (5, 'Белогорск');
insert into city(region_id, name) values (5, 'Благовещенск (Амурская обл.)');
insert into city(region_id, name) values (5, 'Бурея');
insert into city(region_id, name) values (5, 'Возжаевка');
insert into city(region_id, name) values (5, 'Екатеринославка');
insert into city(region_id, name) values (5, 'Ерофей Павлович');
insert into city(region_id, name) values (5, 'Завитинск');
insert into city(region_id, name) values (5, 'Зея');
insert into city(region_id, name) values (5, 'Златоустовск');
insert into city(region_id, name) values (5, 'Ивановка');
insert into city(region_id, name) values (5, 'Коболдо');
insert into city(region_id, name) values (5, 'Магдагачи');
insert into city(region_id, name) values (5, 'Новобурейский');
insert into city(region_id, name) values (5, 'Поярково');
insert into city(region_id, name) values (5, 'Райчихинск');
insert into city(region_id, name) values (5, 'Ромны');
insert into city(region_id, name) values (5, 'Свободный');
insert into city(region_id, name) values (5, 'Серышево');
insert into city(region_id, name) values (5, 'Сковородино');
insert into city(region_id, name) values (5, 'Стойба');
insert into city(region_id, name) values (5, 'Тамбовка');
insert into city(region_id, name) values (5, 'Тында');
insert into city(region_id, name) values (5, 'Февральск');
insert into city(region_id, name) values (5, 'Шимановск');
insert into city(region_id, name) values (5, 'Экимчан');
insert into city(region_id, name) values (5, 'Ядрино');
insert into city(region_id, name) values (82, 'Авдеевка');
insert into city(region_id, name) values (82, 'Александровка');
insert into city(region_id, name) values (82, 'Алексеево-Дружковка');
insert into city(region_id, name) values (82, 'Амвросиевка');
insert into city(region_id, name) values (82, 'Андреевка');
insert into city(region_id, name) values (82, 'Артемово');
insert into city(region_id, name) values (82, 'Артемовск');
insert into city(region_id, name) values (82, 'Безыменное');
insert into city(region_id, name) values (82, 'Беленькое');
insert into city(region_id, name) values (82, 'Белицкое');
insert into city(region_id, name) values (82, 'Благодатное');
insert into city(region_id, name) values (82, 'Былбасовка');
insert into city(region_id, name) values (82, 'Великая Новоселка');
insert into city(region_id, name) values (82, 'Войковский');
insert into city(region_id, name) values (82, 'Волноваха');
insert into city(region_id, name) values (82, 'Володарское');
insert into city(region_id, name) values (82, 'Гольмовский');
insert into city(region_id, name) values (82, 'Горбачево-Михайловка');
insert into city(region_id, name) values (82, 'Горловка');
insert into city(region_id, name) values (82, 'Гродовка');
insert into city(region_id, name) values (82, 'Грузско-Зорянское');
insert into city(region_id, name) values (82, 'Дебальцево');
insert into city(region_id, name) values (82, 'Дзержинск');
insert into city(region_id, name) values (82, 'Димитров');
insert into city(region_id, name) values (82, 'Доброполье');
insert into city(region_id, name) values (82, 'Докучаевск');
insert into city(region_id, name) values (82, 'Донецк');
insert into city(region_id, name) values (82, 'Донецкая');
insert into city(region_id, name) values (82, 'Донское');
insert into city(region_id, name) values (82, 'Дробышево');
insert into city(region_id, name) values (82, 'Дружковка');
insert into city(region_id, name) values (82, 'Енакиево');
insert into city(region_id, name) values (82, 'Жданов');
insert into city(region_id, name) values (82, 'Ждановка');
insert into city(region_id, name) values (82, 'Желанное');
insert into city(region_id, name) values (82, 'Зугрэс');
insert into city(region_id, name) values (82, 'Зуевка');
insert into city(region_id, name) values (82, 'Иловайск');
insert into city(region_id, name) values (82, 'Карло-Либкнехтовск');
insert into city(region_id, name) values (82, 'Карло-Марксово');
insert into city(region_id, name) values (82, 'Кировск');
insert into city(region_id, name) values (82, 'Константиновка');
insert into city(region_id, name) values (82, 'Краматорск');
insert into city(region_id, name) values (82, 'Красноармейск');
insert into city(region_id, name) values (82, 'Красный Лиман');
insert into city(region_id, name) values (82, 'Макеевка');
insert into city(region_id, name) values (82, 'Мариуполь');
insert into city(region_id, name) values (82, 'Марьинка');
insert into city(region_id, name) values (82, 'Николаевка');
insert into city(region_id, name) values (82, 'Новоазовск');
insert into city(region_id, name) values (82, 'Новоэкономическое');
insert into city(region_id, name) values (82, 'Першотравневое');
insert into city(region_id, name) values (82, 'Селидово');
insert into city(region_id, name) values (82, 'Славянск');
insert into city(region_id, name) values (82, 'Снежное');
insert into city(region_id, name) values (82, 'Старобешево');
insert into city(region_id, name) values (82, 'Тельманово');
insert into city(region_id, name) values (82, 'Торез');
insert into city(region_id, name) values (82, 'Угледар');
insert into city(region_id, name) values (82, 'Харцызск');
insert into city(region_id, name) values (82, 'Шахтерск');
insert into city(region_id, name) values (82, 'Ясиноватая');
insert into city(region_id, name) values (107, 'Sidney');
insert into city(region_id, name) values (107, 'Abbotsford');
insert into city(region_id, name) values (107, 'Abercrombie');
insert into city(region_id, name) values (107, 'Aberdeen');
insert into city(region_id, name) values (107, 'Aberfoyle');
insert into city(region_id, name) values (107, 'Aberglasslyn');
insert into city(region_id, name) values (107, 'Acacia Creek');
insert into city(region_id, name) values (107, 'Adaminaby');
insert into city(region_id, name) values (107, 'Alagala');
insert into city(region_id, name) values (107, 'Albion Park');
insert into city(region_id, name) values (107, 'Alice');
insert into city(region_id, name) values (107, 'Alpine');
insert into city(region_id, name) values (107, 'Alstonville');
insert into city(region_id, name) values (107, 'Artarman');
insert into city(region_id, name) values (107, 'Auburn');
insert into city(region_id, name) values (107, 'Bear Hill');
insert into city(region_id, name) values (107, 'Campbelltown');
insert into city(region_id, name) values (107, 'Casino');
insert into city(region_id, name) values (107, 'Coffs Harbour');
insert into city(region_id, name) values (107, 'Cowra');
insert into city(region_id, name) values (107, 'Ladysmith');
insert into city(region_id, name) values (107, 'Liverpool');
insert into city(region_id, name) values (107, 'Macksville');
insert into city(region_id, name) values (107, 'Meldrum');
insert into city(region_id, name) values (107, 'Moonee Beach');
insert into city(region_id, name) values (107, 'Moss Vale');
insert into city(region_id, name) values (107, 'Muswellbrook');
insert into city(region_id, name) values (107, 'Newcastle');
insert into city(region_id, name) values (107, 'Peelwood');
insert into city(region_id, name) values (107, 'Scone');
insert into city(region_id, name) values (107, 'South Sydney Municipality');
insert into city(region_id, name) values (107, 'Sydney');
insert into city(region_id, name) values (107, 'Tamworth');
insert into city(region_id, name) values (107, 'Wollongong');
insert into city(region_id, name) values (115, 'Andau');
insert into city(region_id, name) values (115, 'Deutsch Kaltenbrunn');
insert into city(region_id, name) values (115, 'Eberau');
insert into city(region_id, name) values (115, 'Eisenstadt');
insert into city(region_id, name) values (115, 'Forchtenstein');
insert into city(region_id, name) values (115, 'Gssing');
insert into city(region_id, name) values (115, 'Horitschon');
insert into city(region_id, name) values (115, 'Jois');
insert into city(region_id, name) values (115, 'Lackenbach');
insert into city(region_id, name) values (115, 'Marz');
insert into city(region_id, name) values (115, 'Neufeld an der Leitha');
insert into city(region_id, name) values (115, 'Neusiedl am See');
insert into city(region_id, name) values (115, 'Oberpullendorf');
insert into city(region_id, name) values (115, 'Oberwart');
insert into city(region_id, name) values (115, 'Oslip');
insert into city(region_id, name) values (115, 'Zurndorf');
insert into region(id, country_id, name) values (124, 6, 'Азербайджан');
insert into region(id, country_id, name) values (125, 6, 'Нагорный Карабах');
insert into region(id, country_id, name) values (126, 6, 'Нахичеванская обл.');
insert into city(region_id, name) values (6, 'Амдерма');
insert into city(region_id, name) values (6, 'Архангельск');
insert into city(region_id, name) values (6, 'Березник');
insert into city(region_id, name) values (6, 'Вельск');
insert into city(region_id, name) values (6, 'Верхняя Тойма');
insert into city(region_id, name) values (6, 'Волошка');
insert into city(region_id, name) values (6, 'Вычегодский');
insert into city(region_id, name) values (6, 'Емца');
insert into city(region_id, name) values (6, 'Илеза');
insert into city(region_id, name) values (6, 'Ильинско-Подомское');
insert into city(region_id, name) values (6, 'Каргополь (Архангельская обл.)');
insert into city(region_id, name) values (6, 'Карпогоры');
insert into city(region_id, name) values (6, 'Кодино');
insert into city(region_id, name) values (6, 'Коноша');
insert into city(region_id, name) values (6, 'Коряжма');
insert into city(region_id, name) values (6, 'Котлас');
insert into city(region_id, name) values (6, 'Красноборск');
insert into city(region_id, name) values (6, 'Лешуконское');
insert into city(region_id, name) values (6, 'Мезень');
insert into city(region_id, name) values (6, 'Мирный (Архангельская обл.)');
insert into city(region_id, name) values (6, 'Нарьян-Мар');
insert into city(region_id, name) values (6, 'Новодвинск');
insert into city(region_id, name) values (6, 'Няндома');
insert into city(region_id, name) values (6, 'Онега');
insert into city(region_id, name) values (6, 'Пинега');
insert into city(region_id, name) values (6, 'Плесецк');
insert into city(region_id, name) values (6, 'Савинск');
insert into city(region_id, name) values (6, 'Северодвинск');
insert into city(region_id, name) values (6, 'Сольвычегодск');
insert into city(region_id, name) values (6, 'Холмогоры');
insert into city(region_id, name) values (6, 'Шенкурск');
insert into city(region_id, name) values (6, 'Яренск');
insert into city(region_id, name) values (83, 'Андрушевка');
insert into city(region_id, name) values (83, 'Барановка');
insert into city(region_id, name) values (83, 'Белая Криница');
insert into city(region_id, name) values (83, 'Бердичев');
insert into city(region_id, name) values (83, 'Броницкая Гута');
insert into city(region_id, name) values (83, 'Брусилов');
insert into city(region_id, name) values (83, 'Быковка');
insert into city(region_id, name) values (83, 'Великие Коровинцы');
insert into city(region_id, name) values (83, 'Володарск-Волынский');
insert into city(region_id, name) values (83, 'Городница');
insert into city(region_id, name) values (83, 'Гришковцы');
insert into city(region_id, name) values (83, 'Дзержинск');
insert into city(region_id, name) values (83, 'Довбыш');
insert into city(region_id, name) values (83, 'Емильчино');
insert into city(region_id, name) values (83, 'Житомир');
insert into city(region_id, name) values (83, 'Иванополь');
insert into city(region_id, name) values (83, 'Каменный Брод');
insert into city(region_id, name) values (83, 'Коростень');
insert into city(region_id, name) values (83, 'Коростышев');
insert into city(region_id, name) values (83, 'Лугины');
insert into city(region_id, name) values (83, 'Любар');
insert into city(region_id, name) values (83, 'Малин');
insert into city(region_id, name) values (83, 'Народичи');
insert into city(region_id, name) values (83, 'Новоград-Волынский');
insert into city(region_id, name) values (83, 'Овруч');
insert into city(region_id, name) values (83, 'Олевск');
insert into city(region_id, name) values (83, 'Попельня');
insert into city(region_id, name) values (83, 'Радомышль');
insert into city(region_id, name) values (83, 'Ружин');
insert into city(region_id, name) values (83, 'Червоноармейск');
insert into city(region_id, name) values (83, 'Черняхов');
insert into city(region_id, name) values (83, 'Чуднов');
insert into city(region_id, name) values (108, 'Cascade Station');
insert into city(region_id, name) values (108, 'Longridge');
insert into city(region_id, name) values (108, 'Longridge Station');
insert into city(region_id, name) values (116, 'Afritz');
insert into city(region_id, name) values (116, 'Arnoldstein');
insert into city(region_id, name) values (116, 'Arriach');
insert into city(region_id, name) values (116, 'Bad Kleinkirchheim');
insert into city(region_id, name) values (116, 'Birnbaum');
insert into city(region_id, name) values (116, 'Diex');
insert into city(region_id, name) values (116, 'Eberstein');
insert into city(region_id, name) values (116, 'Faak am See');
insert into city(region_id, name) values (116, 'Feistritz im Rosental');
insert into city(region_id, name) values (116, 'Ferlach');
insert into city(region_id, name) values (116, 'Klagenfurt');
insert into city(region_id, name) values (116, 'Spittal an der Drau');
insert into city(region_id, name) values (116, 'Strau');
insert into city(region_id, name) values (116, 'Villach');
insert into city(region_id, name) values (116, 'Vlkermarkt');
insert into city(region_id, name) values (124, 'Агдам');
insert into city(region_id, name) values (124, 'Агдаш');
insert into city(region_id, name) values (124, 'Агджабеди');
insert into city(region_id, name) values (124, 'Аджикенд');
insert into city(region_id, name) values (124, 'Акстафа');
insert into city(region_id, name) values (124, 'Али-Байрамлы');
insert into city(region_id, name) values (124, 'Алунитаг');
insert into city(region_id, name) values (124, 'Артем-Остров');
insert into city(region_id, name) values (124, 'Астара');
insert into city(region_id, name) values (124, 'Ахсу');
insert into city(region_id, name) values (124, 'Баку');
insert into city(region_id, name) values (124, 'Балаханы');
insert into city(region_id, name) values (124, 'Банк');
insert into city(region_id, name) values (124, 'Барда');
insert into city(region_id, name) values (124, 'Белоканы');
insert into city(region_id, name) values (124, 'Биласувар');
insert into city(region_id, name) values (124, 'Бинагади');
insert into city(region_id, name) values (124, 'Бузовна');
insert into city(region_id, name) values (124, 'Варташен');
insert into city(region_id, name) values (124, 'Гадрут');
insert into city(region_id, name) values (124, 'Геокчай');
insert into city(region_id, name) values (124, 'Гобустан');
insert into city(region_id, name) values (124, 'Горадиз');
insert into city(region_id, name) values (124, 'Гянджа (Кировобад)');
insert into city(region_id, name) values (124, 'Дальмамедли');
insert into city(region_id, name) values (124, 'Дашкесан');
insert into city(region_id, name) values (124, 'Джалилабад');
insert into city(region_id, name) values (124, 'Джебраил');
insert into city(region_id, name) values (124, 'Дивичи');
insert into city(region_id, name) values (124, 'Евлах');
insert into city(region_id, name) values (124, 'Ждановск');
insert into city(region_id, name) values (124, 'Закаталы');
insert into city(region_id, name) values (124, 'Зардоб');
insert into city(region_id, name) values (124, 'Имишли');
insert into city(region_id, name) values (124, 'Исмаиллы');
insert into city(region_id, name) values (124, 'Истису');
insert into city(region_id, name) values (124, 'Казах');
insert into city(region_id, name) values (124, 'Кази-Магомед');
insert into city(region_id, name) values (124, 'Касум-Исмаилов');
insert into city(region_id, name) values (124, 'Кахи');
insert into city(region_id, name) values (124, 'Кедабек');
insert into city(region_id, name) values (124, 'Кельбаджар');
insert into city(region_id, name) values (124, 'Куба');
insert into city(region_id, name) values (124, 'Кубатлы');
insert into city(region_id, name) values (124, 'Кусары');
insert into city(region_id, name) values (124, 'Куткашен');
insert into city(region_id, name) values (124, 'Кюрдамир');
insert into city(region_id, name) values (124, 'Ленкорань');
insert into city(region_id, name) values (124, 'Лерик');
insert into city(region_id, name) values (124, 'Масаллы');
insert into city(region_id, name) values (124, 'Мингечаур');
insert into city(region_id, name) values (124, 'Мир-Башир');
insert into city(region_id, name) values (124, 'Нафталан');
insert into city(region_id, name) values (124, 'Нефтечала');
insert into city(region_id, name) values (124, 'Саатлы');
insert into city(region_id, name) values (124, 'Сабирабад');
insert into city(region_id, name) values (124, 'Сабуичи');
insert into city(region_id, name) values (124, 'Сальяны');
insert into city(region_id, name) values (124, 'Сиазань');
insert into city(region_id, name) values (124, 'Сумгаит');
insert into city(region_id, name) values (124, 'Тауз');
insert into city(region_id, name) values (124, 'Уджары');
insert into city(region_id, name) values (124, 'Физули');
insert into city(region_id, name) values (124, 'Ханлар');
insert into city(region_id, name) values (124, 'Хачмас');
insert into city(region_id, name) values (124, 'Худат');
insert into city(region_id, name) values (124, 'Шамхор');
insert into city(region_id, name) values (124, 'Шеки');
insert into city(region_id, name) values (124, 'Шемаха');
insert into region(id, country_id, name) values (127, 7, 'Berat');
insert into region(id, country_id, name) values (128, 7, 'Diber');
insert into region(id, country_id, name) values (129, 7, 'Durres');
insert into region(id, country_id, name) values (130, 7, 'Elbasan');
insert into region(id, country_id, name) values (131, 7, 'Fier');
insert into region(id, country_id, name) values (132, 7, 'Gjirokaster');
insert into region(id, country_id, name) values (133, 7, 'Korce');
insert into region(id, country_id, name) values (134, 7, 'Kukes');
insert into region(id, country_id, name) values (135, 7, 'None');
insert into region(id, country_id, name) values (136, 7, 'Shkoder');
insert into region(id, country_id, name) values (137, 7, 'Tirane');
insert into region(id, country_id, name) values (138, 7, 'Vlore');
insert into city(region_id, name) values (7, 'Астрахань');
insert into city(region_id, name) values (7, 'Ахтубинск');
insert into city(region_id, name) values (7, 'Верхний Баскунчак');
insert into city(region_id, name) values (7, 'Володарский');
insert into city(region_id, name) values (7, 'Енотаевка');
insert into city(region_id, name) values (7, 'Икряное');
insert into city(region_id, name) values (7, 'Камызяк');
insert into city(region_id, name) values (7, 'Капустин Яр');
insert into city(region_id, name) values (7, 'Красный Яр (Астраханская обл.)');
insert into city(region_id, name) values (7, 'Лиман');
insert into city(region_id, name) values (7, 'Началово');
insert into city(region_id, name) values (7, 'Харабали');
insert into city(region_id, name) values (7, 'Черный Яр');
insert into city(region_id, name) values (84, 'Берегово');
insert into city(region_id, name) values (84, 'Буштына');
insert into city(region_id, name) values (84, 'Великий Березный');
insert into city(region_id, name) values (84, 'Великий Бычков');
insert into city(region_id, name) values (84, 'Виноградов');
insert into city(region_id, name) values (84, 'Воловец');
insert into city(region_id, name) values (84, 'Иршава');
insert into city(region_id, name) values (84, 'Межгорье');
insert into city(region_id, name) values (84, 'Мукачево');
insert into city(region_id, name) values (84, 'Перечин');
insert into city(region_id, name) values (84, 'Рахов');
insert into city(region_id, name) values (84, 'Свалява');
insert into city(region_id, name) values (84, 'Тячев');
insert into city(region_id, name) values (84, 'Ужгород');
insert into city(region_id, name) values (84, 'Хуст');
insert into city(region_id, name) values (84, 'Чоп');
insert into city(region_id, name) values (109, 'Adelaide River');
insert into city(region_id, name) values (109, 'Alice Springs');
insert into city(region_id, name) values (109, 'Arltunga');
insert into city(region_id, name) values (109, 'Arltunga Mission');
insert into city(region_id, name) values (109, 'Bagot');
insert into city(region_id, name) values (109, 'Barrow Creek');
insert into city(region_id, name) values (109, 'Borroloola');
insert into city(region_id, name) values (109, 'Daly Waters');
insert into city(region_id, name) values (109, 'Darwin');
insert into city(region_id, name) values (109, 'Finke Siding');
insert into city(region_id, name) values (109, 'Glen Helen');
insert into city(region_id, name) values (109, 'Gove');
insert into city(region_id, name) values (109, 'Nullumbuy');
insert into city(region_id, name) values (109, 'Stuart');
insert into city(region_id, name) values (117, 'Aggsbach Dorf');
insert into city(region_id, name) values (117, 'Amstetten');
insert into city(region_id, name) values (117, 'Aschbach Markt');
insert into city(region_id, name) values (117, 'Bad Schnau');
insert into city(region_id, name) values (117, 'Bad Vslau');
insert into city(region_id, name) values (117, 'Bisamberg');
insert into city(region_id, name) values (117, 'Bheimkirchen');
insert into city(region_id, name) values (117, 'Ebenfurth');
insert into city(region_id, name) values (117, 'Eckartsau');
insert into city(region_id, name) values (117, 'Ernstbrunn');
insert into city(region_id, name) values (117, 'Frankenfels');
insert into city(region_id, name) values (117, 'Friedersbach');
insert into city(region_id, name) values (117, 'Gablitz');
insert into city(region_id, name) values (117, 'Gnserndorf');
insert into city(region_id, name) values (117, 'Gerasdorf bei Wien');
insert into city(region_id, name) values (117, 'Gloggnitz');
insert into city(region_id, name) values (117, 'Herzogenburg');
insert into city(region_id, name) values (117, 'Hollabrunn');
insert into city(region_id, name) values (117, 'Korneuburg');
insert into city(region_id, name) values (117, 'Kottingbrunn');
insert into city(region_id, name) values (117, 'Krems an der Donau');
insert into city(region_id, name) values (117, 'Langenzersdorf');
insert into city(region_id, name) values (117, 'Leobersdorf');
insert into city(region_id, name) values (117, 'Lilienfeld');
insert into city(region_id, name) values (117, 'Lunz am See');
insert into city(region_id, name) values (117, 'Melk');
insert into city(region_id, name) values (117, 'Mistelbach an der Zaya');
insert into city(region_id, name) values (117, 'Mdling');
insert into city(region_id, name) values (117, 'Oberwaltersdorf');
insert into city(region_id, name) values (117, 'Prinzersdorf');
insert into city(region_id, name) values (117, 'Stetteldorf am Wagram');
insert into city(region_id, name) values (117, 'Stssing');
insert into city(region_id, name) values (117, 'Ternitz');
insert into city(region_id, name) values (117, 'Traisen');
insert into city(region_id, name) values (117, 'Traismauer');
insert into city(region_id, name) values (117, 'Waidhofen an der Ybbs');
insert into city(region_id, name) values (117, 'Wiener Neudorf');
insert into city(region_id, name) values (117, 'Wiener Neustadt');
insert into city(region_id, name) values (125, 'Степанокерт');
insert into city(region_id, name) values (125, 'Шуша');
insert into city(region_id, name) values (127, 'Agalli');
insert into city(region_id, name) values (127, 'Agim');
insert into city(region_id, name) values (127, 'Baka');
insert into city(region_id, name) values (127, 'Kakos');
insert into region(id, country_id, name) values (139, 8, 'Алжир');
insert into city(region_id, name) values (8, 'Агидель');
insert into city(region_id, name) values (8, 'Аксаково');
insert into city(region_id, name) values (8, 'Амзя');
insert into city(region_id, name) values (8, 'Архангелькое');
insert into city(region_id, name) values (8, 'Аскарово');
insert into city(region_id, name) values (8, 'Аскино');
insert into city(region_id, name) values (8, 'Баймак');
insert into city(region_id, name) values (8, 'Бакалы');
insert into city(region_id, name) values (8, 'Белебей');
insert into city(region_id, name) values (8, 'Белорецк');
insert into city(region_id, name) values (8, 'Бижбуляк');
insert into city(region_id, name) values (8, 'Бирск');
insert into city(region_id, name) values (8, 'Благовещенск (Башкирия)');
insert into city(region_id, name) values (8, 'Большеустьикинское');
insert into city(region_id, name) values (8, 'Бураево');
insert into city(region_id, name) values (8, 'Верхнеяркеево');
insert into city(region_id, name) values (8, 'Верхние Киги');
insert into city(region_id, name) values (8, 'Верхние Татышлы');
insert into city(region_id, name) values (8, 'Верхний Авзян');
insert into city(region_id, name) values (8, 'Давлеканово');
insert into city(region_id, name) values (8, 'Дуван');
insert into city(region_id, name) values (8, 'Дюртюли');
insert into city(region_id, name) values (8, 'Ермекеево');
insert into city(region_id, name) values (8, 'Ермолаево');
insert into city(region_id, name) values (8, 'Зилаир');
insert into city(region_id, name) values (8, 'Зирган');
insert into city(region_id, name) values (8, 'Иглино');
insert into city(region_id, name) values (8, 'Инзер');
insert into city(region_id, name) values (8, 'Исянгулово');
insert into city(region_id, name) values (8, 'Ишимбай');
insert into city(region_id, name) values (8, 'Калтасы');
insert into city(region_id, name) values (8, 'Кананикольское');
insert into city(region_id, name) values (8, 'Кандры');
insert into city(region_id, name) values (8, 'Караидель');
insert into city(region_id, name) values (8, 'Караидельский');
insert into city(region_id, name) values (8, 'Киргиз-Мияки');
insert into city(region_id, name) values (8, 'Красноусольский');
insert into city(region_id, name) values (8, 'Кумертау');
insert into city(region_id, name) values (8, 'Кушнаренково');
insert into city(region_id, name) values (8, 'Малояз');
insert into city(region_id, name) values (8, 'Межгорье');
insert into city(region_id, name) values (8, 'Мелеуз');
insert into city(region_id, name) values (8, 'Месягутово');
insert into city(region_id, name) values (8, 'Мраково');
insert into city(region_id, name) values (8, 'Нефтекамск');
insert into city(region_id, name) values (8, 'Октябрьский (Башкирия)');
insert into city(region_id, name) values (8, 'Приютово');
insert into city(region_id, name) values (8, 'Раевский');
insert into city(region_id, name) values (8, 'Салават');
insert into city(region_id, name) values (8, 'Сибай');
insert into city(region_id, name) values (8, 'Старобалтачево');
insert into city(region_id, name) values (8, 'Старосубхангулово');
insert into city(region_id, name) values (8, 'Стерлибашево');
insert into city(region_id, name) values (8, 'Стерлитамак');
insert into city(region_id, name) values (8, 'Туймазы');
insert into city(region_id, name) values (8, 'Уфа');
insert into city(region_id, name) values (8, 'Учалы');
insert into city(region_id, name) values (8, 'Федоровка (Башкирия)');
insert into city(region_id, name) values (8, 'Чекмагуш');
insert into city(region_id, name) values (8, 'Чишмы');
insert into city(region_id, name) values (8, 'Шаран');
insert into city(region_id, name) values (8, 'Янаул');
insert into city(region_id, name) values (85, 'Акимовка');
insert into city(region_id, name) values (85, 'Андреевка');
insert into city(region_id, name) values (85, 'Балабино');
insert into city(region_id, name) values (85, 'Бердянск');
insert into city(region_id, name) values (85, 'Васильевка');
insert into city(region_id, name) values (85, 'Веселое');
insert into city(region_id, name) values (85, 'Вольнянск');
insert into city(region_id, name) values (85, 'Гуляйполе');
insert into city(region_id, name) values (85, 'Днепрорудный');
insert into city(region_id, name) values (85, 'Запорожье');
insert into city(region_id, name) values (85, 'Каменка-Днепровская');
insert into city(region_id, name) values (85, 'Каменное');
insert into city(region_id, name) values (85, 'Камыш-Заря');
insert into city(region_id, name) values (85, 'Куйбышево');
insert into city(region_id, name) values (85, 'Мелитополь');
insert into city(region_id, name) values (85, 'Михайловка');
insert into city(region_id, name) values (85, 'Новониколаевка');
insert into city(region_id, name) values (85, 'Орехов');
insert into city(region_id, name) values (85, 'Пологи');
insert into city(region_id, name) values (85, 'Приазовское');
insert into city(region_id, name) values (85, 'Приморск');
insert into city(region_id, name) values (85, 'Токмак');
insert into city(region_id, name) values (85, 'Черниговка');
insert into city(region_id, name) values (85, 'Энергодар');
insert into city(region_id, name) values (110, 'Abercorn');
insert into city(region_id, name) values (110, 'Abermain');
insert into city(region_id, name) values (110, 'Ackland');
insert into city(region_id, name) values (110, 'Advancetown');
insert into city(region_id, name) values (110, 'Albany Creek');
insert into city(region_id, name) values (110, 'Alberton');
insert into city(region_id, name) values (110, 'Alexandra');
insert into city(region_id, name) values (110, 'Alexandra-Mooloolaba');
insert into city(region_id, name) values (110, 'Allan');
insert into city(region_id, name) values (110, 'Allingham');
insert into city(region_id, name) values (110, 'Alma Creek');
insert into city(region_id, name) values (110, 'Alpha');
insert into city(region_id, name) values (110, 'Aramara');
insert into city(region_id, name) values (110, 'Belgian Gardens');
insert into city(region_id, name) values (110, 'Brisbane');
insert into city(region_id, name) values (110, 'Bucasia');
insert into city(region_id, name) values (110, 'Bundaberg');
insert into city(region_id, name) values (110, 'Cairns');
insert into city(region_id, name) values (110, 'Caloundra');
insert into city(region_id, name) values (110, 'Coorparoo');
insert into city(region_id, name) values (110, 'Cynthia');
insert into city(region_id, name) values (110, 'Emerald');
insert into city(region_id, name) values (110, 'Gladstone');
insert into city(region_id, name) values (110, 'Gold Coast');
insert into city(region_id, name) values (110, 'Gympie');
insert into city(region_id, name) values (110, 'Howard');
insert into city(region_id, name) values (110, 'Ipswich');
insert into city(region_id, name) values (110, 'Nindigully');
insert into city(region_id, name) values (110, 'Oakenden');
insert into city(region_id, name) values (110, 'Quamby');
insert into city(region_id, name) values (110, 'Redcliffe');
insert into city(region_id, name) values (110, 'Rockhampton');
insert into city(region_id, name) values (110, 'Surfers Paradise');
insert into city(region_id, name) values (110, 'Townsville');
insert into city(region_id, name) values (118, 'Ach');
insert into city(region_id, name) values (118, 'Aistersheim');
insert into city(region_id, name) values (118, 'Alberndorf in der Riedmark');
insert into city(region_id, name) values (118, 'Alkoven');
insert into city(region_id, name) values (118, 'Altenberg bei Linz');
insert into city(region_id, name) values (118, 'Altmnster');
insert into city(region_id, name) values (118, 'Ansfelden');
insert into city(region_id, name) values (118, 'Aschach an der Steyr');
insert into city(region_id, name) values (118, 'Attersee');
insert into city(region_id, name) values (118, 'Attnang-Puchheim');
insert into city(region_id, name) values (118, 'Braunau am Inn');
insert into city(region_id, name) values (118, 'Ebensee');
insert into city(region_id, name) values (118, 'Enns');
insert into city(region_id, name) values (118, 'Gallneukirchen');
insert into city(region_id, name) values (118, 'Gmunden');
insert into city(region_id, name) values (118, 'Gramastetten');
insert into city(region_id, name) values (118, 'Hallstatt');
insert into city(region_id, name) values (118, 'Hrsching');
insert into city(region_id, name) values (118, 'Laakirchen');
insert into city(region_id, name) values (118, 'Leopoldschlag');
insert into city(region_id, name) values (118, 'Linz');
insert into city(region_id, name) values (118, 'Marchtrenk');
insert into city(region_id, name) values (118, 'Mondsee');
insert into city(region_id, name) values (118, 'Ottensheim');
insert into city(region_id, name) values (118, 'Pregarten');
insert into city(region_id, name) values (118, 'Ried im Innkreis');
insert into city(region_id, name) values (118, 'Rohrbach in Obersterreich');
insert into city(region_id, name) values (118, 'Scharnstein');
insert into city(region_id, name) values (118, 'Scharten');
insert into city(region_id, name) values (118, 'Steyr');
insert into city(region_id, name) values (118, 'Thalheim bei Wels');
insert into city(region_id, name) values (118, 'Traun');
insert into city(region_id, name) values (118, 'Vcklabruck');
insert into city(region_id, name) values (118, 'Wels');
insert into city(region_id, name) values (126, 'Джульфа');
insert into city(region_id, name) values (126, 'Ильичевск');
insert into city(region_id, name) values (126, 'Нахичевань');
insert into city(region_id, name) values (126, 'Ордубад');
insert into city(region_id, name) values (126, 'Шахбуз');
insert into city(region_id, name) values (128, 'Ali Hanit');
insert into city(region_id, name) values (128, 'Arapaj e Eperme');
insert into city(region_id, name) values (128, 'Arn i Eprm');
insert into city(region_id, name) values (128, 'Arras');
insert into city(region_id, name) values (128, 'Doma');
insert into city(region_id, name) values (139, 'Адрар');
insert into city(region_id, name) values (139, 'Алжир');
insert into city(region_id, name) values (139, 'Аннаба');
insert into city(region_id, name) values (139, 'Бешвар');
insert into city(region_id, name) values (139, 'Джельфа');
insert into city(region_id, name) values (139, 'Ин-Салах');
insert into city(region_id, name) values (139, 'Оран');
insert into city(region_id, name) values (139, 'Таманрассет');
insert into city(region_id, name) values (139, 'Туггурт');
insert into city(region_id, name) values (139, 'Эль-Голеа');
insert into region(id, country_id, name) values (140, 9, 'Ангола');
insert into city(region_id, name) values (9, 'Алексеевка (Белгородская обл.)');
insert into city(region_id, name) values (9, 'Белгород');
insert into city(region_id, name) values (9, 'Борисовка');
insert into city(region_id, name) values (9, 'Валуйки');
insert into city(region_id, name) values (9, 'Вейделевка');
insert into city(region_id, name) values (9, 'Волоконовка');
insert into city(region_id, name) values (9, 'Грайворон');
insert into city(region_id, name) values (9, 'Губкин');
insert into city(region_id, name) values (9, 'Ивня');
insert into city(region_id, name) values (9, 'Короча');
insert into city(region_id, name) values (9, 'Красногвардейское (Белгород.)');
insert into city(region_id, name) values (9, 'Новый Оскол');
insert into city(region_id, name) values (9, 'Ракитное');
insert into city(region_id, name) values (9, 'Ровеньки');
insert into city(region_id, name) values (9, 'Старый Оскол');
insert into city(region_id, name) values (9, 'Строитель');
insert into city(region_id, name) values (9, 'Чернянка');
insert into city(region_id, name) values (9, 'Шебекино');
insert into city(region_id, name) values (86, 'Богородчаны');
insert into city(region_id, name) values (86, 'Болехов');
insert into city(region_id, name) values (86, 'Болшовцы');
insert into city(region_id, name) values (86, 'Брошнев-Осада');
insert into city(region_id, name) values (86, 'Букачевцы');
insert into city(region_id, name) values (86, 'Бурштын');
insert into city(region_id, name) values (86, 'Бытков');
insert into city(region_id, name) values (86, 'Верховина');
insert into city(region_id, name) values (86, 'Войнилов');
insert into city(region_id, name) values (86, 'Ворохта');
insert into city(region_id, name) values (86, 'Выгода');
insert into city(region_id, name) values (86, 'Галич');
insert into city(region_id, name) values (86, 'Гвоздец');
insert into city(region_id, name) values (86, 'Городенка');
insert into city(region_id, name) values (86, 'Делятин');
insert into city(region_id, name) values (86, 'Долина');
insert into city(region_id, name) values (86, 'Жовтень');
insert into city(region_id, name) values (86, 'Заболотов');
insert into city(region_id, name) values (86, 'Ивано-Франковск');
insert into city(region_id, name) values (86, 'Калуж');
insert into city(region_id, name) values (86, 'Калуш');
insert into city(region_id, name) values (86, 'Коломыя');
insert into city(region_id, name) values (86, 'Косов');
insert into city(region_id, name) values (86, 'Надворна');
insert into city(region_id, name) values (86, 'Надворная');
insert into city(region_id, name) values (86, 'Рогатин');
insert into city(region_id, name) values (86, 'Рожнятов');
insert into city(region_id, name) values (86, 'Снятын');
insert into city(region_id, name) values (86, 'Станиславов');
insert into city(region_id, name) values (86, 'Тлумач');
insert into city(region_id, name) values (86, 'Тысменица');
insert into city(region_id, name) values (86, 'Яремча');
insert into city(region_id, name) values (111, 'Adelaide');
insert into city(region_id, name) values (111, 'Altona');
insert into city(region_id, name) values (111, 'Amata');
insert into city(region_id, name) values (111, 'Angas Plains');
insert into city(region_id, name) values (111, 'Angle Vale');
insert into city(region_id, name) values (111, 'Appila');
insert into city(region_id, name) values (111, 'Ardrossan');
insert into city(region_id, name) values (111, 'Arno Bay');
insert into city(region_id, name) values (111, 'Athenna');
insert into city(region_id, name) values (111, 'Australia Plains');
insert into city(region_id, name) values (111, 'Avon');
insert into city(region_id, name) values (111, 'Bakara');
insert into city(region_id, name) values (111, 'Black Rock');
insert into city(region_id, name) values (111, 'Buccleuch');
insert into city(region_id, name) values (111, 'Caroline');
insert into city(region_id, name) values (111, 'Dublin');
insert into city(region_id, name) values (111, 'McLachlan');
insert into city(region_id, name) values (111, 'Meningie');
insert into city(region_id, name) values (111, 'Paratoo');
insert into city(region_id, name) values (111, 'Phillip');
insert into city(region_id, name) values (111, 'Sunny Hill');
insert into city(region_id, name) values (111, 'Whyalla');
insert into city(region_id, name) values (119, 'Adnet');
insert into city(region_id, name) values (119, 'Altenmarkt im Pongau');
insert into city(region_id, name) values (119, 'Anif');
insert into city(region_id, name) values (119, 'Annaberg');
insert into city(region_id, name) values (119, 'Bad Hofgastein');
insert into city(region_id, name) values (119, 'Berndorf bei Salzburg');
insert into city(region_id, name) values (119, 'Bischofshofen');
insert into city(region_id, name) values (119, 'Bramberg am Wildkogel');
insert into city(region_id, name) values (119, 'Bruck an der Groglocknerstrae');
insert into city(region_id, name) values (119, 'Dienten am Hochknig');
insert into city(region_id, name) values (119, 'Ebenau');
insert into city(region_id, name) values (119, 'Elixhausen');
insert into city(region_id, name) values (119, 'Fuschl am See');
insert into city(region_id, name) values (119, 'Grdig');
insert into city(region_id, name) values (119, 'Hallein');
insert into city(region_id, name) values (119, 'Henndorf am Wallersee');
insert into city(region_id, name) values (119, 'Hinterglemm');
insert into city(region_id, name) values (119, 'Hof bei Salzburg');
insert into city(region_id, name) values (119, 'Lofer');
insert into city(region_id, name) values (119, 'Oberalm');
insert into city(region_id, name) values (119, 'Saalbach');
insert into city(region_id, name) values (119, 'Saalfelden am Steinernen Meer');
insert into city(region_id, name) values (119, 'Salzburg');
insert into city(region_id, name) values (119, 'Tamsweg');
insert into city(region_id, name) values (119, 'Zell am See');
insert into city(region_id, name) values (129, 'Dures');
insert into city(region_id, name) values (129, 'Durrs');
insert into city(region_id, name) values (140, 'Бенгела');
insert into city(region_id, name) values (140, 'Лобиту');
insert into city(region_id, name) values (140, 'Луанда');
insert into city(region_id, name) values (140, 'Лубанго');
insert into city(region_id, name) values (140, 'Маланже');
insert into city(region_id, name) values (140, 'Менноге');
insert into city(region_id, name) values (140, 'Намибе');
insert into region(id, country_id, name) values (141, 10, 'Anguilla');
insert into city(region_id, name) values (10, 'Алтухово');
insert into city(region_id, name) values (10, 'Белая Березка');
insert into city(region_id, name) values (10, 'Белые Берега');
insert into city(region_id, name) values (10, 'Большое Полпино');
insert into city(region_id, name) values (10, 'Брянск');
insert into city(region_id, name) values (10, 'Бытошь');
insert into city(region_id, name) values (10, 'Выгоничи');
insert into city(region_id, name) values (10, 'Вышков');
insert into city(region_id, name) values (10, 'Гордеевка');
insert into city(region_id, name) values (10, 'Дубровка (Брянская обл.)');
insert into city(region_id, name) values (10, 'Дятьково');
insert into city(region_id, name) values (10, 'Дятьково');
insert into city(region_id, name) values (10, 'Жирятино');
insert into city(region_id, name) values (10, 'Жуковка');
insert into city(region_id, name) values (10, 'Злынка');
insert into city(region_id, name) values (10, 'Ивот');
insert into city(region_id, name) values (10, 'Карачев');
insert into city(region_id, name) values (10, 'Клетня');
insert into city(region_id, name) values (10, 'Климово');
insert into city(region_id, name) values (10, 'Клинцы');
insert into city(region_id, name) values (10, 'Кокаревка');
insert into city(region_id, name) values (10, 'Комаричи');
insert into city(region_id, name) values (10, 'Красная Гора');
insert into city(region_id, name) values (10, 'Локоть (Брянская обл.)');
insert into city(region_id, name) values (10, 'Мглин');
insert into city(region_id, name) values (10, 'Навля');
insert into city(region_id, name) values (10, 'Новозыбков');
insert into city(region_id, name) values (10, 'Погар');
insert into city(region_id, name) values (10, 'Почеп');
insert into city(region_id, name) values (10, 'Ржаница');
insert into city(region_id, name) values (10, 'Рогнедино');
insert into city(region_id, name) values (10, 'Севск');
insert into city(region_id, name) values (10, 'Стародуб');
insert into city(region_id, name) values (10, 'Суземка');
insert into city(region_id, name) values (10, 'Сураж');
insert into city(region_id, name) values (10, 'Трубчевск');
insert into city(region_id, name) values (10, 'Унеча');
insert into city(region_id, name) values (87, 'Иванков');
insert into city(region_id, name) values (87, 'Ирпень');
insert into city(region_id, name) values (87, 'Барышевка');
insert into city(region_id, name) values (87, 'Белая Церковь');
insert into city(region_id, name) values (87, 'Березань');
insert into city(region_id, name) values (87, 'Богуслав');
insert into city(region_id, name) values (87, 'Борисполь');
insert into city(region_id, name) values (87, 'Боровая');
insert into city(region_id, name) values (87, 'Бородянка');
insert into city(region_id, name) values (87, 'Боярка');
insert into city(region_id, name) values (87, 'Бровары');
insert into city(region_id, name) values (87, 'Васильков');
insert into city(region_id, name) values (87, 'Володарка');
insert into city(region_id, name) values (87, 'Ворзель');
insert into city(region_id, name) values (87, 'Вышгород');
insert into city(region_id, name) values (87, 'Гребенки');
insert into city(region_id, name) values (87, 'Дымер');
insert into city(region_id, name) values (87, 'Згуровка');
insert into city(region_id, name) values (87, 'Кагарлык');
insert into city(region_id, name) values (87, 'Калиновка');
insert into city(region_id, name) values (87, 'Киев');
insert into city(region_id, name) values (87, 'Киевская');
insert into city(region_id, name) values (87, 'Кодра');
insert into city(region_id, name) values (87, 'Кожанка');
insert into city(region_id, name) values (87, 'Козин');
insert into city(region_id, name) values (87, 'Макаров');
insert into city(region_id, name) values (87, 'Мироновка');
insert into city(region_id, name) values (87, 'Обухов');
insert into city(region_id, name) values (87, 'Переяслав-Хмельницкий');
insert into city(region_id, name) values (87, 'Полесское');
insert into city(region_id, name) values (87, 'Ракитное');
insert into city(region_id, name) values (87, 'Ржищев');
insert into city(region_id, name) values (87, 'Сквира');
insert into city(region_id, name) values (87, 'Славутич');
insert into city(region_id, name) values (87, 'Ставище');
insert into city(region_id, name) values (87, 'Тараща');
insert into city(region_id, name) values (87, 'Тетиев');
insert into city(region_id, name) values (87, 'Фастов');
insert into city(region_id, name) values (87, 'Чернобыль');
insert into city(region_id, name) values (87, 'Яготин');
insert into city(region_id, name) values (112, 'Abbotsham');
insert into city(region_id, name) values (112, 'Alanvale');
insert into city(region_id, name) values (112, 'Alcomie');
insert into city(region_id, name) values (112, 'Allen Siding');
insert into city(region_id, name) values (112, 'Alonnah');
insert into city(region_id, name) values (112, 'Andover');
insert into city(region_id, name) values (112, 'Austins Ferry');
insert into city(region_id, name) values (112, 'Back Creek');
insert into city(region_id, name) values (112, 'Baden');
insert into city(region_id, name) values (112, 'Bagdad');
insert into city(region_id, name) values (112, 'Bangor');
insert into city(region_id, name) values (112, 'Beauty Point');
insert into city(region_id, name) values (112, 'Bell Bay');
insert into city(region_id, name) values (112, 'Bellerive');
insert into city(region_id, name) values (112, 'Birralee');
insert into city(region_id, name) values (112, 'Cygnet');
insert into city(region_id, name) values (112, 'Fingal');
insert into city(region_id, name) values (112, 'Forest');
insert into city(region_id, name) values (112, 'Hobart');
insert into city(region_id, name) values (112, 'Kingston');
insert into city(region_id, name) values (112, 'Launceston');
insert into city(region_id, name) values (112, 'Myalla');
insert into city(region_id, name) values (112, 'Paradise');
insert into city(region_id, name) values (112, 'Saltwater River');
insert into city(region_id, name) values (120, 'Admont');
insert into city(region_id, name) values (120, 'Bad Gams');
insert into city(region_id, name) values (120, 'Bruck an der Mur');
insert into city(region_id, name) values (120, 'Burgau');
insert into city(region_id, name) values (120, 'Deutschlandsberg');
insert into city(region_id, name) values (120, 'Eggersdorf bei Graz');
insert into city(region_id, name) values (120, 'Gleisdorf');
insert into city(region_id, name) values (120, 'Graz');
insert into city(region_id, name) values (120, 'Hartberg');
insert into city(region_id, name) values (120, 'Judenburg');
insert into city(region_id, name) values (120, 'Kapfenberg');
insert into city(region_id, name) values (120, 'Knittelfeld');
insert into city(region_id, name) values (120, 'Leoben');
insert into city(region_id, name) values (120, 'Liezen');
insert into city(region_id, name) values (120, 'Murau');
insert into city(region_id, name) values (120, 'Mrzzuschlag');
insert into city(region_id, name) values (120, 'Schffern');
insert into city(region_id, name) values (120, 'Trofaiach');
insert into city(region_id, name) values (120, 'Voitsberg');
insert into city(region_id, name) values (120, 'Waldstein');
insert into city(region_id, name) values (130, 'Abazaj');
insert into city(region_id, name) values (130, 'Algjin');
insert into city(region_id, name) values (130, 'Algjinaj');
insert into city(region_id, name) values (130, 'Allaj');
insert into city(region_id, name) values (130, 'Arov');
insert into city(region_id, name) values (130, 'Ars');
insert into city(region_id, name) values (130, 'Zibraca');
insert into city(region_id, name) values (141, 'Ангилья');
insert into city(region_id, name) values (141, 'Сомбреро');
insert into region(id, country_id, name) values (142, 11, 'Andorra la Vella');
insert into region(id, country_id, name) values (143, 11, 'Canillo');
insert into region(id, country_id, name) values (144, 11, 'Encamp');
insert into region(id, country_id, name) values (145, 11, 'Escaldes-Engordany');
insert into region(id, country_id, name) values (146, 11, 'La Massana');
insert into region(id, country_id, name) values (147, 11, 'None');
insert into region(id, country_id, name) values (148, 11, 'Ordino');
insert into region(id, country_id, name) values (149, 11, 'Sant Julia de Loria');
insert into city(region_id, name) values (11, 'Бабушкин');
insert into city(region_id, name) values (11, 'Багдарин');
insert into city(region_id, name) values (11, 'Баргузин');
insert into city(region_id, name) values (11, 'Баянгол');
insert into city(region_id, name) values (11, 'Бичура');
insert into city(region_id, name) values (11, 'Выдрино');
insert into city(region_id, name) values (11, 'Гусиное Озеро');
insert into city(region_id, name) values (11, 'Гусиноозерск');
insert into city(region_id, name) values (11, 'Заиграево');
insert into city(region_id, name) values (11, 'Закаменск');
insert into city(region_id, name) values (11, 'Иволгинск');
insert into city(region_id, name) values (11, 'Илька');
insert into city(region_id, name) values (11, 'Кабанск');
insert into city(region_id, name) values (11, 'Каменск');
insert into city(region_id, name) values (11, 'Кижинга');
insert into city(region_id, name) values (11, 'Курумкан');
insert into city(region_id, name) values (11, 'Кырен');
insert into city(region_id, name) values (11, 'Кяхта');
insert into city(region_id, name) values (11, 'Монды');
insert into city(region_id, name) values (11, 'Мухоршибирь');
insert into city(region_id, name) values (11, 'Нижнеангарск');
insert into city(region_id, name) values (11, 'Орлик');
insert into city(region_id, name) values (11, 'Петропавловка (Бурятия)');
insert into city(region_id, name) values (11, 'Романовка (Бурятия)');
insert into city(region_id, name) values (11, 'Северобайкальск (Бурятия)');
insert into city(region_id, name) values (11, 'Селенгинск');
insert into city(region_id, name) values (11, 'Сосново-Озерское');
insert into city(region_id, name) values (11, 'Таксимо (Бурятия)');
insert into city(region_id, name) values (11, 'Турунтаево');
insert into city(region_id, name) values (11, 'Улан-Удэ');
insert into city(region_id, name) values (11, 'Хоринск');
insert into city(region_id, name) values (88, 'Александрия');
insert into city(region_id, name) values (88, 'Александровка');
insert into city(region_id, name) values (88, 'Бобринец');
insert into city(region_id, name) values (88, 'Гайворон');
insert into city(region_id, name) values (88, 'Голованевск');
insert into city(region_id, name) values (88, 'Добровеличковка');
insert into city(region_id, name) values (88, 'Долинская');
insert into city(region_id, name) values (88, 'Елизаветградка');
insert into city(region_id, name) values (88, 'Завалье');
insert into city(region_id, name) values (88, 'Знаменка');
insert into city(region_id, name) values (88, 'Знаменка-Вторая');
insert into city(region_id, name) values (88, 'Капитановка');
insert into city(region_id, name) values (88, 'Кировоград');
insert into city(region_id, name) values (88, 'Компанеевка');
insert into city(region_id, name) values (88, 'Малая Виска');
insert into city(region_id, name) values (88, 'Новгородка');
insert into city(region_id, name) values (88, 'Новоархангельск');
insert into city(region_id, name) values (88, 'Новомиргород');
insert into city(region_id, name) values (88, 'Новоукраинка');
insert into city(region_id, name) values (88, 'Ольшанка');
insert into city(region_id, name) values (88, 'Онуфриевка');
insert into city(region_id, name) values (88, 'Петрово');
insert into city(region_id, name) values (88, 'Светловодск');
insert into city(region_id, name) values (88, 'Ульяновка');
insert into city(region_id, name) values (88, 'Устиновка');
insert into city(region_id, name) values (113, 'Aberfeldy');
insert into city(region_id, name) values (113, 'Acheron');
insert into city(region_id, name) values (113, 'Adelaide Lead');
insert into city(region_id, name) values (113, 'Ailsa');
insert into city(region_id, name) values (113, 'Aireys Inlet');
insert into city(region_id, name) values (113, 'Airly');
insert into city(region_id, name) values (113, 'Alambee');
insert into city(region_id, name) values (113, 'Alberton West');
insert into city(region_id, name) values (113, 'Albion');
insert into city(region_id, name) values (113, 'Alexandra');
insert into city(region_id, name) values (113, 'Alfredton');
insert into city(region_id, name) values (113, 'Alma');
insert into city(region_id, name) values (113, 'Alvie');
insert into city(region_id, name) values (113, 'Ancona');
insert into city(region_id, name) values (113, 'Anderson');
insert into city(region_id, name) values (113, 'Antwerp');
insert into city(region_id, name) values (113, 'Armadale');
insert into city(region_id, name) values (113, 'Arnold');
insert into city(region_id, name) values (113, 'Ballam Park');
insert into city(region_id, name) values (113, 'Balook');
insert into city(region_id, name) values (113, 'Barmah');
insert into city(region_id, name) values (113, 'Bass');
insert into city(region_id, name) values (113, 'Bayswater');
insert into city(region_id, name) values (113, 'Bolton');
insert into city(region_id, name) values (113, 'Boolite');
insert into city(region_id, name) values (113, 'Brighton');
insert into city(region_id, name) values (113, 'Colac');
insert into city(region_id, name) values (113, 'Geelong');
insert into city(region_id, name) values (113, 'Horsham');
insert into city(region_id, name) values (113, 'Lubeck');
insert into city(region_id, name) values (113, 'Melbourne');
insert into city(region_id, name) values (113, 'Moorabbin');
insert into city(region_id, name) values (113, 'San Remo');
insert into city(region_id, name) values (113, 'Silver Creek');
insert into city(region_id, name) values (113, 'Snake Valley');
insert into city(region_id, name) values (113, 'South Yarra');
insert into city(region_id, name) values (113, 'Stalker');
insert into city(region_id, name) values (113, 'Syndal');
insert into city(region_id, name) values (113, 'Victoria Valley');
insert into city(region_id, name) values (113, 'Warragul');
insert into city(region_id, name) values (113, 'Wheelers Hill');
insert into city(region_id, name) values (113, 'Yarrawonga');
insert into city(region_id, name) values (121, 'Absam');
insert into city(region_id, name) values (121, 'Achenkirch');
insert into city(region_id, name) values (121, 'Ainet');
insert into city(region_id, name) values (121, 'Aldrans');
insert into city(region_id, name) values (121, 'Axams');
insert into city(region_id, name) values (121, 'Biberwier');
insert into city(region_id, name) values (121, 'Bichlbach');
insert into city(region_id, name) values (121, 'Brandenberg');
insert into city(region_id, name) values (121, 'Brixlegg');
insert into city(region_id, name) values (121, 'Dlsach');
insert into city(region_id, name) values (121, 'Elmen');
insert into city(region_id, name) values (121, 'Erl');
insert into city(region_id, name) values (121, 'Finkenberg');
insert into city(region_id, name) values (121, 'Flirsch');
insert into city(region_id, name) values (121, 'Hall in Tirol');
insert into city(region_id, name) values (121, 'Hopfgarten im Brixental');
insert into city(region_id, name) values (121, 'Innsbruck');
insert into city(region_id, name) values (121, 'Jenbach');
insert into city(region_id, name) values (121, 'Kirchdorf in Tirol');
insert into city(region_id, name) values (121, 'Kitzbhel');
insert into city(region_id, name) values (121, 'Kssen');
insert into city(region_id, name) values (121, 'Kufstein');
insert into city(region_id, name) values (121, 'Mayrhofen');
insert into city(region_id, name) values (121, 'Nauders');
insert into city(region_id, name) values (121, 'Seefeld in Tirol');
insert into city(region_id, name) values (121, 'Slden');
insert into city(region_id, name) values (121, 'Vls');
insert into city(region_id, name) values (121, 'Wenns');
insert into city(region_id, name) values (121, 'Zirl');
insert into city(region_id, name) values (131, 'Ada');
insert into city(region_id, name) values (131, 'Ad Bunac');
insert into city(region_id, name) values (142, 'Andorra');
insert into city(region_id, name) values (142, 'Andorra la Vella');
insert into city(region_id, name) values (142, 'Andorra-Vieille');
insert into region(id, country_id, name) values (150, 12, 'Антигуа и Барбуда');
insert into city(region_id, name) values (12, 'Александров');
insert into city(region_id, name) values (12, 'Андреево');
insert into city(region_id, name) values (12, 'Анопино');
insert into city(region_id, name) values (12, 'Бавлены');
insert into city(region_id, name) values (12, 'Балакирево');
insert into city(region_id, name) values (12, 'Боголюбово');
insert into city(region_id, name) values (12, 'Великодворский');
insert into city(region_id, name) values (12, 'Вербовский');
insert into city(region_id, name) values (12, 'Владимир');
insert into city(region_id, name) values (12, 'Вязники');
insert into city(region_id, name) values (12, 'Городищи (Владимирская обл.)');
insert into city(region_id, name) values (12, 'Гороховец');
insert into city(region_id, name) values (12, 'Гусевский');
insert into city(region_id, name) values (12, 'Гусь Хрустальный');
insert into city(region_id, name) values (12, 'Гусь-Хрустальный');
insert into city(region_id, name) values (12, 'Золотково');
insert into city(region_id, name) values (12, 'Иванищи');
insert into city(region_id, name) values (12, 'Камешково');
insert into city(region_id, name) values (12, 'Карабаново');
insert into city(region_id, name) values (12, 'Киржач');
insert into city(region_id, name) values (12, 'Ковров');
insert into city(region_id, name) values (12, 'Кольчугино');
insert into city(region_id, name) values (12, 'Красная Горбатка');
insert into city(region_id, name) values (12, 'Лакинск');
insert into city(region_id, name) values (12, 'Меленки');
insert into city(region_id, name) values (12, 'Муром');
insert into city(region_id, name) values (12, 'Петушки');
insert into city(region_id, name) values (12, 'Покров');
insert into city(region_id, name) values (12, 'Радужный (Владимирская обл.)');
insert into city(region_id, name) values (12, 'Собинка');
insert into city(region_id, name) values (12, 'Судогда');
insert into city(region_id, name) values (12, 'Суздаль');
insert into city(region_id, name) values (12, 'Юрьев-Польский');
insert into city(region_id, name) values (89, 'Азовское');
insert into city(region_id, name) values (89, 'Алупка');
insert into city(region_id, name) values (89, 'Алушта');
insert into city(region_id, name) values (89, 'Армянск');
insert into city(region_id, name) values (89, 'Багерово');
insert into city(region_id, name) values (89, 'Балаклава');
insert into city(region_id, name) values (89, 'Бахчисарай');
insert into city(region_id, name) values (89, 'Белогорск');
insert into city(region_id, name) values (89, 'Гаспра');
insert into city(region_id, name) values (89, 'Гвардейское');
insert into city(region_id, name) values (89, 'Гурзуф');
insert into city(region_id, name) values (89, 'Джанкой');
insert into city(region_id, name) values (89, 'Евпатория');
insert into city(region_id, name) values (89, 'Зуя');
insert into city(region_id, name) values (89, 'Керчь');
insert into city(region_id, name) values (89, 'Кировское');
insert into city(region_id, name) values (89, 'Коктебель');
insert into city(region_id, name) values (89, 'Красногвардейское');
insert into city(region_id, name) values (89, 'Красноперекопск');
insert into city(region_id, name) values (89, 'Ленино');
insert into city(region_id, name) values (89, 'Массандра');
insert into city(region_id, name) values (89, 'Нижнегорский');
insert into city(region_id, name) values (89, 'Первомайское');
insert into city(region_id, name) values (89, 'Раздольное');
insert into city(region_id, name) values (89, 'Саки');
insert into city(region_id, name) values (89, 'Севастополь');
insert into city(region_id, name) values (89, 'Симеиз');
insert into city(region_id, name) values (89, 'Симферополь');
insert into city(region_id, name) values (89, 'Советский');
insert into city(region_id, name) values (89, 'Судак');
insert into city(region_id, name) values (89, 'Феодосия');
insert into city(region_id, name) values (89, 'Форос');
insert into city(region_id, name) values (89, 'Черноморское');
insert into city(region_id, name) values (89, 'Щёлкино');
insert into city(region_id, name) values (89, 'Ялта');
insert into city(region_id, name) values (114, 'Abbotts');
insert into city(region_id, name) values (114, 'Agnew');
insert into city(region_id, name) values (114, 'Australind');
insert into city(region_id, name) values (114, 'Babakin');
insert into city(region_id, name) values (114, 'Baddera');
insert into city(region_id, name) values (114, 'Balgarri');
insert into city(region_id, name) values (114, 'Balgo');
insert into city(region_id, name) values (114, 'Belka');
insert into city(region_id, name) values (114, 'Big Bell');
insert into city(region_id, name) values (114, 'Canna');
insert into city(region_id, name) values (114, 'Denmark');
insert into city(region_id, name) values (114, 'Devans Find Mining Centre');
insert into city(region_id, name) values (114, 'East Fremantle');
insert into city(region_id, name) values (114, 'Kalbarri');
insert into city(region_id, name) values (114, 'Koojan');
insert into city(region_id, name) values (114, 'Lancelin');
insert into city(region_id, name) values (114, 'Narra Tarra');
insert into city(region_id, name) values (114, 'Perth');
insert into city(region_id, name) values (114, 'Perth City');
insert into city(region_id, name) values (114, 'Sawyers Valley');
insert into city(region_id, name) values (114, 'Seabird');
insert into city(region_id, name) values (114, 'Station Peak Mining Centre');
insert into city(region_id, name) values (114, 'York');
insert into city(region_id, name) values (122, 'Alberschwende');
insert into city(region_id, name) values (122, 'Bludenz');
insert into city(region_id, name) values (122, 'Bregenz');
insert into city(region_id, name) values (122, 'Dalaas');
insert into city(region_id, name) values (122, 'Dornbirn');
insert into city(region_id, name) values (122, 'Feldkirch');
insert into city(region_id, name) values (122, 'Lech');
insert into city(region_id, name) values (122, 'Mellau');
insert into city(region_id, name) values (132, 'Ajios Nikolaos');
insert into city(region_id, name) values (132, 'Beishti');
insert into city(region_id, name) values (132, 'Suka');
insert into city(region_id, name) values (143, 'Canillo');
insert into city(region_id, name) values (150, 'Бастер');
insert into city(region_id, name) values (150, 'Бриджтаун');
insert into city(region_id, name) values (150, 'Кастри');
insert into city(region_id, name) values (150, 'Кингстаун');
insert into city(region_id, name) values (150, 'Розо');
insert into city(region_id, name) values (150, 'Сан-Хуан');
insert into city(region_id, name) values (150, 'Сент-Джонс');
insert into city(region_id, name) values (150, 'Сент-Джорджес');
insert into region(id, country_id, name) values (151, 13, 'Виллемстад');
insert into city(region_id, name) values (13, 'Алексеевская');
insert into city(region_id, name) values (13, 'Алущевск');
insert into city(region_id, name) values (13, 'Быково (Волгоградская обл.)');
insert into city(region_id, name) values (13, 'Волгоград');
insert into city(region_id, name) values (13, 'Волжский (Волгоградская обл.)');
insert into city(region_id, name) values (13, 'Городище (Волгоградская обл.)');
insert into city(region_id, name) values (13, 'Дубовка (Волгоградская обл.)');
insert into city(region_id, name) values (13, 'Елань');
insert into city(region_id, name) values (13, 'Жирновск');
insert into city(region_id, name) values (13, 'Иловля');
insert into city(region_id, name) values (13, 'Калач-на-Дону');
insert into city(region_id, name) values (13, 'Камышин');
insert into city(region_id, name) values (13, 'Кириллов');
insert into city(region_id, name) values (13, 'Клетский');
insert into city(region_id, name) values (13, 'Котельниково');
insert into city(region_id, name) values (13, 'Котово');
insert into city(region_id, name) values (13, 'Кумылженская');
insert into city(region_id, name) values (13, 'Ленинск');
insert into city(region_id, name) values (13, 'Михайловка');
insert into city(region_id, name) values (13, 'Нехаевский');
insert into city(region_id, name) values (13, 'Николаевск');
insert into city(region_id, name) values (13, 'Новоаннинский');
insert into city(region_id, name) values (13, 'Новониколаевский');
insert into city(region_id, name) values (13, 'Ольховка');
insert into city(region_id, name) values (13, 'Палласовка (Волгоградская обл.)');
insert into city(region_id, name) values (13, 'Рудня (Волгоградская обл.)');
insert into city(region_id, name) values (13, 'Светлый Яр');
insert into city(region_id, name) values (13, 'Серафимович');
insert into city(region_id, name) values (13, 'Средняя Ахтуба');
insert into city(region_id, name) values (13, 'Сталинград');
insert into city(region_id, name) values (13, 'Старая Полтавка');
insert into city(region_id, name) values (13, 'Суровикино');
insert into city(region_id, name) values (13, 'Урюпинск');
insert into city(region_id, name) values (13, 'Фролово');
insert into city(region_id, name) values (13, 'Чернышковский');
insert into city(region_id, name) values (90, 'Алексадровск');
insert into city(region_id, name) values (90, 'Алчевск');
insert into city(region_id, name) values (90, 'Антрацит');
insert into city(region_id, name) values (90, 'Артемовск');
insert into city(region_id, name) values (90, 'Байрачки');
insert into city(region_id, name) values (90, 'Беловодск');
insert into city(region_id, name) values (90, 'Белое');
insert into city(region_id, name) values (90, 'Белокуракино');
insert into city(region_id, name) values (90, 'Белолуцк');
insert into city(region_id, name) values (90, 'Бирюково');
insert into city(region_id, name) values (90, 'Боково-Платово');
insert into city(region_id, name) values (90, 'Боровское');
insert into city(region_id, name) values (90, 'Брянка');
insert into city(region_id, name) values (90, 'Бугаевка');
insert into city(region_id, name) values (90, 'Вахрушево');
insert into city(region_id, name) values (90, 'Великий Лог');
insert into city(region_id, name) values (90, 'Вергулевка');
insert into city(region_id, name) values (90, 'Володарск');
insert into city(region_id, name) values (90, 'Волчеяровка');
insert into city(region_id, name) values (90, 'Ворошиловград');
insert into city(region_id, name) values (90, 'Врубовка');
insert into city(region_id, name) values (90, 'Врубовский');
insert into city(region_id, name) values (90, 'Георгиевка');
insert into city(region_id, name) values (90, 'Горское');
insert into city(region_id, name) values (90, 'Есауловка');
insert into city(region_id, name) values (90, 'Зимогорье');
insert into city(region_id, name) values (90, 'Золотое');
insert into city(region_id, name) values (90, 'Зоринск');
insert into city(region_id, name) values (90, 'Изварино');
insert into city(region_id, name) values (90, 'Калиново');
insert into city(region_id, name) values (90, 'Кировск');
insert into city(region_id, name) values (90, 'Коммунарск');
insert into city(region_id, name) values (90, 'Краснодон');
insert into city(region_id, name) values (90, 'Красный Луч');
insert into city(region_id, name) values (90, 'Кременная');
insert into city(region_id, name) values (90, 'Лисичанск');
insert into city(region_id, name) values (90, 'Луганск');
insert into city(region_id, name) values (90, 'Лутугино');
insert into city(region_id, name) values (90, 'Марковка');
insert into city(region_id, name) values (90, 'Меловое');
insert into city(region_id, name) values (90, 'Молодогвардейск');
insert into city(region_id, name) values (90, 'Новоайдар');
insert into city(region_id, name) values (90, 'Новопсков');
insert into city(region_id, name) values (90, 'Первомайск');
insert into city(region_id, name) values (90, 'Перевальск');
insert into city(region_id, name) values (90, 'Попасная');
insert into city(region_id, name) values (90, 'Ровеньки');
insert into city(region_id, name) values (90, 'Рубежное');
insert into city(region_id, name) values (90, 'Сватово');
insert into city(region_id, name) values (90, 'Свердловск');
insert into city(region_id, name) values (90, 'Северодонецк');
insert into city(region_id, name) values (90, 'Славяносербск');
insert into city(region_id, name) values (90, 'Станично-Луганское');
insert into city(region_id, name) values (90, 'Старобельск');
insert into city(region_id, name) values (90, 'Стаханов');
insert into city(region_id, name) values (90, 'Счастье');
insert into city(region_id, name) values (90, 'Троицкое');
insert into city(region_id, name) values (123, 'Wien');
insert into city(region_id, name) values (133, 'Alemas');
insert into city(region_id, name) values (133, 'Ano Selce');
insert into city(region_id, name) values (133, 'Bar');
insert into city(region_id, name) values (144, 'Encamp');
insert into city(region_id, name) values (151, 'Виллемстад');
insert into region(id, country_id, name) values (152, 14, 'Buenos Aires');
insert into region(id, country_id, name) values (153, 14, 'Catamarca');
insert into region(id, country_id, name) values (154, 14, 'Chaco');
insert into region(id, country_id, name) values (155, 14, 'Chubut');
insert into region(id, country_id, name) values (156, 14, 'Crdoba');
insert into region(id, country_id, name) values (157, 14, 'Corrientes');
insert into region(id, country_id, name) values (158, 14, 'Distrito Federal');
insert into region(id, country_id, name) values (159, 14, 'Entre Ros');
insert into region(id, country_id, name) values (160, 14, 'Formosa');
insert into region(id, country_id, name) values (161, 14, 'Jujuy');
insert into region(id, country_id, name) values (162, 14, 'La Pampa');
insert into region(id, country_id, name) values (163, 14, 'La Rioja');
insert into region(id, country_id, name) values (164, 14, 'Mendoza');
insert into region(id, country_id, name) values (165, 14, 'Misiones');
insert into region(id, country_id, name) values (166, 14, 'Neuqun');
insert into region(id, country_id, name) values (167, 14, 'Ro Negro');
insert into region(id, country_id, name) values (168, 14, 'Salta');
insert into region(id, country_id, name) values (169, 14, 'San Juan');
insert into region(id, country_id, name) values (170, 14, 'San Luis');
insert into region(id, country_id, name) values (171, 14, 'Santa Cruz');
insert into region(id, country_id, name) values (172, 14, 'Santa Fe');
insert into region(id, country_id, name) values (173, 14, 'Santiago del Estero');
insert into region(id, country_id, name) values (174, 14, 'Tierra del Fuego');
insert into region(id, country_id, name) values (175, 14, 'Tucumn');
insert into city(region_id, name) values (14, 'Бабаево');
insert into city(region_id, name) values (14, 'Белозерск');
insert into city(region_id, name) values (14, 'Великий Устюг');
insert into city(region_id, name) values (14, 'Верховажье');
insert into city(region_id, name) values (14, 'Вожега');
insert into city(region_id, name) values (14, 'Вологда');
insert into city(region_id, name) values (14, 'Вохтога');
insert into city(region_id, name) values (14, 'Вытегра');
insert into city(region_id, name) values (14, 'Грязовец');
insert into city(region_id, name) values (14, 'Кадников');
insert into city(region_id, name) values (14, 'Кадуй');
insert into city(region_id, name) values (14, 'Кириллов');
insert into city(region_id, name) values (14, 'Кичменгский Городок');
insert into city(region_id, name) values (14, 'Липин Бор');
insert into city(region_id, name) values (14, 'Никольск');
insert into city(region_id, name) values (14, 'Нюксеница');
insert into city(region_id, name) values (14, 'Сокол');
insert into city(region_id, name) values (14, 'Сямжа');
insert into city(region_id, name) values (14, 'Тарногский Городок');
insert into city(region_id, name) values (14, 'Тотьма');
insert into city(region_id, name) values (14, 'Устюжна');
insert into city(region_id, name) values (14, 'Харовск');
insert into city(region_id, name) values (14, 'Чагода');
insert into city(region_id, name) values (14, 'Череповец');
insert into city(region_id, name) values (14, 'Шексна');
insert into city(region_id, name) values (14, 'Шуйское');
insert into city(region_id, name) values (91, 'Белз');
insert into city(region_id, name) values (91, 'Бобрка');
insert into city(region_id, name) values (91, 'Борислав');
insert into city(region_id, name) values (91, 'Броды');
insert into city(region_id, name) values (91, 'Буск');
insert into city(region_id, name) values (91, 'Великие Мосты');
insert into city(region_id, name) values (91, 'Верхнее Синевидное');
insert into city(region_id, name) values (91, 'Винники');
insert into city(region_id, name) values (91, 'Глиняны');
insert into city(region_id, name) values (91, 'Горняк');
insert into city(region_id, name) values (91, 'Дашава');
insert into city(region_id, name) values (91, 'Добротвор');
insert into city(region_id, name) values (91, 'Дрогобыч');
insert into city(region_id, name) values (91, 'Жидачов');
insert into city(region_id, name) values (91, 'Жовква');
insert into city(region_id, name) values (91, 'Золочев');
insert into city(region_id, name) values (91, 'Ивано-Франково');
insert into city(region_id, name) values (91, 'Каменка-Бугская');
insert into city(region_id, name) values (91, 'Красне');
insert into city(region_id, name) values (91, 'Львов');
insert into city(region_id, name) values (91, 'Моршин');
insert into city(region_id, name) values (91, 'Мостиска');
insert into city(region_id, name) values (91, 'Нестеров');
insert into city(region_id, name) values (91, 'Николаев');
insert into city(region_id, name) values (91, 'Новый Роздил');
insert into city(region_id, name) values (91, 'Перемышляны');
insert into city(region_id, name) values (91, 'Пустомыты');
insert into city(region_id, name) values (91, 'Рава Русская');
insert into city(region_id, name) values (91, 'Радехов');
insert into city(region_id, name) values (91, 'Самбор');
insert into city(region_id, name) values (91, 'Сколе');
insert into city(region_id, name) values (91, 'Сокаль');
insert into city(region_id, name) values (91, 'Старый Самбор');
insert into city(region_id, name) values (91, 'Стрый');
insert into city(region_id, name) values (91, 'Трускавец');
insert into city(region_id, name) values (91, 'Турка');
insert into city(region_id, name) values (91, 'Червоноград');
insert into city(region_id, name) values (91, 'Яворов');
insert into city(region_id, name) values (134, 'Arn');
insert into city(region_id, name) values (134, 'Arrza');
insert into city(region_id, name) values (134, 'Bajani');
insert into city(region_id, name) values (145, 'Escaldes');
insert into city(region_id, name) values (145, 'Las Escadas');
insert into city(region_id, name) values (145, 'Les Escaldes');
insert into city(region_id, name) values (152, '13 de Agosto');
insert into city(region_id, name) values (152, '17 de Julio');
insert into city(region_id, name) values (152, '18 de Agosto');
insert into city(region_id, name) values (152, '25 de Febrero');
insert into city(region_id, name) values (152, '26 de Mayo');
insert into city(region_id, name) values (152, '31 de Agosto');
insert into city(region_id, name) values (152, '10 de Julio');
insert into city(region_id, name) values (152, 'A. Brown');
insert into city(region_id, name) values (152, 'A. Carboni');
insert into city(region_id, name) values (152, 'A. Corti');
insert into city(region_id, name) values (152, 'A. de la Cruz');
insert into city(region_id, name) values (152, 'A. de Toledo');
insert into city(region_id, name) values (152, 'A. Gascn');
insert into city(region_id, name) values (152, 'A. Roca');
insert into city(region_id, name) values (152, 'Abasto');
insert into city(region_id, name) values (152, 'Abel');
insert into city(region_id, name) values (152, 'Acassuso');
insert into city(region_id, name) values (152, 'Acevedo');
insert into city(region_id, name) values (152, 'Adolfo Alsina');
insert into city(region_id, name) values (152, 'Agote');
insert into city(region_id, name) values (152, 'lamos');
insert into city(region_id, name) values (152, 'Aldea Romana');
insert into city(region_id, name) values (152, 'Alegre');
insert into city(region_id, name) values (152, 'Almirante Brown');
insert into city(region_id, name) values (152, 'Aragn');
insert into city(region_id, name) values (152, 'Arenales');
insert into city(region_id, name) values (152, 'Atalaya');
insert into city(region_id, name) values (152, 'Avellaneda');
insert into city(region_id, name) values (152, 'Baha Blanca');
insert into city(region_id, name) values (152, 'Ballester');
insert into city(region_id, name) values (152, 'Balneario Pinamar');
insert into city(region_id, name) values (152, 'Balneario Santa Teresa');
insert into city(region_id, name) values (152, 'Balneario Sauce Grande');
insert into city(region_id, name) values (152, 'Baradero');
insert into city(region_id, name) values (152, 'Bariloche');
insert into city(region_id, name) values (152, 'Beln de Escobar');
insert into city(region_id, name) values (152, 'Bordenave');
insert into city(region_id, name) values (152, 'Buena Vista');
insert into city(region_id, name) values (152, 'Cabildo');
insert into city(region_id, name) values (152, 'Cangallo');
insert into city(region_id, name) values (152, 'Caseros');
insert into city(region_id, name) values (152, 'Ciudadela');
insert into city(region_id, name) values (152, 'Delgado');
insert into city(region_id, name) values (152, 'Diamante');
insert into city(region_id, name) values (152, 'Ensenada');
insert into city(region_id, name) values (152, 'General Rodrguez');
insert into city(region_id, name) values (152, 'Ingeniero Maschwitz');
insert into city(region_id, name) values (152, 'Jos L. Surez');
insert into city(region_id, name) values (152, 'Juan Jos Paso');
insert into city(region_id, name) values (152, 'Krabb');
insert into city(region_id, name) values (152, 'La Plata');
insert into city(region_id, name) values (152, 'Lans');
insert into city(region_id, name) values (152, 'Lezama');
insert into city(region_id, name) values (152, 'Lincoln');
insert into city(region_id, name) values (152, 'Llavallol');
insert into city(region_id, name) values (152, 'Los Indios');
insert into city(region_id, name) values (152, 'Manzone');
insert into city(region_id, name) values (152, 'Mar Chiquita');
insert into city(region_id, name) values (152, 'Mar de Plata');
insert into city(region_id, name) values (152, 'Mar del Plata');
insert into city(region_id, name) values (152, 'Marcos Paz');
insert into city(region_id, name) values (152, 'Mariano Acosta');
insert into city(region_id, name) values (152, 'Marucha');
insert into city(region_id, name) values (152, 'Mercedes');
insert into city(region_id, name) values (152, 'Monte Grande');
insert into city(region_id, name) values (152, 'Morn');
insert into city(region_id, name) values (152, 'Olivos');
insert into city(region_id, name) values (152, 'Palemn Huergo');
insert into city(region_id, name) values (152, 'Primera Junta');
insert into city(region_id, name) values (152, 'Punta Alta');
insert into city(region_id, name) values (152, 'Ramos Meja');
insert into city(region_id, name) values (152, 'Rivadavia');
insert into city(region_id, name) values (152, 'San Martn');
insert into city(region_id, name) values (152, 'San Miguel');
insert into city(region_id, name) values (152, 'San Vicente');
insert into city(region_id, name) values (152, 'Tandil');
insert into city(region_id, name) values (152, 'Temperley');
insert into city(region_id, name) values (152, 'Tigre');
insert into city(region_id, name) values (152, 'Trenque Lauquen');
insert into city(region_id, name) values (152, 'Tres Arroyos');
insert into city(region_id, name) values (152, 'V. Lpez');
insert into city(region_id, name) values (152, 'Vicente Lpez');
insert into city(region_id, name) values (152, 'Villa Ballester');
insert into city(region_id, name) values (152, 'Villa General Savio');
insert into city(region_id, name) values (152, 'Wilde');
insert into region(id, country_id, name) values (176, 15, 'Aragatsotn');
insert into region(id, country_id, name) values (177, 15, 'Ararat');
insert into region(id, country_id, name) values (178, 15, 'Armavir');
insert into region(id, country_id, name) values (179, 15, 'Gegharkunik');
insert into region(id, country_id, name) values (180, 15, 'Kotayk');
insert into region(id, country_id, name) values (181, 15, 'Lorri');
insert into region(id, country_id, name) values (182, 15, 'None');
insert into region(id, country_id, name) values (183, 15, 'Shirak');
insert into region(id, country_id, name) values (184, 15, 'Syunik');
insert into region(id, country_id, name) values (185, 15, 'Tavush');
insert into region(id, country_id, name) values (186, 15, 'Vayots Dzor');
insert into region(id, country_id, name) values (187, 15, 'Yerevan');
insert into city(region_id, name) values (15, 'Калач');
insert into city(region_id, name) values (15, 'Анна');
insert into city(region_id, name) values (15, 'Бобров');
insert into city(region_id, name) values (15, 'Богучар');
insert into city(region_id, name) values (15, 'Борисоглебск');
insert into city(region_id, name) values (15, 'Бутурлиновка');
insert into city(region_id, name) values (15, 'Верхний Мамон');
insert into city(region_id, name) values (15, 'Верхняя Хава');
insert into city(region_id, name) values (15, 'Воробьевка');
insert into city(region_id, name) values (15, 'Воронеж');
insert into city(region_id, name) values (15, 'Грибановский');
insert into city(region_id, name) values (15, 'Давыдовка');
insert into city(region_id, name) values (15, 'Елань-Коленовский');
insert into city(region_id, name) values (15, 'Кантемировка');
insert into city(region_id, name) values (15, 'Лиски (Воронежская обл.)');
insert into city(region_id, name) values (15, 'Нижнедевицк');
insert into city(region_id, name) values (15, 'Новая Усмань');
insert into city(region_id, name) values (15, 'Нововоронеж');
insert into city(region_id, name) values (15, 'Новохоперск');
insert into city(region_id, name) values (15, 'Ольховатка');
insert into city(region_id, name) values (15, 'Острогожск');
insert into city(region_id, name) values (15, 'Павловск (Воронежская обл.)');
insert into city(region_id, name) values (15, 'Панино');
insert into city(region_id, name) values (15, 'Петропавловка');
insert into city(region_id, name) values (15, 'Поворино');
insert into city(region_id, name) values (15, 'Подгоренский');
insert into city(region_id, name) values (15, 'Рамонь');
insert into city(region_id, name) values (15, 'Репьевка');
insert into city(region_id, name) values (15, 'Россошь');
insert into city(region_id, name) values (15, 'Семилуки');
insert into city(region_id, name) values (15, 'Таловая');
insert into city(region_id, name) values (15, 'Терновка');
insert into city(region_id, name) values (15, 'Хохольский');
insert into city(region_id, name) values (15, 'Эртиль');
insert into city(region_id, name) values (92, 'Александровка');
insert into city(region_id, name) values (92, 'Арбузинка');
insert into city(region_id, name) values (92, 'Баштанка');
insert into city(region_id, name) values (92, 'Березнеговатое');
insert into city(region_id, name) values (92, 'Братское');
insert into city(region_id, name) values (92, 'Великая Корениха');
insert into city(region_id, name) values (92, 'Веселиново');
insert into city(region_id, name) values (92, 'Вознесенск');
insert into city(region_id, name) values (92, 'Доманевка');
insert into city(region_id, name) values (92, 'Еланец');
insert into city(region_id, name) values (92, 'Казанка');
insert into city(region_id, name) values (92, 'Коблево');
insert into city(region_id, name) values (92, 'Кривое Озеро');
insert into city(region_id, name) values (92, 'Николаев');
insert into city(region_id, name) values (92, 'Новая Одесса');
insert into city(region_id, name) values (92, 'Новый Буг');
insert into city(region_id, name) values (92, 'Очаков');
insert into city(region_id, name) values (92, 'Первомайск');
insert into city(region_id, name) values (92, 'Снигиревка');
insert into city(region_id, name) values (92, 'Южноукраинск');
insert into city(region_id, name) values (135, 'Goxhaj');
insert into city(region_id, name) values (146, 'La Maana');
insert into city(region_id, name) values (146, 'La Massana');
insert into city(region_id, name) values (153, 'Adolfo E. Carranza');
insert into city(region_id, name) values (153, 'Majada');
insert into city(region_id, name) values (153, 'San Fernando del Valle de Catamarca');
insert into city(region_id, name) values (153, 'Tinogasta');
insert into city(region_id, name) values (176, 'Abaran');
insert into city(region_id, name) values (176, 'Achtarak');
insert into city(region_id, name) values (176, 'Agarak');
insert into city(region_id, name) values (176, 'Aghtsk');
insert into city(region_id, name) values (176, 'Alagyaz');
insert into city(region_id, name) values (176, 'Aparan');
insert into city(region_id, name) values (176, 'Aragats');
insert into city(region_id, name) values (176, 'Aragatsotn');
insert into city(region_id, name) values (176, 'Ashtarak');
insert into city(region_id, name) values (176, 'Dzhamushlu');
insert into city(region_id, name) values (176, 'Oganavan');
insert into city(region_id, name) values (176, 'Persi');
insert into city(region_id, name) values (176, 'Talin');
insert into city(region_id, name) values (176, 'Ujan');
insert into city(region_id, name) values (176, 'Yerindzhatap');
insert into region(id, country_id, name) values (188, 16, 'Арулько');
insert into city(region_id, name) values (16, 'Агвали');
insert into city(region_id, name) values (16, 'Акуша');
insert into city(region_id, name) values (16, 'Ахты');
insert into city(region_id, name) values (16, 'Ачису');
insert into city(region_id, name) values (16, 'Бабаюрт');
insert into city(region_id, name) values (16, 'Бежта');
insert into city(region_id, name) values (16, 'Ботлих');
insert into city(region_id, name) values (16, 'Буйнакск');
insert into city(region_id, name) values (16, 'Вачи');
insert into city(region_id, name) values (16, 'Гергебиль');
insert into city(region_id, name) values (16, 'Гуниб');
insert into city(region_id, name) values (16, 'Дагестанские Огни');
insert into city(region_id, name) values (16, 'Дербент');
insert into city(region_id, name) values (16, 'Дылым');
insert into city(region_id, name) values (16, 'Ершовка');
insert into city(region_id, name) values (16, 'Избербаш');
insert into city(region_id, name) values (16, 'Карабудахкент');
insert into city(region_id, name) values (16, 'Карата');
insert into city(region_id, name) values (16, 'Каспийск');
insert into city(region_id, name) values (16, 'Касумкент');
insert into city(region_id, name) values (16, 'Кизилюрт');
insert into city(region_id, name) values (16, 'Кизляр');
insert into city(region_id, name) values (16, 'Кочубей');
insert into city(region_id, name) values (16, 'Кумух');
insert into city(region_id, name) values (16, 'Курах');
insert into city(region_id, name) values (16, 'Магарамкент');
insert into city(region_id, name) values (16, 'Маджалис');
insert into city(region_id, name) values (16, 'Махачкала');
insert into city(region_id, name) values (16, 'Мехельта');
insert into city(region_id, name) values (16, 'Новолакское');
insert into city(region_id, name) values (16, 'Рутул');
insert into city(region_id, name) values (16, 'Советское (Дагестан)');
insert into city(region_id, name) values (16, 'Тарумовка');
insert into city(region_id, name) values (16, 'Терекли-Мектеб');
insert into city(region_id, name) values (16, 'Тлярата');
insert into city(region_id, name) values (16, 'Тпиг');
insert into city(region_id, name) values (16, 'Унцукуль');
insert into city(region_id, name) values (16, 'Уркарах');
insert into city(region_id, name) values (16, 'Хасавюрт');
insert into city(region_id, name) values (16, 'Хив');
insert into city(region_id, name) values (16, 'Хунзах');
insert into city(region_id, name) values (16, 'Цуриб');
insert into city(region_id, name) values (16, 'Южно-Сухокумск');
insert into city(region_id, name) values (93, 'Аккерман');
insert into city(region_id, name) values (93, 'Ананьев');
insert into city(region_id, name) values (93, 'Арциз');
insert into city(region_id, name) values (93, 'Балта');
insert into city(region_id, name) values (93, 'Белгород-Днестровский');
insert into city(region_id, name) values (93, 'Беляевка');
insert into city(region_id, name) values (93, 'Березино');
insert into city(region_id, name) values (93, 'Березовка');
insert into city(region_id, name) values (93, 'Болград');
insert into city(region_id, name) values (93, 'Бородино');
insert into city(region_id, name) values (93, 'Великая Михайловка');
insert into city(region_id, name) values (93, 'Великодолининское');
insert into city(region_id, name) values (93, 'Вилково');
insert into city(region_id, name) values (93, 'Затишье');
insert into city(region_id, name) values (93, 'Измаил');
insert into city(region_id, name) values (93, 'Ильичевск');
insert into city(region_id, name) values (93, 'Килия');
insert into city(region_id, name) values (93, 'Кодыма');
insert into city(region_id, name) values (93, 'Коминтерновское');
insert into city(region_id, name) values (93, 'Котовск');
insert into city(region_id, name) values (93, 'Красные Окны');
insert into city(region_id, name) values (93, 'Любашевка');
insert into city(region_id, name) values (93, 'Николаевка');
insert into city(region_id, name) values (93, 'Овидиополь');
insert into city(region_id, name) values (93, 'Одесса');
insert into city(region_id, name) values (93, 'Раздельная');
insert into city(region_id, name) values (93, 'Рени');
insert into city(region_id, name) values (93, 'Саврань');
insert into city(region_id, name) values (93, 'Сарата');
insert into city(region_id, name) values (93, 'Тарутино');
insert into city(region_id, name) values (93, 'Татарбунары');
insert into city(region_id, name) values (93, 'Теплодар');
insert into city(region_id, name) values (93, 'Фрунзовка');
insert into city(region_id, name) values (93, 'Ширяево');
insert into city(region_id, name) values (93, 'Южный');
insert into city(region_id, name) values (136, 'Apripa e Parava');
insert into city(region_id, name) values (136, 'Boboti');
insert into city(region_id, name) values (136, 'Dobre');
insert into city(region_id, name) values (147, 'Biisarri');
insert into city(region_id, name) values (147, 'El Pui');
insert into city(region_id, name) values (147, 'Erez');
insert into city(region_id, name) values (147, 'Juberri');
insert into city(region_id, name) values (147, 'Pas de la Casa');
insert into city(region_id, name) values (147, 'Vila');
insert into city(region_id, name) values (154, 'Basail');
insert into city(region_id, name) values (154, 'Charatas');
insert into city(region_id, name) values (154, 'Loma Florida');
insert into city(region_id, name) values (154, 'Presidente Roque Senz Pea');
insert into city(region_id, name) values (154, 'Resistencia');
insert into city(region_id, name) values (177, 'Ablkend');
insert into city(region_id, name) values (177, 'Abovyan');
insert into city(region_id, name) values (177, 'Agbash');
insert into city(region_id, name) values (177, 'Aralek');
insert into city(region_id, name) values (177, 'Ararat');
insert into city(region_id, name) values (177, 'Arevshat');
insert into city(region_id, name) values (177, 'Artashat');
insert into city(region_id, name) values (177, 'Dimitrov');
insert into city(region_id, name) values (177, 'Dvin Armyanskiy');
insert into city(region_id, name) values (177, 'Kakhtsrashen');
insert into city(region_id, name) values (177, 'Masis');
insert into city(region_id, name) values (177, 'Urtsadzor');
insert into city(region_id, name) values (177, 'Vedi');
insert into city(region_id, name) values (177, 'Verin Artashat');
insert into city(region_id, name) values (177, 'Vosketap');
insert into city(region_id, name) values (177, 'Zorak');
insert into city(region_id, name) values (188, 'Балайм');
insert into region(id, country_id, name) values (189, 17, 'Афганистан');
insert into city(region_id, name) values (17, 'Биробиджан');
insert into city(region_id, name) values (94, 'Белики');
insert into city(region_id, name) values (94, 'Великая Багачка');
insert into city(region_id, name) values (94, 'Гадяч');
insert into city(region_id, name) values (94, 'Глобино');
insert into city(region_id, name) values (94, 'Гоголево');
insert into city(region_id, name) values (94, 'Градижск');
insert into city(region_id, name) values (94, 'Гребенка');
insert into city(region_id, name) values (94, 'Диканька');
insert into city(region_id, name) values (94, 'Зеньков');
insert into city(region_id, name) values (94, 'Карловка');
insert into city(region_id, name) values (94, 'Кобеляки');
insert into city(region_id, name) values (94, 'Козельщина');
insert into city(region_id, name) values (94, 'Комсомольск');
insert into city(region_id, name) values (94, 'Котельва');
insert into city(region_id, name) values (94, 'Кременчуг');
insert into city(region_id, name) values (94, 'Лохвица');
insert into city(region_id, name) values (94, 'Лубны');
insert into city(region_id, name) values (94, 'Машевка');
insert into city(region_id, name) values (94, 'Миргород');
insert into city(region_id, name) values (94, 'Новые Санжары');
insert into city(region_id, name) values (94, 'Оржица');
insert into city(region_id, name) values (94, 'Пирянтин');
insert into city(region_id, name) values (94, 'Пирятин');
insert into city(region_id, name) values (94, 'Полтава');
insert into city(region_id, name) values (94, 'Решетиловка');
insert into city(region_id, name) values (94, 'Семеновка');
insert into city(region_id, name) values (94, 'Хорол');
insert into city(region_id, name) values (94, 'Чернухи');
insert into city(region_id, name) values (94, 'Чутово');
insert into city(region_id, name) values (94, 'Шишаки');
insert into city(region_id, name) values (137, 'Ahmedaj');
insert into city(region_id, name) values (137, 'Arban');
insert into city(region_id, name) values (137, 'Tirana');
insert into city(region_id, name) values (137, 'Tiran');
insert into city(region_id, name) values (137, 'Tyranna');
insert into city(region_id, name) values (137, 'Zalli i Herit');
insert into city(region_id, name) values (148, 'Ordino');
insert into city(region_id, name) values (155, 'Puelo');
insert into city(region_id, name) values (155, 'Rada Tilly');
insert into city(region_id, name) values (155, 'Rawson');
insert into city(region_id, name) values (178, 'Agdzharkh');
insert into city(region_id, name) values (178, 'Aknalich');
insert into city(region_id, name) values (178, 'Amasiya');
insert into city(region_id, name) values (178, 'Apaga');
insert into city(region_id, name) values (178, 'Arevik');
insert into city(region_id, name) values (178, 'Argavand');
insert into city(region_id, name) values (178, 'Armavir');
insert into city(region_id, name) values (178, 'Armutlu');
insert into city(region_id, name) values (178, 'Aygek');
insert into city(region_id, name) values (178, 'Aygeshat');
insert into city(region_id, name) values (178, 'Bambakashat');
insert into city(region_id, name) values (178, 'Echmiadzin');
insert into city(region_id, name) values (178, 'Echmiatsin');
insert into city(region_id, name) values (178, 'Ejmiatsin');
insert into city(region_id, name) values (178, 'Hoktemberyan');
insert into city(region_id, name) values (178, 'Iejmiatsin');
insert into city(region_id, name) values (178, 'Janfida');
insert into city(region_id, name) values (178, 'Metsamor');
insert into city(region_id, name) values (178, 'Mrgashat');
insert into city(region_id, name) values (178, 'Musaler');
insert into city(region_id, name) values (178, 'Oktemberyan');
insert into city(region_id, name) values (178, 'Parakar');
insert into city(region_id, name) values (178, 'Vagharshapat');
insert into city(region_id, name) values (178, 'Zeyva');
insert into city(region_id, name) values (189, 'Баглан');
insert into city(region_id, name) values (189, 'Герат');
insert into city(region_id, name) values (189, 'Кабул');
insert into city(region_id, name) values (189, 'Кандагар');
insert into city(region_id, name) values (189, 'Кундуз');
insert into city(region_id, name) values (189, 'Чарикар');
insert into region(id, country_id, name) values (190, 18, 'Багамы');
insert into city(region_id, name) values (18, 'Архиповка');
insert into city(region_id, name) values (18, 'Верхний Ландех');
insert into city(region_id, name) values (18, 'Вичуга');
insert into city(region_id, name) values (18, 'Гаврилов Посад');
insert into city(region_id, name) values (18, 'Долматовский');
insert into city(region_id, name) values (18, 'Дуляпино');
insert into city(region_id, name) values (18, 'Заволжск');
insert into city(region_id, name) values (18, 'Заречный (Ивановская обл.)');
insert into city(region_id, name) values (18, 'Иваново');
insert into city(region_id, name) values (18, 'Иваньковский');
insert into city(region_id, name) values (18, 'Ильинское-Хованское');
insert into city(region_id, name) values (18, 'Каминский');
insert into city(region_id, name) values (18, 'Кинешма');
insert into city(region_id, name) values (18, 'Комсомольск');
insert into city(region_id, name) values (18, 'Кохма');
insert into city(region_id, name) values (18, 'Лух');
insert into city(region_id, name) values (18, 'Палех');
insert into city(region_id, name) values (18, 'Пестяки');
insert into city(region_id, name) values (18, 'Приволжск');
insert into city(region_id, name) values (18, 'Пучеж');
insert into city(region_id, name) values (18, 'Родники (Ивановская обл.)');
insert into city(region_id, name) values (18, 'Савино');
insert into city(region_id, name) values (18, 'Сокольское');
insert into city(region_id, name) values (18, 'Тейково');
insert into city(region_id, name) values (18, 'Фурманов');
insert into city(region_id, name) values (18, 'Шуя');
insert into city(region_id, name) values (18, 'Южа');
insert into city(region_id, name) values (18, 'Юрьевец');
insert into city(region_id, name) values (95, 'Владимирец');
insert into city(region_id, name) values (95, 'Гоща');
insert into city(region_id, name) values (95, 'Демидовка');
insert into city(region_id, name) values (95, 'Дубно');
insert into city(region_id, name) values (95, 'Дубровица');
insert into city(region_id, name) values (95, 'Заречное');
insert into city(region_id, name) values (95, 'Здолбунов');
insert into city(region_id, name) values (95, 'Клевань');
insert into city(region_id, name) values (95, 'Клесов');
insert into city(region_id, name) values (95, 'Корец');
insert into city(region_id, name) values (95, 'Костополь');
insert into city(region_id, name) values (95, 'Кузнецовск');
insert into city(region_id, name) values (95, 'Млинов');
insert into city(region_id, name) values (95, 'Острог');
insert into city(region_id, name) values (95, 'Радивилов');
insert into city(region_id, name) values (95, 'Ровно');
insert into city(region_id, name) values (95, 'Сарны');
insert into city(region_id, name) values (138, 'Aliban');
insert into city(region_id, name) values (138, 'Alicu');
insert into city(region_id, name) values (149, 'San Juli');
insert into city(region_id, name) values (149, 'Santa Juli de Loria');
insert into city(region_id, name) values (156, 'Agua de Ramn');
insert into city(region_id, name) values (156, 'Alto Cordoba');
insert into city(region_id, name) values (156, 'Barrio Monte Grande');
insert into city(region_id, name) values (156, 'Crdoba');
insert into city(region_id, name) values (156, 'Jess Mara');
insert into city(region_id, name) values (156, 'Ro Cuarto');
insert into city(region_id, name) values (156, 'San Francisco');
insert into city(region_id, name) values (156, 'Villa Carlos Paz');
insert into city(region_id, name) values (179, 'Agbulalakh');
insert into city(region_id, name) values (179, 'Agexus');
insert into city(region_id, name) values (179, 'Akunk');
insert into city(region_id, name) values (179, 'Amirkher');
insert into city(region_id, name) values (179, 'Areguni');
insert into city(region_id, name) values (179, 'Azat');
insert into city(region_id, name) values (179, 'Chambarak');
insert into city(region_id, name) values (179, 'Gavar');
insert into city(region_id, name) values (179, 'Gavarr');
insert into city(region_id, name) values (179, 'Kamo');
insert into city(region_id, name) values (179, 'Krasnoselsk');
insert into city(region_id, name) values (179, 'Kyavar');
insert into city(region_id, name) values (179, 'Martuni');
insert into city(region_id, name) values (179, 'Martuny');
insert into city(region_id, name) values (179, 'Noraduz');
insert into city(region_id, name) values (179, 'Norakert');
insert into city(region_id, name) values (179, 'Noratus');
insert into city(region_id, name) values (179, 'Sevan');
insert into city(region_id, name) values (179, 'Tazagyugh');
insert into city(region_id, name) values (179, 'Vardenis');
insert into city(region_id, name) values (179, 'Verkhnyaya Gezaldara');
insert into city(region_id, name) values (190, 'Нассау');
insert into region(id, country_id, name) values (191, 19, 'Бангладеш');
insert into city(region_id, name) values (19, 'Алексеевск');
insert into city(region_id, name) values (19, 'Алзамай');
insert into city(region_id, name) values (19, 'Алыгжер');
insert into city(region_id, name) values (19, 'Ангарск');
insert into city(region_id, name) values (19, 'Артемовский (Иркутская обл.)');
insert into city(region_id, name) values (19, 'Байкал');
insert into city(region_id, name) values (19, 'Байкальск');
insert into city(region_id, name) values (19, 'Балаганск');
insert into city(region_id, name) values (19, 'Баяндай');
insert into city(region_id, name) values (19, 'Бирюсинск');
insert into city(region_id, name) values (19, 'Бодайбо');
insert into city(region_id, name) values (19, 'Большая Речка');
insert into city(region_id, name) values (19, 'Большой Луг');
insert into city(region_id, name) values (19, 'Бохан');
insert into city(region_id, name) values (19, 'Братск');
insert into city(region_id, name) values (19, 'Видим');
insert into city(region_id, name) values (19, 'Витимский');
insert into city(region_id, name) values (19, 'Вихоревка');
insert into city(region_id, name) values (19, 'Еланцы');
insert into city(region_id, name) values (19, 'Ербогачен');
insert into city(region_id, name) values (19, 'Железногорск-Илимский');
insert into city(region_id, name) values (19, 'Жигалово');
insert into city(region_id, name) values (19, 'Забитуй');
insert into city(region_id, name) values (19, 'Залари');
insert into city(region_id, name) values (19, 'Звездный');
insert into city(region_id, name) values (19, 'Зима');
insert into city(region_id, name) values (19, 'Иркутск');
insert into city(region_id, name) values (19, 'Казачинское (Иркутская обл.)');
insert into city(region_id, name) values (19, 'Качуг');
insert into city(region_id, name) values (19, 'Квиток');
insert into city(region_id, name) values (19, 'Киренск');
insert into city(region_id, name) values (19, 'Куйтун');
insert into city(region_id, name) values (19, 'Култук');
insert into city(region_id, name) values (19, 'Кутулик');
insert into city(region_id, name) values (19, 'Мама');
insert into city(region_id, name) values (19, 'Нижнеудинск');
insert into city(region_id, name) values (19, 'Оса');
insert into city(region_id, name) values (19, 'Саянск');
insert into city(region_id, name) values (19, 'Слюдянка');
insert into city(region_id, name) values (19, 'Тайшет');
insert into city(region_id, name) values (19, 'Тулун');
insert into city(region_id, name) values (19, 'Усолье-Сибирское (Иркутская обл.)');
insert into city(region_id, name) values (19, 'Усть-Илимск');
insert into city(region_id, name) values (19, 'Усть-Кут');
insert into city(region_id, name) values (19, 'Усть-Ордынский');
insert into city(region_id, name) values (19, 'Усть-Уда');
insert into city(region_id, name) values (19, 'Черемхово');
insert into city(region_id, name) values (19, 'Чунский');
insert into city(region_id, name) values (19, 'Шелехов');
insert into city(region_id, name) values (96, 'Ахтырка');
insert into city(region_id, name) values (96, 'Белополье');
insert into city(region_id, name) values (96, 'Бурынь');
insert into city(region_id, name) values (96, 'Великая Писаревка');
insert into city(region_id, name) values (96, 'Ворожба');
insert into city(region_id, name) values (96, 'Воронеж');
insert into city(region_id, name) values (96, 'Глухов');
insert into city(region_id, name) values (96, 'Дружба');
insert into city(region_id, name) values (96, 'Знобь-Новгородское');
insert into city(region_id, name) values (96, 'Кириковка');
insert into city(region_id, name) values (96, 'Конотоп');
insert into city(region_id, name) values (96, 'Краснополье');
insert into city(region_id, name) values (96, 'Кролевец');
insert into city(region_id, name) values (96, 'Лебедин');
insert into city(region_id, name) values (96, 'Липовая Долина');
insert into city(region_id, name) values (96, 'Недригайлов');
insert into city(region_id, name) values (96, 'Путивль');
insert into city(region_id, name) values (96, 'Ромны');
insert into city(region_id, name) values (96, 'Середина-Буда');
insert into city(region_id, name) values (96, 'Сумы');
insert into city(region_id, name) values (96, 'Тростянец');
insert into city(region_id, name) values (96, 'Шостка');
insert into city(region_id, name) values (96, 'Шурупинское');
insert into city(region_id, name) values (96, 'Ямполь');
insert into city(region_id, name) values (157, 'Corrientes');
insert into city(region_id, name) values (180, 'Abovyan');
insert into city(region_id, name) values (180, 'Akhundov');
insert into city(region_id, name) values (180, 'Alapars');
insert into city(region_id, name) values (180, 'Aragyugh');
insert into city(region_id, name) values (180, 'Arindzh');
insert into city(region_id, name) values (180, 'Arrinj');
insert into city(region_id, name) values (180, 'Arzakan');
insert into city(region_id, name) values (180, 'Arzni');
insert into city(region_id, name) values (180, 'Byuregavan');
insert into city(region_id, name) values (180, 'Charantsavan');
insert into city(region_id, name) values (180, 'Charentsavan');
insert into city(region_id, name) values (180, 'Choentsavan');
insert into city(region_id, name) values (180, 'Garni');
insert into city(region_id, name) values (180, 'Hrazdan');
insert into city(region_id, name) values (180, 'Jegward');
insert into city(region_id, name) values (180, 'Lernanist');
insert into city(region_id, name) values (180, 'Megradzor');
insert into city(region_id, name) values (180, 'Nor Achin');
insert into city(region_id, name) values (180, 'Nor Geghi');
insert into city(region_id, name) values (180, 'Nor Hachyn');
insert into city(region_id, name) values (180, 'Proshyan');
insert into city(region_id, name) values (180, 'Razdan');
insert into city(region_id, name) values (180, 'Rndamal');
insert into city(region_id, name) values (180, 'Tsaghkadzor');
insert into city(region_id, name) values (180, 'Tsakhkadzor');
insert into city(region_id, name) values (180, 'Yegvard');
insert into city(region_id, name) values (180, 'Yevgard');
insert into city(region_id, name) values (191, 'Дакка');
insert into city(region_id, name) values (191, 'Читтагонг');
insert into region(id, country_id, name) values (192, 20, 'Барбадос');
insert into city(region_id, name) values (20, 'Баксан');
insert into city(region_id, name) values (20, 'Майский');
insert into city(region_id, name) values (20, 'Нальчик');
insert into city(region_id, name) values (20, 'Нарткала');
insert into city(region_id, name) values (20, 'Прохладный');
insert into city(region_id, name) values (20, 'Советское (Кабардино-Балкария)');
insert into city(region_id, name) values (20, 'Терек');
insert into city(region_id, name) values (20, 'Тырныауз');
insert into city(region_id, name) values (20, 'Чегем-Первый');
insert into city(region_id, name) values (97, 'Бережаны');
insert into city(region_id, name) values (97, 'Борщев');
insert into city(region_id, name) values (97, 'Бучач');
insert into city(region_id, name) values (97, 'Великие Борки');
insert into city(region_id, name) values (97, 'Вишневец');
insert into city(region_id, name) values (97, 'Гримайлов');
insert into city(region_id, name) values (97, 'Гусятин');
insert into city(region_id, name) values (97, 'Залещики');
insert into city(region_id, name) values (97, 'Заложцы');
insert into city(region_id, name) values (97, 'Збараж');
insert into city(region_id, name) values (97, 'Зборов');
insert into city(region_id, name) values (97, 'Золотники');
insert into city(region_id, name) values (97, 'Золотойпоток');
insert into city(region_id, name) values (97, 'Козлов');
insert into city(region_id, name) values (97, 'Козова');
insert into city(region_id, name) values (97, 'Кременец');
insert into city(region_id, name) values (97, 'Лановцы');
insert into city(region_id, name) values (97, 'Монастыриска');
insert into city(region_id, name) values (97, 'Подволочиск');
insert into city(region_id, name) values (97, 'Теребовля');
insert into city(region_id, name) values (97, 'Тернополь');
insert into city(region_id, name) values (97, 'Чортков');
insert into city(region_id, name) values (97, 'Шумское');
insert into city(region_id, name) values (158, 'Buenos Aires');
insert into city(region_id, name) values (158, 'Centro');
insert into city(region_id, name) values (158, 'Colegiales');
insert into city(region_id, name) values (158, 'Congreso');
insert into city(region_id, name) values (158, 'Flores');
insert into city(region_id, name) values (158, 'Floresta');
insert into city(region_id, name) values (158, 'Nez');
insert into city(region_id, name) values (158, 'Palermo');
insert into city(region_id, name) values (158, 'Recoleta');
insert into city(region_id, name) values (158, 'San Cristbal');
insert into city(region_id, name) values (158, 'Villa Crespo');
insert into city(region_id, name) values (158, 'Villa Devoto');
insert into city(region_id, name) values (158, 'Villa Urquiza');
insert into city(region_id, name) values (181, 'Agarak');
insert into city(region_id, name) values (181, 'Agvi');
insert into city(region_id, name) values (181, 'Akori');
insert into city(region_id, name) values (181, 'Akner');
insert into city(region_id, name) values (181, 'Alavar');
insert into city(region_id, name) values (181, 'Alaverdi');
insert into city(region_id, name) values (181, 'Alaverdy');
insert into city(region_id, name) values (181, 'Allaverdy');
insert into city(region_id, name) values (181, 'Archut');
insert into city(region_id, name) values (181, 'Arevashogh');
insert into city(region_id, name) values (181, 'Ayrum');
insert into city(region_id, name) values (181, 'Blagodarnoye');
insert into city(region_id, name) values (181, 'Bzovdal');
insert into city(region_id, name) values (181, 'Dzagidzor');
insert into city(region_id, name) values (181, 'Dzyunashogh');
insert into city(region_id, name) values (181, 'Gogavan');
insert into city(region_id, name) values (181, 'Jiliza');
insert into city(region_id, name) values (181, 'Kalinino');
insert into city(region_id, name) values (181, 'Karakilisa');
insert into city(region_id, name) values (181, 'Karaklis');
insert into city(region_id, name) values (181, 'Kirovakan');
insert into city(region_id, name) values (181, 'Kyzloran');
insert into city(region_id, name) values (181, 'Margahovit');
insert into city(region_id, name) values (181, 'Norashen');
insert into city(region_id, name) values (181, 'Odzun');
insert into city(region_id, name) values (181, 'Stepanavan');
insert into city(region_id, name) values (181, 'Stepahavan');
insert into city(region_id, name) values (181, 'Stepanawan-Lori');
insert into city(region_id, name) values (181, 'Sverdlov');
insert into city(region_id, name) values (181, 'Tashir');
insert into city(region_id, name) values (181, 'Tekhut');
insert into city(region_id, name) values (181, 'Tumanyan');
insert into city(region_id, name) values (181, 'Tyrchkhan');
insert into city(region_id, name) values (181, 'Vanadzor');
insert into city(region_id, name) values (192, 'Бриджтаун');
insert into region(id, country_id, name) values (193, 21, 'Бахрейн');
insert into city(region_id, name) values (21, 'Багратионовск');
insert into city(region_id, name) values (21, 'Балтийск');
insert into city(region_id, name) values (21, 'Гвардейск');
insert into city(region_id, name) values (21, 'Гурьевск (Калининградская обл.)');
insert into city(region_id, name) values (21, 'Гусев');
insert into city(region_id, name) values (21, 'Железнодорожный (Калининград.)');
insert into city(region_id, name) values (21, 'Зеленоградск');
insert into city(region_id, name) values (21, 'Знаменск');
insert into city(region_id, name) values (21, 'Калининград (Кенигсберг)');
insert into city(region_id, name) values (21, 'Краснознаменск (Калининград.)');
insert into city(region_id, name) values (21, 'Ладушкин');
insert into city(region_id, name) values (21, 'Мамоново');
insert into city(region_id, name) values (21, 'Неман');
insert into city(region_id, name) values (21, 'Нестеров');
insert into city(region_id, name) values (21, 'Озерск(Калининградская обл.)');
insert into city(region_id, name) values (21, 'Пионерск');
insert into city(region_id, name) values (21, 'Полесск');
insert into city(region_id, name) values (21, 'Правдинск');
insert into city(region_id, name) values (21, 'Светлогорск');
insert into city(region_id, name) values (21, 'Светлый (Калининградская обл.)');
insert into city(region_id, name) values (21, 'Славск');
insert into city(region_id, name) values (21, 'Советск (Калининградская обл.)');
insert into city(region_id, name) values (21, 'Черняховск');
insert into city(region_id, name) values (98, 'Армянск');
insert into city(region_id, name) values (98, 'Артек');
insert into city(region_id, name) values (98, 'Береговое');
insert into city(region_id, name) values (98, 'Ботаническое');
insert into city(region_id, name) values (98, 'Кастрополь');
insert into city(region_id, name) values (98, 'Кацивели');
insert into city(region_id, name) values (98, 'Кореиз');
insert into city(region_id, name) values (98, 'Красногвардейск');
insert into city(region_id, name) values (98, 'Краснокаменка');
insert into city(region_id, name) values (98, 'Курпаты');
insert into city(region_id, name) values (98, 'Ливадия');
insert into city(region_id, name) values (98, 'Мисхор');
insert into city(region_id, name) values (98, 'Олива');
insert into city(region_id, name) values (98, 'Оползневое');
insert into city(region_id, name) values (98, 'Парковое');
insert into city(region_id, name) values (98, 'Понизовка');
insert into city(region_id, name) values (98, 'Санаторное');
insert into city(region_id, name) values (98, 'Симеиз');
insert into city(region_id, name) values (159, 'Concepcin del Uruguay');
insert into city(region_id, name) values (159, 'Paran');
insert into city(region_id, name) values (182, 'Adzhilu');
insert into city(region_id, name) values (182, 'Ajlu');
insert into city(region_id, name) values (182, 'Aregnadem');
insert into city(region_id, name) values (182, 'Aygeat');
insert into city(region_id, name) values (182, 'Berd');
insert into city(region_id, name) values (182, 'Chubuliki');
insert into city(region_id, name) values (182, 'Karakilisa');
insert into city(region_id, name) values (182, 'Spitak');
insert into city(region_id, name) values (182, 'Voskehask');
insert into city(region_id, name) values (182, 'Yeniky');
insert into city(region_id, name) values (193, 'Доха');
insert into city(region_id, name) values (193, 'Манама');
insert into region(id, country_id, name) values (194, 22, 'Брестская обл.');
insert into region(id, country_id, name) values (195, 22, 'Витебская обл.');
insert into region(id, country_id, name) values (196, 22, 'Гомельская обл.');
insert into region(id, country_id, name) values (197, 22, 'Гродненская обл.');
insert into region(id, country_id, name) values (198, 22, 'Минская обл.');
insert into region(id, country_id, name) values (199, 22, 'Могилевская обл.');
insert into city(region_id, name) values (22, 'Аршань');
insert into city(region_id, name) values (22, 'Городовиковск');
insert into city(region_id, name) values (22, 'Каспийский');
insert into city(region_id, name) values (22, 'Комсомольский (Калмыкия)');
insert into city(region_id, name) values (22, 'Малые Дербеты');
insert into city(region_id, name) values (22, 'Приютное');
insert into city(region_id, name) values (22, 'Советское (Калмыкия)');
insert into city(region_id, name) values (22, 'Троицкое (Калмыкия)');
insert into city(region_id, name) values (22, 'Утта');
insert into city(region_id, name) values (22, 'Цаган-Аман');
insert into city(region_id, name) values (22, 'Элиста');
insert into city(region_id, name) values (22, 'Юста');
insert into city(region_id, name) values (22, 'Яшалта');
insert into city(region_id, name) values (22, 'Яшкуль');
insert into city(region_id, name) values (99, 'Балаклея');
insert into city(region_id, name) values (99, 'Барвенково');
insert into city(region_id, name) values (99, 'Близнюки');
insert into city(region_id, name) values (99, 'Богодухов');
insert into city(region_id, name) values (99, 'Борки');
insert into city(region_id, name) values (99, 'Боровая');
insert into city(region_id, name) values (99, 'Буды');
insert into city(region_id, name) values (99, 'Валки');
insert into city(region_id, name) values (99, 'Великий Бурлук');
insert into city(region_id, name) values (99, 'Волчанск');
insert into city(region_id, name) values (99, 'Готвальд');
insert into city(region_id, name) values (99, 'Гуты');
insert into city(region_id, name) values (99, 'Дергачи');
insert into city(region_id, name) values (99, 'Зачепиловка');
insert into city(region_id, name) values (99, 'Зидьки');
insert into city(region_id, name) values (99, 'Золочев');
insert into city(region_id, name) values (99, 'Изюм');
insert into city(region_id, name) values (99, 'Казачья Лопань');
insert into city(region_id, name) values (99, 'Кегичевка');
insert into city(region_id, name) values (99, 'Красноград');
insert into city(region_id, name) values (99, 'Краснокутск');
insert into city(region_id, name) values (99, 'Купянск');
insert into city(region_id, name) values (99, 'Лозовая');
insert into city(region_id, name) values (99, 'Люботин');
insert into city(region_id, name) values (99, 'Мерефа');
insert into city(region_id, name) values (99, 'Новая Водолага');
insert into city(region_id, name) values (99, 'Первомайский');
insert into city(region_id, name) values (99, 'Песочин');
insert into city(region_id, name) values (99, 'Сахновщина');
insert into city(region_id, name) values (99, 'Харьков');
insert into city(region_id, name) values (99, 'Чугуев');
insert into city(region_id, name) values (99, 'Шевченково');
insert into city(region_id, name) values (160, 'Formosa');
insert into city(region_id, name) values (160, 'Herradura');
insert into city(region_id, name) values (183, 'Alakilisa');
insert into city(region_id, name) values (183, 'Aleksandropol');
insert into city(region_id, name) values (183, 'Alexandropol');
insert into city(region_id, name) values (183, 'Amasia');
insert into city(region_id, name) values (183, 'Artik');
insert into city(region_id, name) values (183, 'Ashotsk');
insert into city(region_id, name) values (183, 'Gekhanist');
insert into city(region_id, name) values (183, 'Gyumri');
insert into city(region_id, name) values (183, 'Hayrenyats');
insert into city(region_id, name) values (183, 'Leninakan');
insert into city(region_id, name) values (183, 'Maralik');
insert into city(region_id, name) values (183, 'Mets Kyapanak');
insert into city(region_id, name) values (183, 'Salut');
insert into city(region_id, name) values (183, 'Saratak');
insert into city(region_id, name) values (194, 'Антополь');
insert into city(region_id, name) values (194, 'Барановичи');
insert into city(region_id, name) values (194, 'Белоозерск');
insert into city(region_id, name) values (194, 'Береза');
insert into city(region_id, name) values (194, 'Береза Картуска');
insert into city(region_id, name) values (194, 'Брест');
insert into city(region_id, name) values (194, 'Высокое');
insert into city(region_id, name) values (194, 'Ганцевичи');
insert into city(region_id, name) values (194, 'Городище');
insert into city(region_id, name) values (194, 'Давид-Городок');
insert into city(region_id, name) values (194, 'Домачево');
insert into city(region_id, name) values (194, 'Дрогичин');
insert into city(region_id, name) values (194, 'Жабинка');
insert into city(region_id, name) values (194, 'Ивацевичи');
insert into city(region_id, name) values (194, 'Каменец');
insert into city(region_id, name) values (194, 'Кобрин');
insert into city(region_id, name) values (194, 'Лунинец');
insert into city(region_id, name) values (194, 'Ляховичи');
insert into city(region_id, name) values (194, 'Малорита');
insert into city(region_id, name) values (194, 'Новолукомль');
insert into city(region_id, name) values (194, 'Пинск');
insert into city(region_id, name) values (194, 'Пружаны');
insert into city(region_id, name) values (194, 'Столин');
insert into region(id, country_id, name) values (200, 23, 'Belize');
insert into city(region_id, name) values (23, 'Бабынино');
insert into city(region_id, name) values (23, 'Балабаново');
insert into city(region_id, name) values (23, 'Барятино');
insert into city(region_id, name) values (23, 'Белоусово');
insert into city(region_id, name) values (23, 'Бетлица');
insert into city(region_id, name) values (23, 'Боровск');
insert into city(region_id, name) values (23, 'Дудоровский');
insert into city(region_id, name) values (23, 'Думиничи');
insert into city(region_id, name) values (23, 'Еленский');
insert into city(region_id, name) values (23, 'Жиздра');
insert into city(region_id, name) values (23, 'Жуков');
insert into city(region_id, name) values (23, 'Износки');
insert into city(region_id, name) values (23, 'Калуга');
insert into city(region_id, name) values (23, 'Киров (Калужская обл.)');
insert into city(region_id, name) values (23, 'Козельск');
insert into city(region_id, name) values (23, 'Кондрово');
insert into city(region_id, name) values (23, 'Кремёнки');
insert into city(region_id, name) values (23, 'Людиново');
insert into city(region_id, name) values (23, 'Малоярославец');
insert into city(region_id, name) values (23, 'Медынь');
insert into city(region_id, name) values (23, 'Мещовск');
insert into city(region_id, name) values (23, 'Мосальск');
insert into city(region_id, name) values (23, 'Обнинск');
insert into city(region_id, name) values (23, 'Перемышль');
insert into city(region_id, name) values (23, 'Спас-Деменск');
insert into city(region_id, name) values (23, 'Сухиничи');
insert into city(region_id, name) values (23, 'Таруса');
insert into city(region_id, name) values (23, 'Ульяново');
insert into city(region_id, name) values (23, 'Ферзиково');
insert into city(region_id, name) values (23, 'Хвастовичи');
insert into city(region_id, name) values (23, 'Юхнов');
insert into city(region_id, name) values (100, 'Аскания-Нова');
insert into city(region_id, name) values (100, 'Белая Криница');
insert into city(region_id, name) values (100, 'Белозерка');
insert into city(region_id, name) values (100, 'Берислав');
insert into city(region_id, name) values (100, 'Великая Александровка');
insert into city(region_id, name) values (100, 'Великая Лепетиха');
insert into city(region_id, name) values (100, 'Верхний Рогачик');
insert into city(region_id, name) values (100, 'Высокополье');
insert into city(region_id, name) values (100, 'Геническ');
insert into city(region_id, name) values (100, 'Голая Пристань');
insert into city(region_id, name) values (100, 'Горностаевка');
insert into city(region_id, name) values (100, 'Днепряны');
insert into city(region_id, name) values (100, 'Каланчак');
insert into city(region_id, name) values (100, 'Калининское');
insert into city(region_id, name) values (100, 'Каховка');
insert into city(region_id, name) values (100, 'Нижние Серогозы');
insert into city(region_id, name) values (100, 'Новая Каховка');
insert into city(region_id, name) values (100, 'Нововоронцовка');
insert into city(region_id, name) values (100, 'Новотроицкое');
insert into city(region_id, name) values (100, 'Скадовск');
insert into city(region_id, name) values (100, 'Херсон');
insert into city(region_id, name) values (100, 'Цюрупинск');
insert into city(region_id, name) values (100, 'Чаплинка');
insert into city(region_id, name) values (161, 'Cangrejilla');
insert into city(region_id, name) values (161, 'Jujuy');
insert into city(region_id, name) values (161, 'Oratorio');
insert into city(region_id, name) values (184, 'Agarak');
insert into city(region_id, name) values (184, 'Akhlatyan');
insert into city(region_id, name) values (184, 'Artsvenik');
insert into city(region_id, name) values (184, 'Goris');
insert into city(region_id, name) values (184, 'Kajaran');
insert into city(region_id, name) values (184, 'Kadzharan');
insert into city(region_id, name) values (184, 'Kafan');
insert into city(region_id, name) values (184, 'Kapan');
insert into city(region_id, name) values (184, 'Meghri');
insert into city(region_id, name) values (184, 'Megri');
insert into city(region_id, name) values (184, 'Megry');
insert into city(region_id, name) values (184, 'Sisian');
insert into city(region_id, name) values (184, 'Tegh');
insert into city(region_id, name) values (195, 'Барань');
insert into city(region_id, name) values (195, 'Бегомль');
insert into city(region_id, name) values (195, 'Бешенковичи');
insert into city(region_id, name) values (195, 'Богушевск');
insert into city(region_id, name) values (195, 'Браслав');
insert into city(region_id, name) values (195, 'Верхнедвинск');
insert into city(region_id, name) values (195, 'Ветрино');
insert into city(region_id, name) values (195, 'Видзы');
insert into city(region_id, name) values (195, 'Витебск');
insert into city(region_id, name) values (195, 'Воропаево');
insert into city(region_id, name) values (195, 'Глубокое');
insert into city(region_id, name) values (195, 'Городок');
insert into city(region_id, name) values (195, 'Дисна');
insert into city(region_id, name) values (195, 'Докшицы');
insert into city(region_id, name) values (195, 'Друя');
insert into city(region_id, name) values (195, 'Дубровно');
insert into city(region_id, name) values (195, 'Езерище');
insert into city(region_id, name) values (195, 'Лепель');
insert into city(region_id, name) values (195, 'Лиозно');
insert into city(region_id, name) values (195, 'Миоры');
insert into city(region_id, name) values (195, 'Новополоцк');
insert into city(region_id, name) values (195, 'Орша');
insert into city(region_id, name) values (195, 'Полоцк');
insert into city(region_id, name) values (195, 'Поставы');
insert into city(region_id, name) values (195, 'Россоны');
insert into city(region_id, name) values (195, 'Сенно');
insert into city(region_id, name) values (195, 'Толочин');
insert into city(region_id, name) values (195, 'Ушачи');
insert into city(region_id, name) values (195, 'Чашники');
insert into city(region_id, name) values (195, 'Шарковщина');
insert into city(region_id, name) values (195, 'Шумилино');
insert into city(region_id, name) values (200, 'Белиз-Сити');
insert into region(id, country_id, name) values (201, 24, 'Antwerpen');
insert into region(id, country_id, name) values (202, 24, 'Brabant Wallon');
insert into region(id, country_id, name) values (203, 24, 'Bruxelles');
insert into region(id, country_id, name) values (204, 24, 'Hainaut');
insert into region(id, country_id, name) values (205, 24, 'Lige');
insert into region(id, country_id, name) values (206, 24, 'Limburg');
insert into region(id, country_id, name) values (207, 24, 'Luxembourg');
insert into region(id, country_id, name) values (208, 24, 'Namur');
insert into region(id, country_id, name) values (209, 24, 'Oost-Vlaanderen');
insert into region(id, country_id, name) values (210, 24, 'Vlaams Brabant');
insert into region(id, country_id, name) values (211, 24, 'West-Vlaanderen');
insert into city(region_id, name) values (24, 'Атласово');
insert into city(region_id, name) values (24, 'Аянка');
insert into city(region_id, name) values (24, 'Большерецк');
insert into city(region_id, name) values (24, 'Вилючинск');
insert into city(region_id, name) values (24, 'Елизово (Камчатская обл.)');
insert into city(region_id, name) values (24, 'Ильпырский');
insert into city(region_id, name) values (24, 'Каменское');
insert into city(region_id, name) values (24, 'Кировский');
insert into city(region_id, name) values (24, 'Ключи (Камчатская обл.)');
insert into city(region_id, name) values (24, 'Крапивная');
insert into city(region_id, name) values (24, 'Мильково');
insert into city(region_id, name) values (24, 'Никольское');
insert into city(region_id, name) values (24, 'Озерновский');
insert into city(region_id, name) values (24, 'Оссора');
insert into city(region_id, name) values (24, 'Палана');
insert into city(region_id, name) values (24, 'Парень');
insert into city(region_id, name) values (24, 'Пахачи');
insert into city(region_id, name) values (24, 'Петропавловск-Камчатский');
insert into city(region_id, name) values (24, 'Тигиль');
insert into city(region_id, name) values (24, 'Тиличики');
insert into city(region_id, name) values (24, 'Усть-Большерецк');
insert into city(region_id, name) values (24, 'Усть-Камчатск');
insert into city(region_id, name) values (101, 'Антонины');
insert into city(region_id, name) values (101, 'Базалия');
insert into city(region_id, name) values (101, 'Белогорье');
insert into city(region_id, name) values (101, 'Виньковцы');
insert into city(region_id, name) values (101, 'Волочиск');
insert into city(region_id, name) values (101, 'Городок');
insert into city(region_id, name) values (101, 'Грицев');
insert into city(region_id, name) values (101, 'Деражня');
insert into city(region_id, name) values (101, 'Дунаевцы');
insert into city(region_id, name) values (101, 'Изяслав');
insert into city(region_id, name) values (101, 'Каменец-Подольский');
insert into city(region_id, name) values (101, 'Красилов');
insert into city(region_id, name) values (101, 'Летичев');
insert into city(region_id, name) values (101, 'Нетешин');
insert into city(region_id, name) values (101, 'Новая Ушица');
insert into city(region_id, name) values (101, 'Полонное');
insert into city(region_id, name) values (101, 'Славута');
insert into city(region_id, name) values (101, 'Старая Синява');
insert into city(region_id, name) values (101, 'Староконстантинов');
insert into city(region_id, name) values (101, 'Теофиполь');
insert into city(region_id, name) values (101, 'Хмельницкий');
insert into city(region_id, name) values (101, 'Чемеровцы');
insert into city(region_id, name) values (101, 'Шепетовка');
insert into city(region_id, name) values (101, 'Ярмолинцы');
insert into city(region_id, name) values (162, 'Abramo');
insert into city(region_id, name) values (162, 'Alta Italia');
insert into city(region_id, name) values (162, 'Chical-C');
insert into city(region_id, name) values (162, 'La Maruja');
insert into city(region_id, name) values (162, 'Santa Rosa');
insert into city(region_id, name) values (185, 'Aghavnavank');
insert into city(region_id, name) values (185, 'Ayrum');
insert into city(region_id, name) values (185, 'Azatamut');
insert into city(region_id, name) values (185, 'Bagratashen');
insert into city(region_id, name) values (185, 'Berdavan');
insert into city(region_id, name) values (185, 'Chinari');
insert into city(region_id, name) values (185, 'Delijan');
insert into city(region_id, name) values (185, 'Dilijan');
insert into city(region_id, name) values (185, 'Dilizhan');
insert into city(region_id, name) values (185, 'Gandzakar');
insert into city(region_id, name) values (185, 'Idzhevan');
insert into city(region_id, name) values (185, 'Ijevan');
insert into city(region_id, name) values (185, 'Kozman');
insert into city(region_id, name) values (185, 'Noyemberyan');
insert into city(region_id, name) values (185, 'Pkhtavan');
insert into city(region_id, name) values (185, 'Sevkar');
insert into city(region_id, name) values (196, 'Белицк');
insert into city(region_id, name) values (196, 'Большевик');
insert into city(region_id, name) values (196, 'Брагин');
insert into city(region_id, name) values (196, 'Буда-Кошелево');
insert into city(region_id, name) values (196, 'Василевичи');
insert into city(region_id, name) values (196, 'Васильевка');
insert into city(region_id, name) values (196, 'Ветка');
insert into city(region_id, name) values (196, 'Гомель');
insert into city(region_id, name) values (196, 'Добруш');
insert into city(region_id, name) values (196, 'Ельск');
insert into city(region_id, name) values (196, 'Житковичи');
insert into city(region_id, name) values (196, 'Жлобин');
insert into city(region_id, name) values (196, 'Калинковичи');
insert into city(region_id, name) values (196, 'Корма');
insert into city(region_id, name) values (196, 'Лельчицы');
insert into city(region_id, name) values (196, 'Лоев');
insert into city(region_id, name) values (196, 'Мозырь');
insert into city(region_id, name) values (196, 'Наровля');
insert into city(region_id, name) values (196, 'Октябрьский');
insert into city(region_id, name) values (196, 'Петриков');
insert into city(region_id, name) values (196, 'Речица');
insert into city(region_id, name) values (196, 'Речица');
insert into city(region_id, name) values (196, 'Речица');
insert into city(region_id, name) values (196, 'Рогачев');
insert into city(region_id, name) values (196, 'Светлогорск');
insert into city(region_id, name) values (196, 'Туров');
insert into city(region_id, name) values (196, 'Хойники');
insert into city(region_id, name) values (196, 'Чечерск');
insert into city(region_id, name) values (201, 'Aartselaar');
insert into city(region_id, name) values (201, 'Antwerpen');
insert into city(region_id, name) values (201, 'Balen');
insert into city(region_id, name) values (201, 'Boom');
insert into city(region_id, name) values (201, 'Brasschaat');
insert into city(region_id, name) values (201, 'Duffel');
insert into city(region_id, name) values (201, 'Essen');
insert into city(region_id, name) values (201, 'Geel');
insert into city(region_id, name) values (201, 'Heist-op-den-Berg');
insert into city(region_id, name) values (201, 'Herentals');
insert into city(region_id, name) values (201, 'Herenthout');
insert into city(region_id, name) values (201, 'Herselt');
insert into city(region_id, name) values (201, 'Kapellen');
insert into city(region_id, name) values (201, 'Lier');
insert into city(region_id, name) values (201, 'Lint');
insert into city(region_id, name) values (201, 'Mechelen');
insert into city(region_id, name) values (201, 'Mol');
insert into city(region_id, name) values (201, 'Mortsel');
insert into city(region_id, name) values (201, 'Olen');
insert into city(region_id, name) values (201, 'Putte');
insert into city(region_id, name) values (201, 'Schilde');
insert into city(region_id, name) values (201, 'Schoten');
insert into city(region_id, name) values (201, 'Turnhout');
insert into city(region_id, name) values (201, 'Zwijndrecht');
insert into region(id, country_id, name) values (212, 25, 'Бенин');
insert into city(region_id, name) values (25, 'Амбарный');
insert into city(region_id, name) values (25, 'Беломорск');
insert into city(region_id, name) values (25, 'Валаам');
insert into city(region_id, name) values (25, 'Вирандозеро');
insert into city(region_id, name) values (25, 'Гирвас');
insert into city(region_id, name) values (25, 'Деревянка');
insert into city(region_id, name) values (25, 'Идель');
insert into city(region_id, name) values (25, 'Ильинский (Карелия)');
insert into city(region_id, name) values (25, 'Калевала');
insert into city(region_id, name) values (25, 'Кемь');
insert into city(region_id, name) values (25, 'Кестеньга');
insert into city(region_id, name) values (25, 'Кондопога');
insert into city(region_id, name) values (25, 'Костомукша');
insert into city(region_id, name) values (25, 'Лахденпохья');
insert into city(region_id, name) values (25, 'Лоухи');
insert into city(region_id, name) values (25, 'Медвежьегорск');
insert into city(region_id, name) values (25, 'Муезерский');
insert into city(region_id, name) values (25, 'Олонец');
insert into city(region_id, name) values (25, 'Петрозаводск');
insert into city(region_id, name) values (25, 'Питкяранта');
insert into city(region_id, name) values (25, 'Повенец');
insert into city(region_id, name) values (25, 'Пряжа');
insert into city(region_id, name) values (25, 'Пудож');
insert into city(region_id, name) values (25, 'Сегежа');
insert into city(region_id, name) values (25, 'Сортавала');
insert into city(region_id, name) values (25, 'Суоярви');
insert into city(region_id, name) values (25, 'Хийденсельга');
insert into city(region_id, name) values (102, 'Ватутино');
insert into city(region_id, name) values (102, 'Городище');
insert into city(region_id, name) values (102, 'Драбов');
insert into city(region_id, name) values (102, 'Ерки');
insert into city(region_id, name) values (102, 'Жашков');
insert into city(region_id, name) values (102, 'Зараевск');
insert into city(region_id, name) values (102, 'Звенигородка');
insert into city(region_id, name) values (102, 'Золотоноша');
insert into city(region_id, name) values (102, 'Ирдынь');
insert into city(region_id, name) values (102, 'Каменка');
insert into city(region_id, name) values (102, 'Канев');
insert into city(region_id, name) values (102, 'Катеринополь');
insert into city(region_id, name) values (102, 'Корсунь-Шевченковский');
insert into city(region_id, name) values (102, 'Лысянка');
insert into city(region_id, name) values (102, 'Маньковка');
insert into city(region_id, name) values (102, 'Монастырище');
insert into city(region_id, name) values (102, 'Смела');
insert into city(region_id, name) values (102, 'Тальное');
insert into city(region_id, name) values (102, 'Умань');
insert into city(region_id, name) values (102, 'Христиновка');
insert into city(region_id, name) values (102, 'Черкассы');
insert into city(region_id, name) values (102, 'Чернобай');
insert into city(region_id, name) values (102, 'Чигирин');
insert into city(region_id, name) values (102, 'Шпола');
insert into city(region_id, name) values (163, 'Agua Colorada');
insert into city(region_id, name) values (163, 'Alanices');
insert into city(region_id, name) values (163, 'Algarrobo Grande');
insert into city(region_id, name) values (163, 'Milagro');
insert into city(region_id, name) values (186, 'Agarakadzor');
insert into city(region_id, name) values (186, 'Akhavnadzor');
insert into city(region_id, name) values (186, 'Dzhermuk');
insert into city(region_id, name) values (186, 'Gladzor');
insert into city(region_id, name) values (186, 'Jermuk');
insert into city(region_id, name) values (186, 'Malishka');
insert into city(region_id, name) values (186, 'Vayk');
insert into city(region_id, name) values (186, 'Yeghegnadzor');
insert into city(region_id, name) values (186, 'Yekhegnadzor');
insert into city(region_id, name) values (197, 'Большая Берестовица');
insert into city(region_id, name) values (197, 'Волковыск');
insert into city(region_id, name) values (197, 'Вороново');
insert into city(region_id, name) values (197, 'Гродно');
insert into city(region_id, name) values (197, 'Дятлово');
insert into city(region_id, name) values (197, 'Желудок');
insert into city(region_id, name) values (197, 'Зельва');
insert into city(region_id, name) values (197, 'Ивье');
insert into city(region_id, name) values (197, 'Козловщина');
insert into city(region_id, name) values (197, 'Кореличи');
insert into city(region_id, name) values (197, 'Лида');
insert into city(region_id, name) values (197, 'Мосты');
insert into city(region_id, name) values (197, 'Новогрудок');
insert into city(region_id, name) values (197, 'Островец');
insert into city(region_id, name) values (197, 'Ошмяны');
insert into city(region_id, name) values (197, 'Свислочь');
insert into city(region_id, name) values (197, 'Слоним');
insert into city(region_id, name) values (197, 'Сморгонь');
insert into city(region_id, name) values (197, 'Щучин');
insert into city(region_id, name) values (202, 'Beauvechain');
insert into city(region_id, name) values (202, 'Braine-lAlleud');
insert into city(region_id, name) values (202, 'Chastre');
insert into city(region_id, name) values (202, 'Jodoigne');
insert into city(region_id, name) values (202, 'Lasne');
insert into city(region_id, name) values (202, 'Nivelles');
insert into city(region_id, name) values (202, 'Ottignies-Louvain-la-Neuve');
insert into city(region_id, name) values (202, 'Rixensart');
insert into city(region_id, name) values (202, 'Tubize');
insert into city(region_id, name) values (202, 'Villers-la-Ville');
insert into city(region_id, name) values (202, 'Walhain');
insert into city(region_id, name) values (202, 'Waterloo');
insert into city(region_id, name) values (202, 'Wavre');
insert into city(region_id, name) values (212, 'Порто-Ново');
insert into region(id, country_id, name) values (213, 26, 'Hamilton');
insert into city(region_id, name) values (26, 'Анжеро-Судженск');
insert into city(region_id, name) values (26, 'Барзас');
insert into city(region_id, name) values (26, 'Белово');
insert into city(region_id, name) values (26, 'Белогорск');
insert into city(region_id, name) values (26, 'Березовский (Кемеровская обл.)');
insert into city(region_id, name) values (26, 'Грамотеино');
insert into city(region_id, name) values (26, 'Гурьевск');
insert into city(region_id, name) values (26, 'Ижморский');
insert into city(region_id, name) values (26, 'Итатский');
insert into city(region_id, name) values (26, 'Калтан');
insert into city(region_id, name) values (26, 'Кедровка');
insert into city(region_id, name) values (26, 'Кемерово');
insert into city(region_id, name) values (26, 'Киселевск');
insert into city(region_id, name) values (26, 'Крапивинский');
insert into city(region_id, name) values (26, 'Ленинск-Кузнецкий');
insert into city(region_id, name) values (26, 'Мариинск');
insert into city(region_id, name) values (26, 'Междуреченск');
insert into city(region_id, name) values (26, 'Мыски');
insert into city(region_id, name) values (26, 'Новокузнецк');
insert into city(region_id, name) values (26, 'Осинники');
insert into city(region_id, name) values (26, 'Полысаево');
insert into city(region_id, name) values (26, 'Прокопьевск');
insert into city(region_id, name) values (26, 'Промышленная');
insert into city(region_id, name) values (26, 'Тайга');
insert into city(region_id, name) values (26, 'Таштагол');
insert into city(region_id, name) values (26, 'Тисуль');
insert into city(region_id, name) values (26, 'Топки');
insert into city(region_id, name) values (26, 'Тяжинский');
insert into city(region_id, name) values (26, 'Юрга');
insert into city(region_id, name) values (26, 'Яшкино');
insert into city(region_id, name) values (26, 'Яя');
insert into city(region_id, name) values (103, 'Батурин');
insert into city(region_id, name) values (103, 'Бахмач');
insert into city(region_id, name) values (103, 'Березна');
insert into city(region_id, name) values (103, 'Бобровица');
insert into city(region_id, name) values (103, 'Борзна');
insert into city(region_id, name) values (103, 'Варва');
insert into city(region_id, name) values (103, 'Вертиевка');
insert into city(region_id, name) values (103, 'Городня');
insert into city(region_id, name) values (103, 'Добрянка');
insert into city(region_id, name) values (103, 'Замглай');
insert into city(region_id, name) values (103, 'Ичня');
insert into city(region_id, name) values (103, 'Козелец');
insert into city(region_id, name) values (103, 'Короп');
insert into city(region_id, name) values (103, 'Корюковка');
insert into city(region_id, name) values (103, 'Куликовка');
insert into city(region_id, name) values (103, 'Мена');
insert into city(region_id, name) values (103, 'Нежин');
insert into city(region_id, name) values (103, 'Новгород Северский');
insert into city(region_id, name) values (103, 'Носовка');
insert into city(region_id, name) values (103, 'Прилуки');
insert into city(region_id, name) values (103, 'Припять');
insert into city(region_id, name) values (103, 'Репки');
insert into city(region_id, name) values (103, 'Семеновка');
insert into city(region_id, name) values (103, 'Сосница');
insert into city(region_id, name) values (103, 'Талалаевка');
insert into city(region_id, name) values (103, 'Чернигов');
insert into city(region_id, name) values (103, 'Щорс');
insert into city(region_id, name) values (164, 'Alto Verde');
insert into city(region_id, name) values (164, 'Barcala');
insert into city(region_id, name) values (164, 'Buena Nueva');
insert into city(region_id, name) values (164, 'General Alvear');
insert into city(region_id, name) values (164, 'Guaymalln');
insert into city(region_id, name) values (164, 'La Consulta');
insert into city(region_id, name) values (164, 'La Mora');
insert into city(region_id, name) values (164, 'Maip');
insert into city(region_id, name) values (164, 'Mendoza');
insert into city(region_id, name) values (164, 'San Rafael');
insert into city(region_id, name) values (164, 'Tunuyn');
insert into city(region_id, name) values (187, 'Agdzhakishlag');
insert into city(region_id, name) values (187, 'Ajapnyak');
insert into city(region_id, name) values (187, 'Akhtanak');
insert into city(region_id, name) values (187, 'Anastasavan');
insert into city(region_id, name) values (187, 'Arabkir');
insert into city(region_id, name) values (187, 'Avan');
insert into city(region_id, name) values (187, 'Avan-Arrinj');
insert into city(region_id, name) values (187, 'Ayrivan');
insert into city(region_id, name) values (187, 'Charbakh');
insert into city(region_id, name) values (187, 'Dzhrashen');
insert into city(region_id, name) values (187, 'Erebuni');
insert into city(region_id, name) values (187, 'Ereun');
insert into city(region_id, name) values (187, 'Erevan');
insert into city(region_id, name) values (187, 'Erewan');
insert into city(region_id, name) values (187, 'Erivan');
insert into city(region_id, name) values (187, 'Haghtanak');
insert into city(region_id, name) values (187, 'Imeni Shaumyana');
insert into city(region_id, name) values (187, 'Imeni Tairova');
insert into city(region_id, name) values (187, 'Iravan');
insert into city(region_id, name) values (187, 'Jrvezh');
insert into city(region_id, name) values (187, 'Kanaker');
insert into city(region_id, name) values (187, 'Kanakeravan');
insert into city(region_id, name) values (187, 'Kond');
insert into city(region_id, name) values (187, 'Malatiya');
insert into city(region_id, name) values (187, 'Nor Arabkir');
insert into city(region_id, name) values (187, 'Nor Aresh');
insert into city(region_id, name) values (187, 'Nor Byutania');
insert into city(region_id, name) values (187, 'Nor Marash');
insert into city(region_id, name) values (187, 'Nor Nork');
insert into city(region_id, name) values (187, 'Nor Zeytun');
insert into city(region_id, name) values (187, 'Nor-Norka');
insert into city(region_id, name) values (187, 'Noragavit');
insert into city(region_id, name) values (187, 'Nork');
insert into city(region_id, name) values (187, 'Nubarashen');
insert into city(region_id, name) values (187, 'Sari Tag');
insert into city(region_id, name) values (187, 'Saritagh');
insert into city(region_id, name) values (187, 'Shahumyan');
insert into city(region_id, name) values (187, 'Shaumyan');
insert into city(region_id, name) values (187, 'Shengavit');
insert into city(region_id, name) values (187, 'Sovetashen');
insert into city(region_id, name) values (187, 'Spandaryan');
insert into city(region_id, name) values (187, 'Tolk');
insert into city(region_id, name) values (187, 'Vardadzor');
insert into city(region_id, name) values (187, 'Vardashen');
insert into city(region_id, name) values (187, 'Verin Charbakh');
insert into city(region_id, name) values (187, 'Yengidzha');
insert into city(region_id, name) values (187, 'Yerevan');
insert into city(region_id, name) values (187, 'Zeytun');
insert into city(region_id, name) values (198, 'Березино');
insert into city(region_id, name) values (198, 'Бобр');
insert into city(region_id, name) values (198, 'Борисов');
insert into city(region_id, name) values (198, 'Вилейка');
insert into city(region_id, name) values (198, 'Воложин');
insert into city(region_id, name) values (198, 'Городея');
insert into city(region_id, name) values (198, 'Дзержинск');
insert into city(region_id, name) values (198, 'Жодино');
insert into city(region_id, name) values (198, 'Заславль');
insert into city(region_id, name) values (198, 'Зеленый Бор');
insert into city(region_id, name) values (198, 'Ивенец');
insert into city(region_id, name) values (198, 'Клецк');
insert into city(region_id, name) values (198, 'Копыль');
insert into city(region_id, name) values (198, 'Крупки');
insert into city(region_id, name) values (198, 'Логойск');
insert into city(region_id, name) values (198, 'Любань');
insert into city(region_id, name) values (198, 'Марьина Горка');
insert into city(region_id, name) values (198, 'Минск');
insert into city(region_id, name) values (198, 'Молодечно');
insert into city(region_id, name) values (198, 'Мядель');
insert into city(region_id, name) values (198, 'Несвиж');
insert into city(region_id, name) values (198, 'Слуцк');
insert into city(region_id, name) values (198, 'Смолевичи');
insert into city(region_id, name) values (198, 'Солигорск');
insert into city(region_id, name) values (198, 'Старые Дороги');
insert into city(region_id, name) values (198, 'Столбцы');
insert into city(region_id, name) values (198, 'Узда');
insert into city(region_id, name) values (198, 'Фаниполь');
insert into city(region_id, name) values (198, 'Червень');
insert into city(region_id, name) values (203, 'Bruxelles');
insert into city(region_id, name) values (213, 'Гамильтон');
insert into region(id, country_id, name) values (214, 27, 'Blagoevgrad');
insert into region(id, country_id, name) values (215, 27, 'Burgas');
insert into region(id, country_id, name) values (216, 27, 'Dobrich');
insert into region(id, country_id, name) values (217, 27, 'Gabrovo');
insert into region(id, country_id, name) values (218, 27, 'Grad Sofiya');
insert into region(id, country_id, name) values (219, 27, 'Khaskovo');
insert into region(id, country_id, name) values (220, 27, 'Kurdzhali');
insert into region(id, country_id, name) values (221, 27, 'Kyustendil');
insert into region(id, country_id, name) values (222, 27, 'Lovech');
insert into region(id, country_id, name) values (223, 27, 'Montana');
insert into region(id, country_id, name) values (224, 27, 'None');
insert into region(id, country_id, name) values (225, 27, 'Pazardzhik');
insert into region(id, country_id, name) values (226, 27, 'Pernik');
insert into region(id, country_id, name) values (227, 27, 'Pleven');
insert into region(id, country_id, name) values (228, 27, 'Plovdiv');
insert into region(id, country_id, name) values (229, 27, 'Razgrad');
insert into region(id, country_id, name) values (230, 27, 'Ruse');
insert into region(id, country_id, name) values (231, 27, 'Shumen');
insert into region(id, country_id, name) values (232, 27, 'Silistra');
insert into region(id, country_id, name) values (233, 27, 'Sliven');
insert into region(id, country_id, name) values (234, 27, 'Smolyan');
insert into region(id, country_id, name) values (235, 27, 'Sofiya');
insert into region(id, country_id, name) values (236, 27, 'Stara Zagora');
insert into region(id, country_id, name) values (237, 27, 'Turgovishte');
insert into region(id, country_id, name) values (238, 27, 'Varna');
insert into region(id, country_id, name) values (239, 27, 'Veliko Turnovo');
insert into region(id, country_id, name) values (240, 27, 'Vidin');
insert into region(id, country_id, name) values (241, 27, 'Vratsa');
insert into region(id, country_id, name) values (242, 27, 'Yambol');
insert into city(region_id, name) values (27, 'Кикнур');
insert into city(region_id, name) values (27, 'Кильмезь');
insert into city(region_id, name) values (27, 'Арбаж');
insert into city(region_id, name) values (27, 'Аркуль');
insert into city(region_id, name) values (27, 'Белая Холуница');
insert into city(region_id, name) values (27, 'Богородское (Кировская обл.)');
insert into city(region_id, name) values (27, 'Боровой');
insert into city(region_id, name) values (27, 'Верхошижемье');
insert into city(region_id, name) values (27, 'Вятские Поляны (Кировская обл.)');
insert into city(region_id, name) values (27, 'Зуевка');
insert into city(region_id, name) values (27, 'Каринторф');
insert into city(region_id, name) values (27, 'Киров (Кировская обл.)');
insert into city(region_id, name) values (27, 'Кирово-Чепецк');
insert into city(region_id, name) values (27, 'Кирс');
insert into city(region_id, name) values (27, 'Кобра');
insert into city(region_id, name) values (27, 'Котельнич');
insert into city(region_id, name) values (27, 'Кумены');
insert into city(region_id, name) values (27, 'Ленинское');
insert into city(region_id, name) values (27, 'Луза');
insert into city(region_id, name) values (27, 'Малмыж');
insert into city(region_id, name) values (27, 'Мураши');
insert into city(region_id, name) values (27, 'Нагорск');
insert into city(region_id, name) values (27, 'Нема');
insert into city(region_id, name) values (27, 'Нововятск');
insert into city(region_id, name) values (27, 'Нолинск');
insert into city(region_id, name) values (27, 'Омутнинск');
insert into city(region_id, name) values (27, 'Опарино');
insert into city(region_id, name) values (27, 'Оричи');
insert into city(region_id, name) values (27, 'Пижанка');
insert into city(region_id, name) values (27, 'Подосиновец');
insert into city(region_id, name) values (27, 'Санчурск');
insert into city(region_id, name) values (27, 'Свеча');
insert into city(region_id, name) values (27, 'Слободской');
insert into city(region_id, name) values (27, 'Советск (Кировская обл.)');
insert into city(region_id, name) values (27, 'Суна');
insert into city(region_id, name) values (27, 'Тужа');
insert into city(region_id, name) values (27, 'Уни');
insert into city(region_id, name) values (27, 'Уржум');
insert into city(region_id, name) values (27, 'Фаленки');
insert into city(region_id, name) values (27, 'Халтурин');
insert into city(region_id, name) values (27, 'Юрья');
insert into city(region_id, name) values (27, 'Яранск');
insert into city(region_id, name) values (104, 'Берегомет');
insert into city(region_id, name) values (104, 'Вашковцы');
insert into city(region_id, name) values (104, 'Вижница');
insert into city(region_id, name) values (104, 'Герца');
insert into city(region_id, name) values (104, 'Глыбокая');
insert into city(region_id, name) values (104, 'Заставна');
insert into city(region_id, name) values (104, 'Кельменцы');
insert into city(region_id, name) values (104, 'Кицмань');
insert into city(region_id, name) values (104, 'Новоселица');
insert into city(region_id, name) values (104, 'Путила');
insert into city(region_id, name) values (104, 'Сокиряны');
insert into city(region_id, name) values (104, 'Сторожинец');
insert into city(region_id, name) values (104, 'Хотин');
insert into city(region_id, name) values (104, 'Черновцы');
insert into city(region_id, name) values (165, 'Barra de Concepcin');
insert into city(region_id, name) values (165, 'Iguaz');
insert into city(region_id, name) values (165, 'Ober');
insert into city(region_id, name) values (165, 'Posadas');
insert into city(region_id, name) values (199, 'Белыничи');
insert into city(region_id, name) values (199, 'Бобруйск');
insert into city(region_id, name) values (199, 'Быхов');
insert into city(region_id, name) values (199, 'Глуск');
insert into city(region_id, name) values (199, 'Глуша');
insert into city(region_id, name) values (199, 'Горки');
insert into city(region_id, name) values (199, 'Гродзянка');
insert into city(region_id, name) values (199, 'Елизово');
insert into city(region_id, name) values (199, 'Кировск');
insert into city(region_id, name) values (199, 'Климовичи');
insert into city(region_id, name) values (199, 'Кличев');
insert into city(region_id, name) values (199, 'Костюковичи');
insert into city(region_id, name) values (199, 'Краснополье');
insert into city(region_id, name) values (199, 'Кричев');
insert into city(region_id, name) values (199, 'Круглое');
insert into city(region_id, name) values (199, 'Могилев');
insert into city(region_id, name) values (199, 'Мстиславль');
insert into city(region_id, name) values (199, 'Осиповичи');
insert into city(region_id, name) values (199, 'Славгород');
insert into city(region_id, name) values (199, 'Хотимск');
insert into city(region_id, name) values (199, 'Чаусы');
insert into city(region_id, name) values (199, 'Чериков');
insert into city(region_id, name) values (199, 'Шклов');
insert into city(region_id, name) values (204, 'Ath');
insert into city(region_id, name) values (204, 'Binche');
insert into city(region_id, name) values (204, 'Charleroi');
insert into city(region_id, name) values (204, 'Chtelet');
insert into city(region_id, name) values (204, 'Comines-Warneton');
insert into city(region_id, name) values (204, 'Courcelles');
insert into city(region_id, name) values (204, 'Dour');
insert into city(region_id, name) values (204, 'Ellezelles');
insert into city(region_id, name) values (204, 'Fleurus');
insert into city(region_id, name) values (204, 'Fontaine-lEvque');
insert into city(region_id, name) values (204, 'Frameries');
insert into city(region_id, name) values (204, 'Gerpinnes');
insert into city(region_id, name) values (204, 'La Louvire');
insert into city(region_id, name) values (204, 'Manage');
insert into city(region_id, name) values (204, 'Mons');
insert into city(region_id, name) values (204, 'Mouscron');
insert into city(region_id, name) values (214, 'Bahnhof Pirin');
insert into city(region_id, name) values (214, 'Bansko');
insert into city(region_id, name) values (214, 'Belitsa');
insert into city(region_id, name) values (214, 'Blagoevgrad');
insert into city(region_id, name) values (214, 'Gotse Delchev');
insert into city(region_id, name) values (214, 'Petric');
insert into city(region_id, name) values (214, 'Petrich');
insert into city(region_id, name) values (214, 'Sandanski');
insert into city(region_id, name) values (214, 'Strumyani');
insert into region(id, country_id, name) values (243, 28, 'Chuquisaca');
insert into region(id, country_id, name) values (244, 28, 'Cochabamba');
insert into region(id, country_id, name) values (245, 28, 'El Beni');
insert into region(id, country_id, name) values (246, 28, 'La Paz');
insert into region(id, country_id, name) values (247, 28, 'None');
insert into region(id, country_id, name) values (248, 28, 'Oruro');
insert into region(id, country_id, name) values (249, 28, 'Potos');
insert into region(id, country_id, name) values (250, 28, 'Santa Cruz');
insert into city(region_id, name) values (28, 'Абезь');
insert into city(region_id, name) values (28, 'Адзьвавом');
insert into city(region_id, name) values (28, 'Айкино');
insert into city(region_id, name) values (28, 'Верхняя Инта');
insert into city(region_id, name) values (28, 'Визинга');
insert into city(region_id, name) values (28, 'Водный');
insert into city(region_id, name) values (28, 'Воркута');
insert into city(region_id, name) values (28, 'Вуктыл');
insert into city(region_id, name) values (28, 'Елецкий');
insert into city(region_id, name) values (28, 'Емва');
insert into city(region_id, name) values (28, 'Жешарт');
insert into city(region_id, name) values (28, 'Заполярный');
insert into city(region_id, name) values (28, 'Ижма');
insert into city(region_id, name) values (28, 'Инта');
insert into city(region_id, name) values (28, 'Ираель');
insert into city(region_id, name) values (28, 'Каджером');
insert into city(region_id, name) values (28, 'Кажым');
insert into city(region_id, name) values (28, 'Кожым');
insert into city(region_id, name) values (28, 'Койгородок');
insert into city(region_id, name) values (28, 'Корткерос');
insert into city(region_id, name) values (28, 'Кослан');
insert into city(region_id, name) values (28, 'Микунь');
insert into city(region_id, name) values (28, 'Нижний Одес');
insert into city(region_id, name) values (28, 'Объячево');
insert into city(region_id, name) values (28, 'Печора');
insert into city(region_id, name) values (28, 'Сосногорск');
insert into city(region_id, name) values (28, 'Сыктывкар');
insert into city(region_id, name) values (28, 'Троицко-Печерск');
insert into city(region_id, name) values (28, 'Усинск');
insert into city(region_id, name) values (28, 'Усогорск');
insert into city(region_id, name) values (28, 'Усть-Кулом');
insert into city(region_id, name) values (28, 'Усть-Цильма');
insert into city(region_id, name) values (28, 'Ухта');
insert into city(region_id, name) values (166, 'Astra');
insert into city(region_id, name) values (166, 'Neuqun');
insert into city(region_id, name) values (205, 'Amay');
insert into city(region_id, name) values (205, 'Ans');
insert into city(region_id, name) values (205, 'Awans');
insert into city(region_id, name) values (205, 'Aywaille');
insert into city(region_id, name) values (205, 'Baelen');
insert into city(region_id, name) values (205, 'Berloz');
insert into city(region_id, name) values (205, 'Brunehaut');
insert into city(region_id, name) values (205, 'Bllingen');
insert into city(region_id, name) values (205, 'Celles');
insert into city(region_id, name) values (205, 'Chaudfontaine');
insert into city(region_id, name) values (205, 'Dison');
insert into city(region_id, name) values (205, 'Eupen');
insert into city(region_id, name) values (205, 'Kelmis');
insert into city(region_id, name) values (205, 'Lige');
insert into city(region_id, name) values (205, 'Malmedy');
insert into city(region_id, name) values (205, 'Oreye');
insert into city(region_id, name) values (205, 'Raeren');
insert into city(region_id, name) values (205, 'Saint-Nicolas');
insert into city(region_id, name) values (205, 'Sankt Vith');
insert into city(region_id, name) values (205, 'Spa');
insert into city(region_id, name) values (205, 'Tournai');
insert into city(region_id, name) values (205, 'Verviers');
insert into city(region_id, name) values (205, 'Waimes');
insert into city(region_id, name) values (215, 'Abdioglu Koy');
insert into city(region_id, name) values (215, 'Abtarazak');
insert into city(region_id, name) values (215, 'Achlare');
insert into city(region_id, name) values (215, 'Achtopol');
insert into city(region_id, name) values (215, 'Aclari');
insert into city(region_id, name) values (215, 'Aclart');
insert into city(region_id, name) values (215, 'Ahiolo');
insert into city(region_id, name) values (215, 'Aitos');
insert into city(region_id, name) values (215, 'Ajtos');
insert into city(region_id, name) values (215, 'Balgari');
insert into city(region_id, name) values (215, 'Bourgas');
insert into city(region_id, name) values (215, 'Burgas');
insert into city(region_id, name) values (215, 'Burgaz');
insert into city(region_id, name) values (215, 'Burghaz');
insert into city(region_id, name) values (215, 'Cerni Vruch');
insert into city(region_id, name) values (215, 'Chernomorets');
insert into city(region_id, name) values (215, 'Chibuklii');
insert into city(region_id, name) values (215, 'Gyulyuvitsa');
insert into city(region_id, name) values (215, 'Kameno');
insert into city(region_id, name) values (215, 'Karnabat');
insert into city(region_id, name) values (215, 'Karnobat');
insert into city(region_id, name) values (215, 'Losenez');
insert into city(region_id, name) values (215, 'Nesebar');
insert into city(region_id, name) values (215, 'Neseber');
insert into city(region_id, name) values (215, 'Nesebr');
insert into city(region_id, name) values (215, 'Nessebar');
insert into city(region_id, name) values (215, 'Obzor');
insert into city(region_id, name) values (215, 'Pomorie');
insert into city(region_id, name) values (215, 'Pomoriye');
insert into city(region_id, name) values (215, 'Primorsko');
insert into city(region_id, name) values (215, 'Sarafovo');
insert into city(region_id, name) values (215, 'Sarefovo');
insert into city(region_id, name) values (215, 'Sizopol');
insert into city(region_id, name) values (215, 'Sosopol');
insert into city(region_id, name) values (215, 'Sozopol');
insert into city(region_id, name) values (215, 'Sveti Vlas');
insert into city(region_id, name) values (243, 'Alcautal');
insert into city(region_id, name) values (243, 'Algodonal');
insert into city(region_id, name) values (243, 'Allangua');
insert into city(region_id, name) values (243, 'Amachuma');
insert into city(region_id, name) values (243, 'Ciudad Sucre');
insert into region(id, country_id, name) values (251, 29, 'Federation of Bosnia and Herzegovina');
insert into region(id, country_id, name) values (252, 29, 'None');
insert into region(id, country_id, name) values (253, 29, 'Republika Srpska');
insert into city(region_id, name) values (29, 'Антропово');
insert into city(region_id, name) values (29, 'Боговарово');
insert into city(region_id, name) values (29, 'Буй');
insert into city(region_id, name) values (29, 'Волгореченск');
insert into city(region_id, name) values (29, 'Галич');
insert into city(region_id, name) values (29, 'Горчуха');
insert into city(region_id, name) values (29, 'Зебляки');
insert into city(region_id, name) values (29, 'Кадый');
insert into city(region_id, name) values (29, 'Кологрив');
insert into city(region_id, name) values (29, 'Кострома');
insert into city(region_id, name) values (29, 'Красное-на-Волге');
insert into city(region_id, name) values (29, 'Макарьев');
insert into city(region_id, name) values (29, 'Мантурово');
insert into city(region_id, name) values (29, 'Нерехта');
insert into city(region_id, name) values (29, 'Нея');
insert into city(region_id, name) values (29, 'Островское');
insert into city(region_id, name) values (29, 'Павино');
insert into city(region_id, name) values (29, 'Парфентьево');
insert into city(region_id, name) values (29, 'Поназырево');
insert into city(region_id, name) values (29, 'Солигалич');
insert into city(region_id, name) values (29, 'Судиславль');
insert into city(region_id, name) values (29, 'Сусанино');
insert into city(region_id, name) values (29, 'Чухлома');
insert into city(region_id, name) values (29, 'Шарья');
insert into city(region_id, name) values (29, 'Шемятино');
insert into city(region_id, name) values (167, 'Allen');
insert into city(region_id, name) values (167, 'Bariloche');
insert into city(region_id, name) values (167, 'Benjamn Zorrilla');
insert into city(region_id, name) values (167, 'Boliche');
insert into city(region_id, name) values (167, 'General Roca');
insert into city(region_id, name) values (167, 'Viedma');
insert into city(region_id, name) values (167, 'Villa Regina');
insert into city(region_id, name) values (206, 'Alken');
insert into city(region_id, name) values (206, 'As');
insert into city(region_id, name) values (206, 'Beringen');
insert into city(region_id, name) values (206, 'Bilzen');
insert into city(region_id, name) values (206, 'Borgloon');
insert into city(region_id, name) values (206, 'Bree');
insert into city(region_id, name) values (206, 'Dilsen-Stokkem');
insert into city(region_id, name) values (206, 'Halen');
insert into city(region_id, name) values (206, 'Ham');
insert into city(region_id, name) values (206, 'Hasselt');
insert into city(region_id, name) values (206, 'Heers');
insert into city(region_id, name) values (206, 'Heusden-Zolder');
insert into city(region_id, name) values (206, 'Hoeselt');
insert into city(region_id, name) values (206, 'Houthalen-Helchteren');
insert into city(region_id, name) values (206, 'Lanaken');
insert into city(region_id, name) values (206, 'Leopoldsburg');
insert into city(region_id, name) values (206, 'Lommel');
insert into city(region_id, name) values (206, 'Lummen');
insert into city(region_id, name) values (206, 'Maaseik');
insert into city(region_id, name) values (206, 'Maasmechelen');
insert into city(region_id, name) values (206, 'Neerpelt');
insert into city(region_id, name) values (206, 'Overpelt');
insert into city(region_id, name) values (206, 'Peer');
insert into city(region_id, name) values (206, 'Sint-Truiden');
insert into city(region_id, name) values (206, 'Tessenderlo');
insert into city(region_id, name) values (206, 'Tongeren');
insert into city(region_id, name) values (206, 'Wellen');
insert into city(region_id, name) values (206, 'Zonhoven');
insert into city(region_id, name) values (216, 'Balchik');
insert into city(region_id, name) values (216, 'Dobric');
insert into city(region_id, name) values (216, 'Dobrich');
insert into city(region_id, name) values (216, 'Dobritch');
insert into city(region_id, name) values (216, 'General Tosevo');
insert into city(region_id, name) values (216, 'Kavarna');
insert into city(region_id, name) values (216, 'Krusari');
insert into city(region_id, name) values (216, 'Krushari');
insert into city(region_id, name) values (244, 'Abra');
insert into city(region_id, name) values (244, 'Andenpampa');
insert into city(region_id, name) values (244, 'Ciudad Cochabamba');
insert into city(region_id, name) values (244, 'Cochabamba');
insert into city(region_id, name) values (244, 'Quillacollo');
insert into city(region_id, name) values (244, 'Sipe Sipe');
insert into city(region_id, name) values (251, 'Abdakovici');
insert into city(region_id, name) values (251, 'Alipasino Polje');
insert into city(region_id, name) values (251, 'Arapi');
insert into city(region_id, name) values (251, 'Jelah');
insert into city(region_id, name) values (251, 'Mandiri');
insert into city(region_id, name) values (251, 'Mostar');
insert into city(region_id, name) values (251, 'Tuzlanska');
insert into city(region_id, name) values (251, 'Visoko');
insert into city(region_id, name) values (251, 'Vitez');
insert into city(region_id, name) values (251, 'Zenica');
insert into region(id, country_id, name) values (254, 30, 'Ботсвана');
insert into city(region_id, name) values (30, 'Абинск');
insert into city(region_id, name) values (30, 'Абрау-Дюрсо');
insert into city(region_id, name) values (30, 'Адлер');
insert into city(region_id, name) values (30, 'Анапа');
insert into city(region_id, name) values (30, 'Апшеронск');
insert into city(region_id, name) values (30, 'Армавир');
insert into city(region_id, name) values (30, 'Архипо-Осиповка');
insert into city(region_id, name) values (30, 'Афипский');
insert into city(region_id, name) values (30, 'Ахтырский');
insert into city(region_id, name) values (30, 'Ачуево');
insert into city(region_id, name) values (30, 'Белая Глина');
insert into city(region_id, name) values (30, 'Белореченск');
insert into city(region_id, name) values (30, 'Верхнебаканский');
insert into city(region_id, name) values (30, 'Выселки');
insert into city(region_id, name) values (30, 'Геленджик');
insert into city(region_id, name) values (30, 'Гиагинская');
insert into city(region_id, name) values (30, 'Горячий Ключ');
insert into city(region_id, name) values (30, 'Гулькевичи');
insert into city(region_id, name) values (30, 'Джубга');
insert into city(region_id, name) values (30, 'Динская');
insert into city(region_id, name) values (30, 'Ейск');
insert into city(region_id, name) values (30, 'Ильский');
insert into city(region_id, name) values (30, 'Кабардинка');
insert into city(region_id, name) values (30, 'Калинино');
insert into city(region_id, name) values (30, 'Калининская');
insert into city(region_id, name) values (30, 'Каменномостский');
insert into city(region_id, name) values (30, 'Каневская');
insert into city(region_id, name) values (30, 'Кореновск');
insert into city(region_id, name) values (30, 'Красноармейская');
insert into city(region_id, name) values (30, 'Краснодар');
insert into city(region_id, name) values (30, 'Кропоткин');
insert into city(region_id, name) values (30, 'Крыловская');
insert into city(region_id, name) values (30, 'Крымск');
insert into city(region_id, name) values (30, 'Курганинск');
insert into city(region_id, name) values (30, 'Кущевская');
insert into city(region_id, name) values (30, 'Лабинск');
insert into city(region_id, name) values (30, 'Лазаревское');
insert into city(region_id, name) values (30, 'Ленинградская');
insert into city(region_id, name) values (30, 'Майкоп (Краснодарский край)');
insert into city(region_id, name) values (30, 'Мостовской');
insert into city(region_id, name) values (30, 'Новокубанск');
insert into city(region_id, name) values (30, 'Новороссийск');
insert into city(region_id, name) values (30, 'Отрадная');
insert into city(region_id, name) values (30, 'Павловская');
insert into city(region_id, name) values (30, 'Приморско-Ахтарск');
insert into city(region_id, name) values (30, 'Северская');
insert into city(region_id, name) values (30, 'Славянск-на-Кубани');
insert into city(region_id, name) values (30, 'Сочи');
insert into city(region_id, name) values (30, 'Староминская');
insert into city(region_id, name) values (30, 'Старощербиновская');
insert into city(region_id, name) values (30, 'Тбилисская');
insert into city(region_id, name) values (30, 'Темрюк');
insert into city(region_id, name) values (30, 'Тимашевск');
insert into city(region_id, name) values (30, 'Тихорецк');
insert into city(region_id, name) values (30, 'Туапсе');
insert into city(region_id, name) values (30, 'Тульский');
insert into city(region_id, name) values (30, 'Усть-Лабинск');
insert into city(region_id, name) values (30, 'Хадыженск');
insert into city(region_id, name) values (30, 'Хоста');
insert into city(region_id, name) values (30, 'Шовгеновский');
insert into city(region_id, name) values (168, 'Orn');
insert into city(region_id, name) values (207, 'Arlon');
insert into city(region_id, name) values (207, 'Aubange');
insert into city(region_id, name) values (207, 'Bastogne');
insert into city(region_id, name) values (207, 'Bertrix');
insert into city(region_id, name) values (207, 'Bouillon');
insert into city(region_id, name) values (207, 'Chiny');
insert into city(region_id, name) values (207, 'Durbuy');
insert into city(region_id, name) values (207, 'Etalle');
insert into city(region_id, name) values (207, 'Florenville');
insert into city(region_id, name) values (207, 'Habay');
insert into city(region_id, name) values (207, 'La Roche-en-Ardenne');
insert into city(region_id, name) values (207, 'Lglise');
insert into city(region_id, name) values (207, 'Libin');
insert into city(region_id, name) values (207, 'Manhay');
insert into city(region_id, name) values (207, 'Marche-en-Famenne');
insert into city(region_id, name) values (207, 'Messancy');
insert into city(region_id, name) values (207, 'Rendeux');
insert into city(region_id, name) values (207, 'Tellin');
insert into city(region_id, name) values (207, 'Tenneville');
insert into city(region_id, name) values (207, 'Tintigny');
insert into city(region_id, name) values (207, 'Virton');
insert into city(region_id, name) values (207, 'Wellin');
insert into city(region_id, name) values (217, 'Dryanovo');
insert into city(region_id, name) values (217, 'Gabrovo');
insert into city(region_id, name) values (217, 'Gabrowo');
insert into city(region_id, name) values (217, 'Sevlievo');
insert into city(region_id, name) values (217, 'Trevna');
insert into city(region_id, name) values (217, 'Trjavna');
insert into city(region_id, name) values (217, 'Tryavna');
insert into city(region_id, name) values (245, 'Aparejos');
insert into city(region_id, name) values (245, 'Asociega');
insert into city(region_id, name) values (245, 'Libertad');
insert into city(region_id, name) values (252, 'Alici');
insert into city(region_id, name) values (252, 'Begovac');
insert into city(region_id, name) values (252, 'Dobrinja');
insert into city(region_id, name) values (252, 'Kraljevo Polje');
insert into city(region_id, name) values (252, 'Litva');
insert into city(region_id, name) values (252, 'Sarajevo');
insert into city(region_id, name) values (252, 'Tuzla');
insert into city(region_id, name) values (254, 'Габороне');
insert into city(region_id, name) values (254, 'Серове');
insert into city(region_id, name) values (254, 'Шакаве');
insert into region(id, country_id, name) values (255, 31, 'Acre');
insert into region(id, country_id, name) values (256, 31, 'Alagoas');
insert into region(id, country_id, name) values (257, 31, 'Amapa');
insert into region(id, country_id, name) values (258, 31, 'Amazonas');
insert into region(id, country_id, name) values (259, 31, 'Bahia');
insert into region(id, country_id, name) values (260, 31, 'Ceara');
insert into region(id, country_id, name) values (261, 31, 'Distrito Federal');
insert into region(id, country_id, name) values (262, 31, 'Espirito Santo');
insert into region(id, country_id, name) values (263, 31, 'Goias');
insert into region(id, country_id, name) values (264, 31, 'Maranhao');
insert into region(id, country_id, name) values (265, 31, 'Minas Gerais');
insert into region(id, country_id, name) values (266, 31, 'Paraiba');
insert into region(id, country_id, name) values (267, 31, 'Parana');
insert into region(id, country_id, name) values (268, 31, 'Rio de Janeiro');
insert into region(id, country_id, name) values (269, 31, 'Rio Grande do Norte');
insert into region(id, country_id, name) values (270, 31, 'Rio Grande do Sul');
insert into region(id, country_id, name) values (271, 31, 'Rondonia');
insert into region(id, country_id, name) values (272, 31, 'Roraima');
insert into region(id, country_id, name) values (273, 31, 'Santa Catarina');
insert into region(id, country_id, name) values (274, 31, 'Sao Paulo');
insert into region(id, country_id, name) values (275, 31, 'Sergipe');
insert into city(region_id, name) values (31, 'Абаза');
insert into city(region_id, name) values (31, 'Абакан');
insert into city(region_id, name) values (31, 'Агинское');
insert into city(region_id, name) values (31, 'Артемовск');
insert into city(region_id, name) values (31, 'Аскиз');
insert into city(region_id, name) values (31, 'Ачинск');
insert into city(region_id, name) values (31, 'Байкит');
insert into city(region_id, name) values (31, 'Балахта');
insert into city(region_id, name) values (31, 'Балыкса');
insert into city(region_id, name) values (31, 'Белый Яр');
insert into city(region_id, name) values (31, 'Бея');
insert into city(region_id, name) values (31, 'Бискамжа');
insert into city(region_id, name) values (31, 'Боготол');
insert into city(region_id, name) values (31, 'Боград');
insert into city(region_id, name) values (31, 'Богучаны');
insert into city(region_id, name) values (31, 'Большая Мурта');
insert into city(region_id, name) values (31, 'Большой Улуй');
insert into city(region_id, name) values (31, 'Бородино (Красноярский край)');
insert into city(region_id, name) values (31, 'Ванавара');
insert into city(region_id, name) values (31, 'Верхнеимбатск');
insert into city(region_id, name) values (31, 'Горячегорск');
insert into city(region_id, name) values (31, 'Дзержинское');
insert into city(region_id, name) values (31, 'Дивногорск');
insert into city(region_id, name) values (31, 'Диксон');
insert into city(region_id, name) values (31, 'Дудинка');
insert into city(region_id, name) values (31, 'Емельяново');
insert into city(region_id, name) values (31, 'Енисейск');
insert into city(region_id, name) values (31, 'Ермаковское');
insert into city(region_id, name) values (31, 'Железногорск');
insert into city(region_id, name) values (31, 'Заозерный');
insert into city(region_id, name) values (31, 'Зеленогорск (Красноярский край)');
insert into city(region_id, name) values (31, 'Игарка');
insert into city(region_id, name) values (31, 'Идринское');
insert into city(region_id, name) values (31, 'Иланский');
insert into city(region_id, name) values (31, 'Ирбейское');
insert into city(region_id, name) values (31, 'Казачинское (Красноярский край)');
insert into city(region_id, name) values (31, 'Канск');
insert into city(region_id, name) values (31, 'Каратузское');
insert into city(region_id, name) values (31, 'Караул');
insert into city(region_id, name) values (31, 'Кодинск');
insert into city(region_id, name) values (31, 'Козулька');
insert into city(region_id, name) values (31, 'Копьево');
insert into city(region_id, name) values (31, 'Краснотуранск');
insert into city(region_id, name) values (31, 'Красноярск');
insert into city(region_id, name) values (31, 'Курагино');
insert into city(region_id, name) values (31, 'Лесосибирск');
insert into city(region_id, name) values (31, 'Минусинск');
insert into city(region_id, name) values (31, 'Мотыгино');
insert into city(region_id, name) values (31, 'Назарово');
insert into city(region_id, name) values (31, 'Нижний Ингаш');
insert into city(region_id, name) values (31, 'Новоселово');
insert into city(region_id, name) values (31, 'Норильск');
insert into city(region_id, name) values (31, 'Партизанское');
insert into city(region_id, name) values (31, 'Пировское');
insert into city(region_id, name) values (31, 'Северо-Енисейский');
insert into city(region_id, name) values (31, 'Сосновоборск (Красноярский край)');
insert into city(region_id, name) values (31, 'Тасеево');
insert into city(region_id, name) values (31, 'Таштып');
insert into city(region_id, name) values (31, 'Тура');
insert into city(region_id, name) values (31, 'Туруханск');
insert into city(region_id, name) values (31, 'Тюхтет');
insert into city(region_id, name) values (31, 'Ужур');
insert into city(region_id, name) values (31, 'Уяр');
insert into city(region_id, name) values (31, 'Хатанга');
insert into city(region_id, name) values (31, 'Черемушки');
insert into city(region_id, name) values (31, 'Черногорск');
insert into city(region_id, name) values (31, 'Шалинское');
insert into city(region_id, name) values (31, 'Шарыпово (Красноярский край)');
insert into city(region_id, name) values (31, 'Шира');
insert into city(region_id, name) values (31, 'Шушенское');
insert into city(region_id, name) values (169, 'Alto de Sierra');
insert into city(region_id, name) values (169, 'Bella Vista');
insert into city(region_id, name) values (169, 'Rivadavia');
insert into city(region_id, name) values (169, 'Villa Krause');
insert into city(region_id, name) values (208, 'Andenne');
insert into city(region_id, name) values (208, 'Anhe');
insert into city(region_id, name) values (208, 'Cerfontaine');
insert into city(region_id, name) values (208, 'Dinant');
insert into city(region_id, name) values (208, 'Doische');
insert into city(region_id, name) values (208, 'Fosses-la-Ville');
insert into city(region_id, name) values (208, 'Mettet');
insert into city(region_id, name) values (208, 'Namur');
insert into city(region_id, name) values (208, 'Philippeville');
insert into city(region_id, name) values (208, 'Viroinval');
insert into city(region_id, name) values (208, 'Yvoir');
insert into city(region_id, name) values (218, 'Aleksandur Voykov');
insert into city(region_id, name) values (218, 'Banki');
insert into city(region_id, name) values (218, 'Bankia');
insert into city(region_id, name) values (218, 'Bankja');
insert into city(region_id, name) values (218, 'Benkovski');
insert into city(region_id, name) values (218, 'Boyana');
insert into city(region_id, name) values (218, 'Bussmanzi');
insert into city(region_id, name) values (218, 'Celopecene');
insert into city(region_id, name) values (218, 'Gorubljane');
insert into city(region_id, name) values (218, 'Gradska Chast');
insert into city(region_id, name) values (218, 'Obelya');
insert into city(region_id, name) values (218, 'Sofia');
insert into city(region_id, name) values (218, 'Sofija');
insert into city(region_id, name) values (218, 'Sofiya');
insert into city(region_id, name) values (218, 'Yana');
insert into city(region_id, name) values (246, 'Abara');
insert into city(region_id, name) values (246, 'Achacachi');
insert into city(region_id, name) values (246, 'Achicuiri');
insert into city(region_id, name) values (246, 'Achila');
insert into city(region_id, name) values (246, 'Achumani');
insert into city(region_id, name) values (246, 'Caranavi');
insert into city(region_id, name) values (246, 'Ciudad La Paz');
insert into city(region_id, name) values (246, 'La Paz');
insert into city(region_id, name) values (246, 'Pipini');
insert into city(region_id, name) values (246, 'Puerto Rico');
insert into city(region_id, name) values (253, 'Alici');
insert into city(region_id, name) values (253, 'Banialuca');
insert into city(region_id, name) values (253, 'Banja Luka');
insert into city(region_id, name) values (253, 'Bijeljani');
insert into city(region_id, name) values (253, 'Bijeljina');
insert into city(region_id, name) values (253, 'Doboj');
insert into city(region_id, name) values (253, 'Pristina');
insert into city(region_id, name) values (253, 'Srebrnica');
insert into city(region_id, name) values (253, 'Trebinje');
insert into city(region_id, name) values (255, 'Alto Alegre');
insert into city(region_id, name) values (255, 'Athenas');
insert into city(region_id, name) values (255, 'Rio Branco');
insert into region(id, country_id, name) values (276, 32, 'Род-Таун');
insert into city(region_id, name) values (32, 'Варгаши');
insert into city(region_id, name) values (32, 'Глядянское');
insert into city(region_id, name) values (32, 'Далматово');
insert into city(region_id, name) values (32, 'Каргаполье');
insert into city(region_id, name) values (32, 'Катайск');
insert into city(region_id, name) values (32, 'Кетово');
insert into city(region_id, name) values (32, 'Курган');
insert into city(region_id, name) values (32, 'Куртамыш');
insert into city(region_id, name) values (32, 'Лебяжье');
insert into city(region_id, name) values (32, 'Макушино');
insert into city(region_id, name) values (32, 'Мишкино');
insert into city(region_id, name) values (32, 'Мокроусово');
insert into city(region_id, name) values (32, 'Петухово');
insert into city(region_id, name) values (32, 'Половинное');
insert into city(region_id, name) values (32, 'Сафакулево');
insert into city(region_id, name) values (32, 'Целинное');
insert into city(region_id, name) values (32, 'Шадринск');
insert into city(region_id, name) values (32, 'Шатрово');
insert into city(region_id, name) values (32, 'Шумиха');
insert into city(region_id, name) values (32, 'Щучье');
insert into city(region_id, name) values (32, 'Юргамыш');
insert into city(region_id, name) values (170, 'Arizona');
insert into city(region_id, name) values (170, 'Saladillo');
insert into city(region_id, name) values (209, 'Aalst');
insert into city(region_id, name) values (209, 'Berlare');
insert into city(region_id, name) values (209, 'Beveren');
insert into city(region_id, name) values (209, 'De Pinte');
insert into city(region_id, name) values (209, 'Deinze');
insert into city(region_id, name) values (209, 'Denderleeuw');
insert into city(region_id, name) values (209, 'Dendermonde');
insert into city(region_id, name) values (209, 'Erpe-Mere');
insert into city(region_id, name) values (209, 'Gent');
insert into city(region_id, name) values (209, 'Geraardsbergen');
insert into city(region_id, name) values (209, 'Hamme');
insert into city(region_id, name) values (209, 'Lebbeke');
insert into city(region_id, name) values (209, 'Lede');
insert into city(region_id, name) values (209, 'Lierde');
insert into city(region_id, name) values (209, 'Melle');
insert into city(region_id, name) values (209, 'Merelbeke');
insert into city(region_id, name) values (209, 'Ninove');
insert into city(region_id, name) values (209, 'Oudenaarde');
insert into city(region_id, name) values (209, 'Ronse');
insert into city(region_id, name) values (209, 'Sint-Niklaas');
insert into city(region_id, name) values (209, 'Temse');
insert into city(region_id, name) values (219, 'Bakulur');
insert into city(region_id, name) values (219, 'Chaskovo');
insert into city(region_id, name) values (219, 'Derviska-Mogila');
insert into city(region_id, name) values (219, 'Dimitrovgrad');
insert into city(region_id, name) values (219, 'Harmanli');
insert into city(region_id, name) values (219, 'Harmanly');
insert into city(region_id, name) values (219, 'Haskovo');
insert into city(region_id, name) values (219, 'Ivaylovgrad');
insert into city(region_id, name) values (219, 'Khaskovo');
insert into city(region_id, name) values (219, 'Khrastovo');
insert into city(region_id, name) values (219, 'Malevo');
insert into city(region_id, name) values (219, 'Simeonovgrad');
insert into city(region_id, name) values (219, 'Slivengrad');
insert into city(region_id, name) values (219, 'Svilengrad');
insert into city(region_id, name) values (219, 'Svilengrade');
insert into city(region_id, name) values (219, 'Topolowgrad');
insert into city(region_id, name) values (247, 'Yumao');
insert into city(region_id, name) values (256, 'Agreste');
insert into city(region_id, name) values (256, 'Macei');
insert into city(region_id, name) values (276, 'Род-Таун');
insert into region(id, country_id, name) values (277, 33, 'Бруней');
insert into city(region_id, name) values (33, 'Альменево');
insert into city(region_id, name) values (33, 'Белая');
insert into city(region_id, name) values (33, 'Большое Солдатское');
insert into city(region_id, name) values (33, 'Глушково');
insert into city(region_id, name) values (33, 'Горшечное');
insert into city(region_id, name) values (33, 'Дмитриев-Льговский');
insert into city(region_id, name) values (33, 'Железногорск');
insert into city(region_id, name) values (33, 'Золотухино');
insert into city(region_id, name) values (33, 'Касторное');
insert into city(region_id, name) values (33, 'Конышевка');
insert into city(region_id, name) values (33, 'Коренево');
insert into city(region_id, name) values (33, 'Курск');
insert into city(region_id, name) values (33, 'Курчатов');
insert into city(region_id, name) values (33, 'Кшенский');
insert into city(region_id, name) values (33, 'Льгов');
insert into city(region_id, name) values (33, 'Мантурово');
insert into city(region_id, name) values (33, 'Медвенка');
insert into city(region_id, name) values (33, 'Обоянь');
insert into city(region_id, name) values (33, 'Поныри');
insert into city(region_id, name) values (33, 'Пристень');
insert into city(region_id, name) values (33, 'Прямицыно');
insert into city(region_id, name) values (33, 'Рыльск');
insert into city(region_id, name) values (33, 'Суджа');
insert into city(region_id, name) values (33, 'Тим');
insert into city(region_id, name) values (33, 'Фатеж');
insert into city(region_id, name) values (33, 'Хомутовка');
insert into city(region_id, name) values (33, 'Черемисиново');
insert into city(region_id, name) values (33, 'Щигры');
insert into city(region_id, name) values (171, 'Antonio de Biedma');
insert into city(region_id, name) values (171, 'Carrera');
insert into city(region_id, name) values (171, 'El Paso');
insert into city(region_id, name) values (171, 'Estancia La Aragonesa');
insert into city(region_id, name) values (171, 'Ro Gallegos');
insert into city(region_id, name) values (210, 'Asse');
insert into city(region_id, name) values (210, 'Bekkevoort');
insert into city(region_id, name) values (210, 'Diest');
insert into city(region_id, name) values (210, 'Glabbeek');
insert into city(region_id, name) values (210, 'Halle');
insert into city(region_id, name) values (210, 'Herent');
insert into city(region_id, name) values (210, 'Herne');
insert into city(region_id, name) values (210, 'Kapelle-op-den-Bos');
insert into city(region_id, name) values (210, 'Kortenaken');
insert into city(region_id, name) values (210, 'Leuven');
insert into city(region_id, name) values (210, 'Tervuren');
insert into city(region_id, name) values (210, 'Tienen');
insert into city(region_id, name) values (210, 'Vilvoorde');
insert into city(region_id, name) values (210, 'Zaventem');
insert into city(region_id, name) values (210, 'Zemst');
insert into city(region_id, name) values (210, 'Zoutleeuw');
insert into city(region_id, name) values (220, 'Ardino');
insert into city(region_id, name) values (220, 'Kardzhali');
insert into city(region_id, name) values (220, 'Kircaali');
insert into city(region_id, name) values (220, 'Kirdzali');
insert into city(region_id, name) values (220, 'Kirdzalu');
insert into city(region_id, name) values (220, 'Kirjali');
insert into city(region_id, name) values (220, 'Koshu-Kavak');
insert into city(region_id, name) values (220, 'Krdjali');
insert into city(region_id, name) values (220, 'Kroumovgrade');
insert into city(region_id, name) values (220, 'Kurdzali');
insert into city(region_id, name) values (220, 'Mastanl');
insert into city(region_id, name) values (220, 'Momchilgrad');
insert into city(region_id, name) values (248, 'Oruro');
insert into city(region_id, name) values (257, 'Abacate');
insert into city(region_id, name) values (257, 'Amap');
insert into city(region_id, name) values (257, 'Macap');
insert into city(region_id, name) values (277, 'Бандар-Сери-Бегаван');
insert into region(id, country_id, name) values (278, 34, 'Буркина Фасо');
insert into city(region_id, name) values (34, 'Грязи');
insert into city(region_id, name) values (34, 'Данков');
insert into city(region_id, name) values (34, 'Доброе');
insert into city(region_id, name) values (34, 'Долгоруково');
insert into city(region_id, name) values (34, 'Елец');
insert into city(region_id, name) values (34, 'Задонск');
insert into city(region_id, name) values (34, 'Измалково');
insert into city(region_id, name) values (34, 'Казинка');
insert into city(region_id, name) values (34, 'Лебедянь');
insert into city(region_id, name) values (34, 'Лев Толстой');
insert into city(region_id, name) values (34, 'Липецк');
insert into city(region_id, name) values (34, 'Тербуны');
insert into city(region_id, name) values (34, 'Усмань');
insert into city(region_id, name) values (34, 'Хлевное');
insert into city(region_id, name) values (34, 'Чаплыгин');
insert into city(region_id, name) values (172, 'lvarez');
insert into city(region_id, name) values (172, 'Arminda');
insert into city(region_id, name) values (172, 'Rafaela');
insert into city(region_id, name) values (172, 'Rosario');
insert into city(region_id, name) values (172, 'Santa Fe');
insert into city(region_id, name) values (211, 'Ardooie');
insert into city(region_id, name) values (211, 'Beernem');
insert into city(region_id, name) values (211, 'Blankenberge');
insert into city(region_id, name) values (211, 'Bredene');
insert into city(region_id, name) values (211, 'Brugge');
insert into city(region_id, name) values (211, 'De Haan');
insert into city(region_id, name) values (211, 'De Panne');
insert into city(region_id, name) values (211, 'Diksmuide');
insert into city(region_id, name) values (211, 'Harelbeke');
insert into city(region_id, name) values (211, 'Ieper');
insert into city(region_id, name) values (211, 'Izegem');
insert into city(region_id, name) values (211, 'Jabbeke');
insert into city(region_id, name) values (211, 'Knokke-Heist');
insert into city(region_id, name) values (211, 'Koksijde');
insert into city(region_id, name) values (211, 'Kortrijk');
insert into city(region_id, name) values (211, 'Kuurne');
insert into city(region_id, name) values (211, 'Menen');
insert into city(region_id, name) values (211, 'Middelkerke');
insert into city(region_id, name) values (211, 'Oostende');
insert into city(region_id, name) values (211, 'Oostrozebeke');
insert into city(region_id, name) values (211, 'Pittem');
insert into city(region_id, name) values (211, 'Roeselare');
insert into city(region_id, name) values (211, 'Tielt');
insert into city(region_id, name) values (211, 'Torhout');
insert into city(region_id, name) values (211, 'Veurne');
insert into city(region_id, name) values (211, 'Wervik');
insert into city(region_id, name) values (211, 'Zedelgem');
insert into city(region_id, name) values (211, 'Zonnebeke');
insert into city(region_id, name) values (221, 'Bobov Dol');
insert into city(region_id, name) values (221, 'Dupnitsa');
insert into city(region_id, name) values (221, 'Keustendil');
insert into city(region_id, name) values (221, 'Kioustndil');
insert into city(region_id, name) values (221, 'Kjustendil');
insert into city(region_id, name) values (221, 'Kyustendil');
insert into city(region_id, name) values (249, 'Potos');
insert into city(region_id, name) values (258, 'Abufari');
insert into city(region_id, name) values (258, 'Aru');
insert into city(region_id, name) values (258, 'Axioma');
insert into city(region_id, name) values (278, 'Бобо Диуласо');
insert into city(region_id, name) values (278, 'Уагадугу');
insert into region(id, country_id, name) values (279, 35, 'Бурунди');
insert into city(region_id, name) values (35, 'Анадырь (Магаданская обл.)');
insert into city(region_id, name) values (35, 'Атка');
insert into city(region_id, name) values (35, 'Беринговский');
insert into city(region_id, name) values (35, 'Билибино');
insert into city(region_id, name) values (35, 'Большевик');
insert into city(region_id, name) values (35, 'Ванкарем');
insert into city(region_id, name) values (35, 'Кадыкчан');
insert into city(region_id, name) values (35, 'Лаврентия');
insert into city(region_id, name) values (35, 'Магадан');
insert into city(region_id, name) values (35, 'Мыс Шмидта');
insert into city(region_id, name) values (35, 'Ола');
insert into city(region_id, name) values (35, 'Омсукчан');
insert into city(region_id, name) values (35, 'Палатка');
insert into city(region_id, name) values (35, 'Певек');
insert into city(region_id, name) values (35, 'Провидения');
insert into city(region_id, name) values (35, 'Сеймчан');
insert into city(region_id, name) values (35, 'Синегорье');
insert into city(region_id, name) values (35, 'Сусуман');
insert into city(region_id, name) values (35, 'Усть-Омчуг');
insert into city(region_id, name) values (35, 'Эвенск');
insert into city(region_id, name) values (35, 'Эгвекинот');
insert into city(region_id, name) values (35, 'Ягодное');
insert into city(region_id, name) values (173, 'La Banda');
insert into city(region_id, name) values (222, 'Ablanica');
insert into city(region_id, name) values (222, 'Bahovica');
insert into city(region_id, name) values (222, 'Gradezhnitsa');
insert into city(region_id, name) values (222, 'Letniza');
insert into city(region_id, name) values (222, 'Loukovit');
insert into city(region_id, name) values (222, 'Lovec');
insert into city(region_id, name) values (222, 'Lovech');
insert into city(region_id, name) values (222, 'Lovetch');
insert into city(region_id, name) values (222, 'Lukowit');
insert into city(region_id, name) values (222, 'Teteven');
insert into city(region_id, name) values (222, 'Troan');
insert into city(region_id, name) values (222, 'Trojan');
insert into city(region_id, name) values (222, 'Troyan');
insert into city(region_id, name) values (222, 'Ugarchin');
insert into city(region_id, name) values (250, 'Agua Caliente');
insert into city(region_id, name) values (250, 'Andrs');
insert into city(region_id, name) values (250, 'Arenales');
insert into city(region_id, name) values (250, 'Asabi');
insert into city(region_id, name) values (250, 'Bolvar');
insert into city(region_id, name) values (250, 'Ciudad Santa Cruz');
insert into city(region_id, name) values (250, 'Santa Cruz de la Sierra');
insert into city(region_id, name) values (259, 'Abara');
insert into city(region_id, name) values (259, 'Acari');
insert into city(region_id, name) values (259, 'Barra da Estiva');
insert into city(region_id, name) values (259, 'Lagoa do Boi');
insert into city(region_id, name) values (259, 'Salvador');
insert into city(region_id, name) values (279, 'Бужумбура');
insert into region(id, country_id, name) values (280, 36, 'Бутан');
insert into city(region_id, name) values (36, 'Волжск');
insert into city(region_id, name) values (36, 'Дубовский');
insert into city(region_id, name) values (36, 'Звенигово');
insert into city(region_id, name) values (36, 'Йошкар-Ола');
insert into city(region_id, name) values (36, 'Килемары');
insert into city(region_id, name) values (36, 'Козьмодемьянск');
insert into city(region_id, name) values (36, 'Куженер');
insert into city(region_id, name) values (36, 'Мари-Турек');
insert into city(region_id, name) values (36, 'Медведево');
insert into city(region_id, name) values (36, 'Морки');
insert into city(region_id, name) values (36, 'Новый Торьял');
insert into city(region_id, name) values (36, 'Оршанка');
insert into city(region_id, name) values (36, 'Параньга');
insert into city(region_id, name) values (36, 'Сернур');
insert into city(region_id, name) values (36, 'Советский (Марий Эл)');
insert into city(region_id, name) values (36, 'Юрино');
insert into city(region_id, name) values (174, 'La Sara');
insert into city(region_id, name) values (174, 'Ro Grande');
insert into city(region_id, name) values (174, 'Tolhuin');
insert into city(region_id, name) values (174, 'Ushuaia');
insert into city(region_id, name) values (223, 'Berkovica');
insert into city(region_id, name) values (223, 'Berkovitza');
insert into city(region_id, name) values (223, 'Chiprovtsi');
insert into city(region_id, name) values (223, 'Evdokiya');
insert into city(region_id, name) values (223, 'Lom');
insert into city(region_id, name) values (223, 'Montana');
insert into city(region_id, name) values (223, 'Valtchedram');
insert into city(region_id, name) values (260, 'Acopiara');
insert into city(region_id, name) values (280, 'Тхимпху');
insert into region(id, country_id, name) values (281, 37, 'Мата-Уту');
insert into city(region_id, name) values (37, 'Ардатов');
insert into city(region_id, name) values (37, 'Атюрьево');
insert into city(region_id, name) values (37, 'Атяшево');
insert into city(region_id, name) values (37, 'Большие Березники');
insert into city(region_id, name) values (37, 'Большое Игнатово');
insert into city(region_id, name) values (37, 'Выша');
insert into city(region_id, name) values (37, 'Ельники');
insert into city(region_id, name) values (37, 'Зубова Поляна');
insert into city(region_id, name) values (37, 'Инсар');
insert into city(region_id, name) values (37, 'Кадошкино');
insert into city(region_id, name) values (37, 'Кемля');
insert into city(region_id, name) values (37, 'Ковылкино');
insert into city(region_id, name) values (37, 'Комсомольский (Мордовия)');
insert into city(region_id, name) values (37, 'Кочкурово');
insert into city(region_id, name) values (37, 'Краснослободск');
insert into city(region_id, name) values (37, 'Лямбирь');
insert into city(region_id, name) values (37, 'Ромоданово');
insert into city(region_id, name) values (37, 'Рузаевка');
insert into city(region_id, name) values (37, 'Саранск');
insert into city(region_id, name) values (37, 'Старое Шайгово');
insert into city(region_id, name) values (37, 'Темников');
insert into city(region_id, name) values (37, 'Теньгушево');
insert into city(region_id, name) values (37, 'Торбеево');
insert into city(region_id, name) values (37, 'Чамзинка');
insert into city(region_id, name) values (175, 'Alderetes');
insert into city(region_id, name) values (175, 'San Andrs');
insert into city(region_id, name) values (175, 'San Miguel de Tucumn');
insert into city(region_id, name) values (224, 'Kum Dervent Dere');
insert into city(region_id, name) values (224, 'Simen');
insert into city(region_id, name) values (261, 'Boa Vista');
insert into city(region_id, name) values (261, 'Braslia');
insert into city(region_id, name) values (281, 'Мата-Уту');
insert into region(id, country_id, name) values (282, 38, 'Вануату');
insert into city(region_id, name) values (38, 'Апатиты');
insert into city(region_id, name) values (38, 'Африканда');
insert into city(region_id, name) values (38, 'Верхнетуломский');
insert into city(region_id, name) values (38, 'Видяево');
insert into city(region_id, name) values (38, 'Гаджиево');
insert into city(region_id, name) values (38, 'Заозерск');
insert into city(region_id, name) values (38, 'Заполярный');
insert into city(region_id, name) values (38, 'Зареченск');
insert into city(region_id, name) values (38, 'Зашеек');
insert into city(region_id, name) values (38, 'Зеленоборский');
insert into city(region_id, name) values (38, 'Кандалакша');
insert into city(region_id, name) values (38, 'Кильдинстрой');
insert into city(region_id, name) values (38, 'Кировск');
insert into city(region_id, name) values (38, 'Ковдор');
insert into city(region_id, name) values (38, 'Кола');
insert into city(region_id, name) values (38, 'Конда');
insert into city(region_id, name) values (38, 'Ловозеро');
insert into city(region_id, name) values (38, 'Мончегорск');
insert into city(region_id, name) values (38, 'Мурманск');
insert into city(region_id, name) values (38, 'Мурмаши');
insert into city(region_id, name) values (38, 'Никель');
insert into city(region_id, name) values (38, 'Оленегорск');
insert into city(region_id, name) values (38, 'Полярные Зори');
insert into city(region_id, name) values (38, 'Полярный');
insert into city(region_id, name) values (38, 'Ревда (Мурманская обл.)');
insert into city(region_id, name) values (38, 'Североморск');
insert into city(region_id, name) values (38, 'Снежногорск');
insert into city(region_id, name) values (38, 'Умба');
insert into city(region_id, name) values (225, 'Belovo');
insert into city(region_id, name) values (225, 'Bracigovo');
insert into city(region_id, name) values (225, 'Lesicovo');
insert into city(region_id, name) values (225, 'Panagiuriste');
insert into city(region_id, name) values (225, 'Panagjurischte');
insert into city(region_id, name) values (225, 'Panagyurishte');
insert into city(region_id, name) values (225, 'Pasardshik');
insert into city(region_id, name) values (225, 'Pazardjik');
insert into city(region_id, name) values (225, 'Pazardzhik');
insert into city(region_id, name) values (225, 'Rakitovo');
insert into city(region_id, name) values (225, 'Septemvri');
insert into city(region_id, name) values (225, 'Velingrad');
insert into city(region_id, name) values (262, 'Vitria');
insert into city(region_id, name) values (282, 'Нумеа');
insert into city(region_id, name) values (282, 'Порт-Вила');
insert into region(id, country_id, name) values (283, 39, 'Channel Islands');
insert into region(id, country_id, name) values (284, 39, 'England - East');
insert into region(id, country_id, name) values (285, 39, 'England - East Midlands');
insert into region(id, country_id, name) values (286, 39, 'England - London');
insert into region(id, country_id, name) values (287, 39, 'England - North East');
insert into region(id, country_id, name) values (288, 39, 'England - North West');
insert into region(id, country_id, name) values (289, 39, 'England - South East');
insert into region(id, country_id, name) values (290, 39, 'England - South West');
insert into region(id, country_id, name) values (291, 39, 'England - West Midlands');
insert into region(id, country_id, name) values (292, 39, 'England - Yorks & Humber');
insert into region(id, country_id, name) values (293, 39, 'Isle of Man');
insert into region(id, country_id, name) values (294, 39, 'Northern Ireland');
insert into region(id, country_id, name) values (295, 39, 'Scotland Central');
insert into region(id, country_id, name) values (296, 39, 'Scotland North');
insert into region(id, country_id, name) values (297, 39, 'Scotland South');
insert into region(id, country_id, name) values (298, 39, 'Wales North');
insert into region(id, country_id, name) values (299, 39, 'Wales South');
insert into city(region_id, name) values (39, 'Ардатов');
insert into city(region_id, name) values (39, 'Арзамас');
insert into city(region_id, name) values (39, 'Арья');
insert into city(region_id, name) values (39, 'Балахна');
insert into city(region_id, name) values (39, 'Богородск');
insert into city(region_id, name) values (39, 'Большереченск');
insert into city(region_id, name) values (39, 'Большое Болдино');
insert into city(region_id, name) values (39, 'Большое Козино');
insert into city(region_id, name) values (39, 'Большое Мурашкино');
insert into city(region_id, name) values (39, 'Большое Пикино');
insert into city(region_id, name) values (39, 'Бор');
insert into city(region_id, name) values (39, 'Бутурлино');
insert into city(region_id, name) values (39, 'Вад');
insert into city(region_id, name) values (39, 'Варнавино');
insert into city(region_id, name) values (39, 'Васильсурск');
insert into city(region_id, name) values (39, 'Вахтан');
insert into city(region_id, name) values (39, 'Вача');
insert into city(region_id, name) values (39, 'Ветлуга');
insert into city(region_id, name) values (39, 'Виля');
insert into city(region_id, name) values (39, 'Вознесенское');
insert into city(region_id, name) values (39, 'Володарск');
insert into city(region_id, name) values (39, 'Воротынец');
insert into city(region_id, name) values (39, 'Ворсма');
insert into city(region_id, name) values (39, 'Воскресенское');
insert into city(region_id, name) values (39, 'Выездное');
insert into city(region_id, name) values (39, 'Выкса');
insert into city(region_id, name) values (39, 'Гагино');
insert into city(region_id, name) values (39, 'Гидроторф');
insert into city(region_id, name) values (39, 'Горбатов');
insert into city(region_id, name) values (39, 'Горбатовка');
insert into city(region_id, name) values (39, 'Городец');
insert into city(region_id, name) values (39, 'Дальнее Константиново');
insert into city(region_id, name) values (39, 'Дзержинск');
insert into city(region_id, name) values (39, 'Дивеево');
insert into city(region_id, name) values (39, 'Досчатое');
insert into city(region_id, name) values (39, 'Заволжье');
insert into city(region_id, name) values (39, 'Керженец');
insert into city(region_id, name) values (39, 'Княгинино');
insert into city(region_id, name) values (39, 'Ковернино');
insert into city(region_id, name) values (39, 'Красные Баки');
insert into city(region_id, name) values (39, 'Кстово');
insert into city(region_id, name) values (39, 'Кулебаки');
insert into city(region_id, name) values (39, 'Лукоянов');
insert into city(region_id, name) values (39, 'Лысково');
insert into city(region_id, name) values (39, 'Навашино');
insert into city(region_id, name) values (39, 'Нижний Новгород');
insert into city(region_id, name) values (39, 'Новосмолинский');
insert into city(region_id, name) values (39, 'Павлово');
insert into city(region_id, name) values (39, 'Первомайск');
insert into city(region_id, name) values (39, 'Перевоз');
insert into city(region_id, name) values (39, 'Пильна');
insert into city(region_id, name) values (39, 'Починки');
insert into city(region_id, name) values (39, 'Саров (Нижегородская обл.)');
insert into city(region_id, name) values (39, 'Семенов');
insert into city(region_id, name) values (39, 'Сергач');
insert into city(region_id, name) values (39, 'Сеченово');
insert into city(region_id, name) values (39, 'Сосновское');
insert into city(region_id, name) values (39, 'Спасское');
insert into city(region_id, name) values (39, 'Тонкино');
insert into city(region_id, name) values (39, 'Тоншаево');
insert into city(region_id, name) values (39, 'Уразовка');
insert into city(region_id, name) values (39, 'Урень');
insert into city(region_id, name) values (39, 'Чкаловск');
insert into city(region_id, name) values (39, 'Шаранга');
insert into city(region_id, name) values (39, 'Шатки');
insert into city(region_id, name) values (39, 'Шахунья');
insert into city(region_id, name) values (226, 'Pernik');
insert into city(region_id, name) values (226, 'Radomir');
insert into city(region_id, name) values (263, 'Anpolis');
insert into city(region_id, name) values (263, 'Bela Vista de Gois');
insert into city(region_id, name) values (263, 'Goinia');
insert into city(region_id, name) values (283, 'Guernsey');
insert into city(region_id, name) values (283, 'Jersey');
insert into region(id, country_id, name) values (300, 40, 'Bacs-Kiskun');
insert into region(id, country_id, name) values (301, 40, 'Bekes');
insert into region(id, country_id, name) values (302, 40, 'Borsod-Abauj-Zemplen');
insert into region(id, country_id, name) values (303, 40, 'Budapest');
insert into region(id, country_id, name) values (304, 40, 'Csongrad');
insert into region(id, country_id, name) values (305, 40, 'Debrecen');
insert into region(id, country_id, name) values (306, 40, 'Fejer');
insert into region(id, country_id, name) values (307, 40, 'Gyor');
insert into region(id, country_id, name) values (308, 40, 'Gyor-Moson-Sopron');
insert into region(id, country_id, name) values (309, 40, 'Heves');
insert into region(id, country_id, name) values (310, 40, 'Jasz-Nagykun-Szolnok');
insert into region(id, country_id, name) values (311, 40, 'Komarom-Esztergom');
insert into region(id, country_id, name) values (312, 40, 'Miskolc');
insert into region(id, country_id, name) values (313, 40, 'Nograd');
insert into region(id, country_id, name) values (314, 40, 'Pecs');
insert into region(id, country_id, name) values (315, 40, 'Pest');
insert into region(id, country_id, name) values (316, 40, 'Somogy');
insert into region(id, country_id, name) values (317, 40, 'Szabolcs-Szatmar-Bereg');
insert into region(id, country_id, name) values (318, 40, 'Szeged');
insert into region(id, country_id, name) values (319, 40, 'Tolna');
insert into region(id, country_id, name) values (320, 40, 'Vas');
insert into region(id, country_id, name) values (321, 40, 'Veszprem');
insert into region(id, country_id, name) values (322, 40, 'Zala');
insert into city(region_id, name) values (40, 'Анциферово');
insert into city(region_id, name) values (40, 'Батецкий');
insert into city(region_id, name) values (40, 'Большая Вишера');
insert into city(region_id, name) values (40, 'Боровичи');
insert into city(region_id, name) values (40, 'Валдай');
insert into city(region_id, name) values (40, 'Великий Новгород (Новгород)');
insert into city(region_id, name) values (40, 'Волот');
insert into city(region_id, name) values (40, 'Деманск');
insert into city(region_id, name) values (40, 'Зарубино');
insert into city(region_id, name) values (40, 'Крестцы');
insert into city(region_id, name) values (40, 'Любытино');
insert into city(region_id, name) values (40, 'Малая Вишера');
insert into city(region_id, name) values (40, 'Марево');
insert into city(region_id, name) values (40, 'Мошенское');
insert into city(region_id, name) values (40, 'Окуловка');
insert into city(region_id, name) values (40, 'Парфино');
insert into city(region_id, name) values (40, 'Пестово');
insert into city(region_id, name) values (40, 'Поддорье');
insert into city(region_id, name) values (40, 'Сольцы');
insert into city(region_id, name) values (40, 'Старая Русса');
insert into city(region_id, name) values (40, 'Хвойная');
insert into city(region_id, name) values (40, 'Холм');
insert into city(region_id, name) values (40, 'Чудово');
insert into city(region_id, name) values (40, 'Шимск');
insert into city(region_id, name) values (227, 'Belene');
insert into city(region_id, name) values (227, 'Byelene');
insert into city(region_id, name) values (227, 'Cherven Bryag');
insert into city(region_id, name) values (227, 'Cherveni-Bjerg');
insert into city(region_id, name) values (227, 'Dolna Mitropolia');
insert into city(region_id, name) values (227, 'Galyantsi');
insert into city(region_id, name) values (227, 'Levski');
insert into city(region_id, name) values (227, 'Nicopol');
insert into city(region_id, name) values (227, 'Nikopol');
insert into city(region_id, name) values (227, 'Pleven');
insert into city(region_id, name) values (227, 'Plevna');
insert into city(region_id, name) values (227, 'Plewen');
insert into city(region_id, name) values (227, 'Pordime');
insert into city(region_id, name) values (264, 'So Luiz de Maranho');
insert into city(region_id, name) values (284, 'Abbots Langley');
insert into city(region_id, name) values (284, 'Arlesey');
insert into city(region_id, name) values (284, 'Barnet');
insert into city(region_id, name) values (284, 'Basildon');
insert into city(region_id, name) values (284, 'Beccles');
insert into city(region_id, name) values (284, 'Bedford');
insert into city(region_id, name) values (284, 'Biggleswade');
insert into city(region_id, name) values (284, 'Billericay');
insert into city(region_id, name) values (284, 'Braintree');
insert into city(region_id, name) values (284, 'Brandon');
insert into city(region_id, name) values (284, 'Brentwood');
insert into city(region_id, name) values (284, 'Bungay');
insert into city(region_id, name) values (284, 'Buntingford');
insert into city(region_id, name) values (284, 'Bures');
insert into city(region_id, name) values (284, 'Bury St Edmunds');
insert into city(region_id, name) values (284, 'Cambridge');
insert into city(region_id, name) values (284, 'Canvey Island');
insert into city(region_id, name) values (284, 'Chelmsford');
insert into city(region_id, name) values (284, 'Clacton-On-Sea');
insert into city(region_id, name) values (284, 'Colchester');
insert into city(region_id, name) values (284, 'Diss');
insert into city(region_id, name) values (284, 'Downham Market');
insert into city(region_id, name) values (284, 'Dunmow');
insert into city(region_id, name) values (284, 'Ely');
insert into city(region_id, name) values (284, 'Felixstowe');
insert into city(region_id, name) values (284, 'Great Yarmouth');
insert into city(region_id, name) values (284, 'Harlow');
insert into city(region_id, name) values (284, 'Hemel Hempstead');
insert into city(region_id, name) values (284, 'Huntingdon');
insert into city(region_id, name) values (284, 'Ipswich');
insert into city(region_id, name) values (284, 'Kings Lynn');
insert into city(region_id, name) values (284, 'Leiston');
insert into city(region_id, name) values (284, 'Lowestoft');
insert into city(region_id, name) values (284, 'Luton');
insert into city(region_id, name) values (284, 'March');
insert into city(region_id, name) values (284, 'Milton Keynes');
insert into city(region_id, name) values (284, 'Newmarket');
insert into city(region_id, name) values (284, 'Northwood');
insert into city(region_id, name) values (284, 'Norwich');
insert into city(region_id, name) values (284, 'Peterborough');
insert into city(region_id, name) values (284, 'Radlett');
insert into city(region_id, name) values (284, 'Romford');
insert into city(region_id, name) values (284, 'Southend-On-Sea');
insert into city(region_id, name) values (284, 'St Albans');
insert into city(region_id, name) values (284, 'Stevenage');
insert into city(region_id, name) values (284, 'Sudbury');
insert into city(region_id, name) values (284, 'Thetford');
insert into city(region_id, name) values (284, 'Upminster');
insert into city(region_id, name) values (284, 'Watford');
insert into city(region_id, name) values (284, 'Westcliff-On-Sea');
insert into city(region_id, name) values (284, 'Wisbech');
insert into city(region_id, name) values (284, 'Witham');
insert into city(region_id, name) values (300, 'Alsodabasi Dulo');
insert into city(region_id, name) values (300, 'Kecskemt');
insert into city(region_id, name) values (300, 'Kiskunhalas');
insert into region(id, country_id, name) values (323, 41, 'Amazonas');
insert into region(id, country_id, name) values (324, 41, 'Anzoategui');
insert into region(id, country_id, name) values (325, 41, 'Apure');
insert into region(id, country_id, name) values (326, 41, 'Aragua');
insert into region(id, country_id, name) values (327, 41, 'Barinas');
insert into region(id, country_id, name) values (328, 41, 'Bolvar');
insert into region(id, country_id, name) values (329, 41, 'Carabobo');
insert into region(id, country_id, name) values (330, 41, 'Cojedes');
insert into region(id, country_id, name) values (331, 41, 'Delta Amacuro');
insert into region(id, country_id, name) values (332, 41, 'Distrito Federal');
insert into region(id, country_id, name) values (333, 41, 'Falcn');
insert into region(id, country_id, name) values (334, 41, 'Gurico');
insert into region(id, country_id, name) values (335, 41, 'Lara');
insert into region(id, country_id, name) values (336, 41, 'Mrida');
insert into region(id, country_id, name) values (337, 41, 'Miranda');
insert into region(id, country_id, name) values (338, 41, 'Monagas');
insert into region(id, country_id, name) values (339, 41, 'None');
insert into region(id, country_id, name) values (340, 41, 'Nueva Esparta');
insert into region(id, country_id, name) values (341, 41, 'Portuguesa');
insert into region(id, country_id, name) values (342, 41, 'Sucre');
insert into region(id, country_id, name) values (343, 41, 'Tchira');
insert into region(id, country_id, name) values (344, 41, 'Yaracuy');
insert into region(id, country_id, name) values (345, 41, 'Zulia');
insert into city(region_id, name) values (41, 'Баган');
insert into city(region_id, name) values (41, 'Барабинск');
insert into city(region_id, name) values (41, 'Бердск');
insert into city(region_id, name) values (41, 'Биаза');
insert into city(region_id, name) values (41, 'Болотное');
insert into city(region_id, name) values (41, 'Венгерово');
insert into city(region_id, name) values (41, 'Довольное');
insert into city(region_id, name) values (41, 'Завьялово');
insert into city(region_id, name) values (41, 'Искитим');
insert into city(region_id, name) values (41, 'Карасук');
insert into city(region_id, name) values (41, 'Каргат');
insert into city(region_id, name) values (41, 'Колывань');
insert into city(region_id, name) values (41, 'Краснозерское');
insert into city(region_id, name) values (41, 'Крутиха');
insert into city(region_id, name) values (41, 'Куйбышев (Новосибирская обл.)');
insert into city(region_id, name) values (41, 'Купино');
insert into city(region_id, name) values (41, 'Кыштовка');
insert into city(region_id, name) values (41, 'Маслянино');
insert into city(region_id, name) values (41, 'Мошково');
insert into city(region_id, name) values (41, 'Новосибирск');
insert into city(region_id, name) values (41, 'Норильск');
insert into city(region_id, name) values (41, 'Обь');
insert into city(region_id, name) values (41, 'Ордынское');
insert into city(region_id, name) values (41, 'Северное');
insert into city(region_id, name) values (41, 'Сузун');
insert into city(region_id, name) values (41, 'Татарск');
insert into city(region_id, name) values (41, 'Тогучин');
insert into city(region_id, name) values (41, 'Убинское');
insert into city(region_id, name) values (41, 'Усть-Тарка');
insert into city(region_id, name) values (41, 'Чаны');
insert into city(region_id, name) values (41, 'Черепаново');
insert into city(region_id, name) values (41, 'Чистоозерное');
insert into city(region_id, name) values (41, 'Чулым');
insert into city(region_id, name) values (228, 'Akhatlar Segair');
insert into city(region_id, name) values (228, 'Alamovtsi');
insert into city(region_id, name) values (228, 'Arapovo');
insert into city(region_id, name) values (228, 'Asenovgrad');
insert into city(region_id, name) values (228, 'Assenovgrad');
insert into city(region_id, name) values (228, 'Awramowzi');
insert into city(region_id, name) values (228, 'Baldevo');
insert into city(region_id, name) values (228, 'Bania');
insert into city(region_id, name) values (228, 'Banja');
insert into city(region_id, name) values (228, 'Chamla');
insert into city(region_id, name) values (228, 'Filippopol');
insert into city(region_id, name) values (228, 'Karlovo');
insert into city(region_id, name) values (228, 'Karlowo');
insert into city(region_id, name) values (228, 'Peshtera');
insert into city(region_id, name) values (228, 'Petrov Dol');
insert into city(region_id, name) values (228, 'Philippopolis');
insert into city(region_id, name) values (228, 'Plovdin');
insert into city(region_id, name) values (228, 'Plovdiv');
insert into city(region_id, name) values (228, 'Purvomai');
insert into city(region_id, name) values (228, 'Sopot');
insert into city(region_id, name) values (228, 'Taran');
insert into city(region_id, name) values (265, 'Abreus');
insert into city(region_id, name) values (265, 'Bello Horizonte');
insert into city(region_id, name) values (265, 'Belo Horizonte');
insert into city(region_id, name) values (265, 'Juiz de Fora');
insert into city(region_id, name) values (265, 'Montes Claros');
insert into city(region_id, name) values (285, 'Alford');
insert into city(region_id, name) values (285, 'Alfreton');
insert into city(region_id, name) values (285, 'Ashbourne');
insert into city(region_id, name) values (285, 'Banbury');
insert into city(region_id, name) values (285, 'Barton-Upon-Humber');
insert into city(region_id, name) values (285, 'Boston');
insert into city(region_id, name) values (285, 'Burton-On-Trent');
insert into city(region_id, name) values (285, 'Chesterfield');
insert into city(region_id, name) values (285, 'Corby');
insert into city(region_id, name) values (285, 'Daventry');
insert into city(region_id, name) values (285, 'Derby');
insert into city(region_id, name) values (285, 'Doncaster');
insert into city(region_id, name) values (285, 'Gainsborough');
insert into city(region_id, name) values (285, 'Glossop');
insert into city(region_id, name) values (285, 'Grantham');
insert into city(region_id, name) values (285, 'Grimsby');
insert into city(region_id, name) values (285, 'Kettering');
insert into city(region_id, name) values (285, 'Leicester');
insert into city(region_id, name) values (285, 'Lincoln');
insert into city(region_id, name) values (285, 'Loughborough');
insert into city(region_id, name) values (285, 'Mansfield');
insert into city(region_id, name) values (285, 'Milton Keynes');
insert into city(region_id, name) values (285, 'Newark');
insert into city(region_id, name) values (285, 'Northampton');
insert into city(region_id, name) values (285, 'Nottingham');
insert into city(region_id, name) values (285, 'Nuneaton');
insert into city(region_id, name) values (285, 'Peterborough');
insert into city(region_id, name) values (285, 'Rushden');
insert into city(region_id, name) values (285, 'Scunthorpe');
insert into city(region_id, name) values (285, 'Sheffield');
insert into city(region_id, name) values (285, 'Sleaford');
insert into city(region_id, name) values (285, 'Spalding');
insert into city(region_id, name) values (285, 'Stamford');
insert into city(region_id, name) values (285, 'Wellingborough');
insert into city(region_id, name) values (301, 'Aklos');
insert into city(region_id, name) values (301, 'Almr');
insert into city(region_id, name) values (301, 'Bkscsaba');
insert into city(region_id, name) values (301, 'Gyula');
insert into city(region_id, name) values (301, 'Szarvas');
insert into city(region_id, name) values (323, 'Amauca');
insert into region(id, country_id, name) values (346, 42, 'Восточный Тимор');
insert into city(region_id, name) values (42, 'Береговой');
insert into city(region_id, name) values (42, 'Большеречье');
insert into city(region_id, name) values (42, 'Большие Уки');
insert into city(region_id, name) values (42, 'Горьковское');
insert into city(region_id, name) values (42, 'Знаменское (Омская обл.)');
insert into city(region_id, name) values (42, 'Исилькуль');
insert into city(region_id, name) values (42, 'Калачинск');
insert into city(region_id, name) values (42, 'Колосовка');
insert into city(region_id, name) values (42, 'Кормиловка');
insert into city(region_id, name) values (42, 'Крутинка');
insert into city(region_id, name) values (42, 'Любинский');
insert into city(region_id, name) values (42, 'Марьяновка');
insert into city(region_id, name) values (42, 'Муромцево');
insert into city(region_id, name) values (42, 'Называевск');
insert into city(region_id, name) values (42, 'Нижняя Омка');
insert into city(region_id, name) values (42, 'Нововаршавка');
insert into city(region_id, name) values (42, 'Одесское');
insert into city(region_id, name) values (42, 'Оконешниково');
insert into city(region_id, name) values (42, 'Омск');
insert into city(region_id, name) values (42, 'Павлоградка');
insert into city(region_id, name) values (42, 'Полтавка');
insert into city(region_id, name) values (42, 'Русская Поляна');
insert into city(region_id, name) values (42, 'Саргатское');
insert into city(region_id, name) values (42, 'Седельниково');
insert into city(region_id, name) values (42, 'Таврическое');
insert into city(region_id, name) values (42, 'Тара');
insert into city(region_id, name) values (42, 'Тевриз');
insert into city(region_id, name) values (42, 'Тюкалинск');
insert into city(region_id, name) values (42, 'Усть-Ишим');
insert into city(region_id, name) values (42, 'Черлак');
insert into city(region_id, name) values (42, 'Шербакуль');
insert into city(region_id, name) values (229, 'Akmekhmedkioy');
insert into city(region_id, name) values (229, 'Alekowo');
insert into city(region_id, name) values (229, 'Dustabak');
insert into city(region_id, name) values (229, 'Isperich');
insert into city(region_id, name) values (229, 'Kubrat');
insert into city(region_id, name) values (229, 'Rasgrad');
insert into city(region_id, name) values (229, 'Razgrad');
insert into city(region_id, name) values (229, 'Todorovo');
insert into city(region_id, name) values (229, 'Zelena Morava');
insert into city(region_id, name) values (266, 'Aba');
insert into city(region_id, name) values (266, 'Alaga Nova');
insert into city(region_id, name) values (286, 'Barking');
insert into city(region_id, name) values (286, 'Barnet');
insert into city(region_id, name) values (286, 'Beckenham');
insert into city(region_id, name) values (286, 'Bexley');
insert into city(region_id, name) values (286, 'Bexleyheath');
insert into city(region_id, name) values (286, 'Brentford');
insert into city(region_id, name) values (286, 'Bromley');
insert into city(region_id, name) values (286, 'Carshalton');
insert into city(region_id, name) values (286, 'Chessington');
insert into city(region_id, name) values (286, 'Chigwell');
insert into city(region_id, name) values (286, 'Coulsdon');
insert into city(region_id, name) values (286, 'Croydon');
insert into city(region_id, name) values (286, 'Dagenham');
insert into city(region_id, name) values (286, 'Dartford');
insert into city(region_id, name) values (286, 'East Molesey');
insert into city(region_id, name) values (286, 'Edgware');
insert into city(region_id, name) values (286, 'Enfield');
insert into city(region_id, name) values (286, 'Feltham');
insert into city(region_id, name) values (286, 'Greenford');
insert into city(region_id, name) values (286, 'Hampton');
insert into city(region_id, name) values (286, 'Harrow');
insert into city(region_id, name) values (286, 'Hayes');
insert into city(region_id, name) values (286, 'Hornchurch');
insert into city(region_id, name) values (286, 'Hounslow');
insert into city(region_id, name) values (286, 'Ilford');
insert into city(region_id, name) values (286, 'Isleworth');
insert into city(region_id, name) values (286, 'Kingston Upon Thames');
insert into city(region_id, name) values (286, 'London');
insert into city(region_id, name) values (286, 'Northolt');
insert into city(region_id, name) values (286, 'Northwood');
insert into city(region_id, name) values (286, 'Orpington');
insert into city(region_id, name) values (286, 'Pinner');
insert into city(region_id, name) values (286, 'Purley');
insert into city(region_id, name) values (286, 'Richmond');
insert into city(region_id, name) values (286, 'Romford');
insert into city(region_id, name) values (286, 'South Croydon');
insert into city(region_id, name) values (286, 'Southall');
insert into city(region_id, name) values (286, 'Stanmore');
insert into city(region_id, name) values (286, 'Surbiton');
insert into city(region_id, name) values (286, 'Sutton');
insert into city(region_id, name) values (286, 'Twickenham');
insert into city(region_id, name) values (286, 'Uxbridge');
insert into city(region_id, name) values (286, 'Welling');
insert into city(region_id, name) values (286, 'Wembley');
insert into city(region_id, name) values (286, 'West Wickham');
insert into city(region_id, name) values (286, 'Westerham');
insert into city(region_id, name) values (286, 'Woodford Green');
insert into city(region_id, name) values (286, 'Worcester Park');
insert into city(region_id, name) values (302, 'Tiszajvros');
insert into city(region_id, name) values (324, 'Anaco');
insert into city(region_id, name) values (324, 'Barcelona');
insert into city(region_id, name) values (324, 'Pozuelos');
insert into city(region_id, name) values (324, 'Puerto de La Cruz');
insert into city(region_id, name) values (324, 'Puerto La Cruz');
insert into city(region_id, name) values (346, 'Дили');
insert into region(id, country_id, name) values (347, 43, 'Dong Bang Song Hong');
insert into region(id, country_id, name) values (348, 43, 'Dong Nam Bo');
insert into region(id, country_id, name) values (349, 43, 'Duyen Hai Mien Trung');
insert into region(id, country_id, name) values (350, 43, 'Khu Bon Cu');
insert into region(id, country_id, name) values (351, 43, 'Mien Nui Va Trung Du');
insert into region(id, country_id, name) values (352, 43, 'Thai Nguyen');
insert into city(region_id, name) values (43, 'Абдулино');
insert into city(region_id, name) values (43, 'Адамовка');
insert into city(region_id, name) values (43, 'Айдырлинский');
insert into city(region_id, name) values (43, 'Акбулак');
insert into city(region_id, name) values (43, 'Аккермановка');
insert into city(region_id, name) values (43, 'Асекеево');
insert into city(region_id, name) values (43, 'Беляевка');
insert into city(region_id, name) values (43, 'Бугуруслан');
insert into city(region_id, name) values (43, 'Бузулук');
insert into city(region_id, name) values (43, 'Гай');
insert into city(region_id, name) values (43, 'Грачевка');
insert into city(region_id, name) values (43, 'Домбаровский');
insert into city(region_id, name) values (43, 'Дубенский');
insert into city(region_id, name) values (43, 'Илек');
insert into city(region_id, name) values (43, 'Ириклинский');
insert into city(region_id, name) values (43, 'Кувандык');
insert into city(region_id, name) values (43, 'Курманаевка');
insert into city(region_id, name) values (43, 'Матвеевка');
insert into city(region_id, name) values (43, 'Медногорск');
insert into city(region_id, name) values (43, 'Новоорск');
insert into city(region_id, name) values (43, 'Новосергиевка');
insert into city(region_id, name) values (43, 'Новотроицк');
insert into city(region_id, name) values (43, 'Октябрьское (Оренбург.)');
insert into city(region_id, name) values (43, 'Оренбург');
insert into city(region_id, name) values (43, 'Орск');
insert into city(region_id, name) values (43, 'Первомайский (Оренбург.)');
insert into city(region_id, name) values (43, 'Переволоцкий');
insert into city(region_id, name) values (43, 'Пономаревка');
insert into city(region_id, name) values (43, 'Саракташ');
insert into city(region_id, name) values (43, 'Светлый (Оренбургская обл.)');
insert into city(region_id, name) values (43, 'Северное');
insert into city(region_id, name) values (43, 'Соль-Илецк');
insert into city(region_id, name) values (43, 'Сорочинск');
insert into city(region_id, name) values (43, 'Ташла');
insert into city(region_id, name) values (43, 'Тоцкое');
insert into city(region_id, name) values (43, 'Тюльган');
insert into city(region_id, name) values (43, 'Шарлык');
insert into city(region_id, name) values (43, 'Энергетик');
insert into city(region_id, name) values (43, 'Ясный');
insert into city(region_id, name) values (230, 'Bela');
insert into city(region_id, name) values (230, 'Bjala');
insert into city(region_id, name) values (230, 'Byala');
insert into city(region_id, name) values (230, 'Gorna-Monastir');
insert into city(region_id, name) values (230, 'Ivanovo');
insert into city(region_id, name) values (230, 'Iwanowo');
insert into city(region_id, name) values (230, 'Rouss');
insert into city(region_id, name) values (230, 'Ruse');
insert into city(region_id, name) values (230, 'Russe');
insert into city(region_id, name) values (267, 'Altaneira');
insert into city(region_id, name) values (267, 'Curitiba');
insert into city(region_id, name) values (267, 'Curytiba');
insert into city(region_id, name) values (267, 'Maring');
insert into city(region_id, name) values (287, 'Belford');
insert into city(region_id, name) values (287, 'Berwick-Upon-Tweed');
insert into city(region_id, name) values (287, 'Billingham');
insert into city(region_id, name) values (287, 'Blyth');
insert into city(region_id, name) values (287, 'Corbridge');
insert into city(region_id, name) values (287, 'Darlington');
insert into city(region_id, name) values (287, 'Durham');
insert into city(region_id, name) values (287, 'East Boldon');
insert into city(region_id, name) values (287, 'Gateshead');
insert into city(region_id, name) values (287, 'Haltwhistle');
insert into city(region_id, name) values (287, 'Hartlepool');
insert into city(region_id, name) values (287, 'Houghton Le Spring');
insert into city(region_id, name) values (287, 'Middlesbrough');
insert into city(region_id, name) values (287, 'Newcastle Upon Tyne');
insert into city(region_id, name) values (287, 'Riding Mill');
insert into city(region_id, name) values (287, 'South Shields');
insert into city(region_id, name) values (287, 'Stockton-On-Tees');
insert into city(region_id, name) values (287, 'Sunderland');
insert into city(region_id, name) values (287, 'Washington');
insert into city(region_id, name) values (287, 'Yarm');
insert into city(region_id, name) values (303, 'Adyliget');
insert into city(region_id, name) values (303, 'Angyalfld');
insert into city(region_id, name) values (303, 'Buda');
insert into city(region_id, name) values (303, 'Budafok');
insert into city(region_id, name) values (303, 'Budapest');
insert into city(region_id, name) values (303, 'Chepel');
insert into city(region_id, name) values (303, 'Erzsbetvros');
insert into city(region_id, name) values (303, 'Gellert');
insert into city(region_id, name) values (303, 'Kobanya');
insert into city(region_id, name) values (303, 'Pest');
insert into city(region_id, name) values (325, 'frica');
insert into city(region_id, name) values (325, 'San Fernando de Apure');
insert into city(region_id, name) values (347, 'Нам-Динх');
insert into city(region_id, name) values (347, 'Хайфон');
insert into city(region_id, name) values (347, 'Ханой');
insert into region(id, country_id, name) values (353, 44, 'Габон');
insert into city(region_id, name) values (44, 'Болхов');
insert into city(region_id, name) values (44, 'Верховье');
insert into city(region_id, name) values (44, 'Глазуновка');
insert into city(region_id, name) values (44, 'Дмитровск-Орловский');
insert into city(region_id, name) values (44, 'Долгое');
insert into city(region_id, name) values (44, 'Залегощь');
insert into city(region_id, name) values (44, 'Змиевка');
insert into city(region_id, name) values (44, 'Знаменское (Орловская обл.)');
insert into city(region_id, name) values (44, 'Колпны');
insert into city(region_id, name) values (44, 'Красная Заря');
insert into city(region_id, name) values (44, 'Кромы');
insert into city(region_id, name) values (44, 'Ливны');
insert into city(region_id, name) values (44, 'Малоархангельск');
insert into city(region_id, name) values (44, 'Мценск');
insert into city(region_id, name) values (44, 'Нарышкино');
insert into city(region_id, name) values (44, 'Новосиль');
insert into city(region_id, name) values (44, 'Орел');
insert into city(region_id, name) values (44, 'Покровское');
insert into city(region_id, name) values (44, 'Сосково');
insert into city(region_id, name) values (44, 'Тросна');
insert into city(region_id, name) values (44, 'Хомутово');
insert into city(region_id, name) values (44, 'Хотынец');
insert into city(region_id, name) values (44, 'Шаблыкино');
insert into city(region_id, name) values (231, 'Choumn');
insert into city(region_id, name) values (231, 'Eni Pazar');
insert into city(region_id, name) values (231, 'Gara Sheytandzhik');
insert into city(region_id, name) values (231, 'Novi Pazar');
insert into city(region_id, name) values (231, 'Preslav');
insert into city(region_id, name) values (231, 'Schumen');
insert into city(region_id, name) values (231, 'Shumen');
insert into city(region_id, name) values (231, 'Sumen');
insert into city(region_id, name) values (231, 'Veliki Preslav');
insert into city(region_id, name) values (268, 'Abadia');
insert into city(region_id, name) values (268, 'Afonso');
insert into city(region_id, name) values (268, 'gua Ferro');
insert into city(region_id, name) values (268, 'Agua Santa');
insert into city(region_id, name) values (268, 'Aldeia do Cabo');
insert into city(region_id, name) values (268, 'Angola');
insert into city(region_id, name) values (268, 'Angra');
insert into city(region_id, name) values (268, 'Antnio Mariano');
insert into city(region_id, name) values (268, 'Barcelos');
insert into city(region_id, name) values (268, 'Barreira');
insert into city(region_id, name) values (268, 'Boa Vida');
insert into city(region_id, name) values (268, 'Botafogo');
insert into city(region_id, name) values (268, 'Bueno de Andrade');
insert into city(region_id, name) values (268, 'Bzios');
insert into city(region_id, name) values (268, 'Cambota');
insert into city(region_id, name) values (268, 'Copacabana');
insert into city(region_id, name) values (268, 'Costa');
insert into city(region_id, name) values (268, 'Ipanema');
insert into city(region_id, name) values (268, 'Italva');
insert into city(region_id, name) values (268, 'Margarida');
insert into city(region_id, name) values (268, 'Nictheroy');
insert into city(region_id, name) values (268, 'Paraty');
insert into city(region_id, name) values (268, 'Porto Novo');
insert into city(region_id, name) values (268, 'Ramos');
insert into city(region_id, name) values (268, 'Ribeiro da Divisa');
insert into city(region_id, name) values (268, 'Rio');
insert into city(region_id, name) values (268, 'Rio de Janeiro');
insert into city(region_id, name) values (268, 'Santa Brbara');
insert into city(region_id, name) values (268, 'Santa Cruz');
insert into city(region_id, name) values (268, 'So Jos');
insert into city(region_id, name) values (288, 'Accrington');
insert into city(region_id, name) values (288, 'Bacup');
insert into city(region_id, name) values (288, 'Blackburn');
insert into city(region_id, name) values (288, 'Blackpool');
insert into city(region_id, name) values (288, 'Bolton');
insert into city(region_id, name) values (288, 'Burnley');
insert into city(region_id, name) values (288, 'Bury');
insert into city(region_id, name) values (288, 'Carlisle');
insert into city(region_id, name) values (288, 'Chester');
insert into city(region_id, name) values (288, 'Chorley');
insert into city(region_id, name) values (288, 'Crewe');
insert into city(region_id, name) values (288, 'Kendal');
insert into city(region_id, name) values (288, 'Lancaster');
insert into city(region_id, name) values (288, 'Liverpool');
insert into city(region_id, name) values (288, 'Manchester');
insert into city(region_id, name) values (288, 'Morecambe');
insert into city(region_id, name) values (288, 'Nelson');
insert into city(region_id, name) values (288, 'Northwich');
insert into city(region_id, name) values (288, 'Preston');
insert into city(region_id, name) values (288, 'Runcorn');
insert into city(region_id, name) values (288, 'Sale');
insert into city(region_id, name) values (288, 'Skelmersdale');
insert into city(region_id, name) values (288, 'Southport');
insert into city(region_id, name) values (288, 'St Helens');
insert into city(region_id, name) values (288, 'Stockport');
insert into city(region_id, name) values (288, 'Stoke-On-Trent');
insert into city(region_id, name) values (288, 'Wallasey');
insert into city(region_id, name) values (288, 'Warrington');
insert into city(region_id, name) values (288, 'Whitehaven');
insert into city(region_id, name) values (288, 'Wigan');
insert into city(region_id, name) values (304, 'Szkkutas');
insert into city(region_id, name) values (326, 'El Limn');
insert into city(region_id, name) values (326, 'Maracay');
insert into city(region_id, name) values (326, 'Villa de Cura');
insert into city(region_id, name) values (348, 'Вунг-Тау');
insert into city(region_id, name) values (348, 'Сайгон');
insert into city(region_id, name) values (353, 'Либревиль');
insert into city(region_id, name) values (353, 'Порт-Жантиль');
insert into region(id, country_id, name) values (354, 45, 'Artibonite');
insert into region(id, country_id, name) values (355, 45, 'GrandAnse');
insert into region(id, country_id, name) values (356, 45, 'Nord-Ouest');
insert into region(id, country_id, name) values (357, 45, 'Ouest');
insert into region(id, country_id, name) values (358, 45, 'Sud');
insert into region(id, country_id, name) values (359, 45, 'Sud-Est');
insert into city(region_id, name) values (45, 'Башмаково');
insert into city(region_id, name) values (45, 'Беднодемьяновск');
insert into city(region_id, name) values (45, 'Беково');
insert into city(region_id, name) values (45, 'Белинский');
insert into city(region_id, name) values (45, 'Бессоновка');
insert into city(region_id, name) values (45, 'Вадинск');
insert into city(region_id, name) values (45, 'Верхозим');
insert into city(region_id, name) values (45, 'Городище (Пензенская обл.)');
insert into city(region_id, name) values (45, 'Евлашево');
insert into city(region_id, name) values (45, 'Заречный (Пензенская обл.)');
insert into city(region_id, name) values (45, 'Земетчино');
insert into city(region_id, name) values (45, 'Золотаревка');
insert into city(region_id, name) values (45, 'Исса');
insert into city(region_id, name) values (45, 'Каменка');
insert into city(region_id, name) values (45, 'Колышлей');
insert into city(region_id, name) values (45, 'Кондоль');
insert into city(region_id, name) values (45, 'Кузнецк');
insert into city(region_id, name) values (45, 'Лопатино');
insert into city(region_id, name) values (45, 'Малая Сердоба');
insert into city(region_id, name) values (45, 'Мокшан');
insert into city(region_id, name) values (45, 'Наровчат');
insert into city(region_id, name) values (45, 'Неверкино');
insert into city(region_id, name) values (45, 'Нижний Ломов');
insert into city(region_id, name) values (45, 'Никольск (Пензенская обл.)');
insert into city(region_id, name) values (45, 'Пачелма');
insert into city(region_id, name) values (45, 'Пенза');
insert into city(region_id, name) values (45, 'Русский Камешкир');
insert into city(region_id, name) values (45, 'Сердобск');
insert into city(region_id, name) values (45, 'Сосновоборск');
insert into city(region_id, name) values (45, 'Сура');
insert into city(region_id, name) values (45, 'Тамала');
insert into city(region_id, name) values (45, 'Шемышейка');
insert into city(region_id, name) values (232, 'Acadanlar');
insert into city(region_id, name) values (232, 'Dulovo');
insert into city(region_id, name) values (232, 'Dulowo');
insert into city(region_id, name) values (232, 'Glavinitsa');
insert into city(region_id, name) values (232, 'Glawinica');
insert into city(region_id, name) values (232, 'Silistra');
insert into city(region_id, name) values (232, 'Turtukai');
insert into city(region_id, name) values (232, 'Tutrakan');
insert into city(region_id, name) values (269, 'Alemo');
insert into city(region_id, name) values (269, 'Lagoa de Cima');
insert into city(region_id, name) values (289, 'Abingdon');
insert into city(region_id, name) values (289, 'Alton');
insert into city(region_id, name) values (289, 'Amersham');
insert into city(region_id, name) values (289, 'Andover');
insert into city(region_id, name) values (289, 'Ascot');
insert into city(region_id, name) values (289, 'Ashford');
insert into city(region_id, name) values (289, 'Aylesbury');
insert into city(region_id, name) values (289, 'Banbury');
insert into city(region_id, name) values (289, 'Basingstoke');
insert into city(region_id, name) values (289, 'Bexhill-On-Sea');
insert into city(region_id, name) values (289, 'Bicester');
insert into city(region_id, name) values (289, 'Bognor Regis');
insert into city(region_id, name) values (289, 'Bournemouth');
insert into city(region_id, name) values (289, 'Bracknell');
insert into city(region_id, name) values (289, 'Brighton');
insert into city(region_id, name) values (289, 'Broadstairs');
insert into city(region_id, name) values (289, 'Burford');
insert into city(region_id, name) values (289, 'Camberley');
insert into city(region_id, name) values (289, 'Canterbury');
insert into city(region_id, name) values (289, 'Chatham');
insert into city(region_id, name) values (289, 'Chichester');
insert into city(region_id, name) values (289, 'Chipping Norton');
insert into city(region_id, name) values (289, 'Cobham');
insert into city(region_id, name) values (289, 'Crawley');
insert into city(region_id, name) values (289, 'Dartford');
insert into city(region_id, name) values (289, 'Dorking');
insert into city(region_id, name) values (289, 'Dover');
insert into city(region_id, name) values (289, 'East Grinstead');
insert into city(region_id, name) values (289, 'Eastbourne');
insert into city(region_id, name) values (289, 'Farnham');
insert into city(region_id, name) values (289, 'Faversham');
insert into city(region_id, name) values (289, 'Fleet');
insert into city(region_id, name) values (289, 'Folkestone');
insert into city(region_id, name) values (289, 'Gillingham');
insert into city(region_id, name) values (289, 'Godstone');
insert into city(region_id, name) values (289, 'Gosport');
insert into city(region_id, name) values (289, 'Gravesend');
insert into city(region_id, name) values (289, 'Guildford');
insert into city(region_id, name) values (289, 'Hastings');
insert into city(region_id, name) values (289, 'Henley-On-Thames');
insert into city(region_id, name) values (289, 'Hook');
insert into city(region_id, name) values (289, 'Horley');
insert into city(region_id, name) values (289, 'Horsham');
insert into city(region_id, name) values (289, 'Hungerford');
insert into city(region_id, name) values (289, 'Littlehampton');
insert into city(region_id, name) values (289, 'Lymington');
insert into city(region_id, name) values (289, 'Maidenhead');
insert into city(region_id, name) values (289, 'Maidstone');
insert into city(region_id, name) values (289, 'Margate');
insert into city(region_id, name) values (289, 'Marlow');
insert into city(region_id, name) values (289, 'Milton Keynes');
insert into city(region_id, name) values (289, 'Newbury');
insert into city(region_id, name) values (289, 'Newport');
insert into city(region_id, name) values (289, 'Oxford');
insert into city(region_id, name) values (289, 'Portsmouth');
insert into city(region_id, name) values (289, 'Reading');
insert into city(region_id, name) values (289, 'Redhill');
insert into city(region_id, name) values (289, 'Rochester');
insert into city(region_id, name) values (289, 'Rye');
insert into city(region_id, name) values (289, 'Sevenoaks');
insert into city(region_id, name) values (289, 'Shanklin');
insert into city(region_id, name) values (289, 'Sheerness');
insert into city(region_id, name) values (289, 'Shoreham-By-Sea');
insert into city(region_id, name) values (289, 'Sittingbourne');
insert into city(region_id, name) values (289, 'Slough');
insert into city(region_id, name) values (289, 'Southampton');
insert into city(region_id, name) values (289, 'Southsea');
insert into city(region_id, name) values (289, 'Staines');
insert into city(region_id, name) values (289, 'Sutton');
insert into city(region_id, name) values (289, 'Swanley');
insert into city(region_id, name) values (289, 'Swindon');
insert into city(region_id, name) values (289, 'Tonbridge');
insert into city(region_id, name) values (289, 'Tunbridge Wells');
insert into city(region_id, name) values (289, 'Walton-On-Thames');
insert into city(region_id, name) values (289, 'West Malling');
insert into city(region_id, name) values (289, 'Weybridge');
insert into city(region_id, name) values (289, 'Winchester');
insert into city(region_id, name) values (289, 'Windsor');
insert into city(region_id, name) values (289, 'Woking');
insert into city(region_id, name) values (289, 'Wokingham');
insert into city(region_id, name) values (289, 'Worthing');
insert into city(region_id, name) values (289, 'Yarmouth');
insert into city(region_id, name) values (305, 'Debrecen');
insert into city(region_id, name) values (305, 'Debreczen');
insert into city(region_id, name) values (327, 'Barinas');
insert into city(region_id, name) values (327, 'Pedraza Vieja');
insert into city(region_id, name) values (349, 'Нячанг');
insert into city(region_id, name) values (349, 'Пхан-Тхит');
insert into city(region_id, name) values (354, 'Гонаивес');
insert into region(id, country_id, name) values (360, 46, 'Гайана');
insert into city(region_id, name) values (46, 'Александровск');
insert into city(region_id, name) values (46, 'Барда');
insert into city(region_id, name) values (46, 'Березники');
insert into city(region_id, name) values (46, 'Большая Соснова');
insert into city(region_id, name) values (46, 'Верещагино');
insert into city(region_id, name) values (46, 'Гайны');
insert into city(region_id, name) values (46, 'Горнозаводск (Пермский край)');
insert into city(region_id, name) values (46, 'Гремячинск');
insert into city(region_id, name) values (46, 'Губаха');
insert into city(region_id, name) values (46, 'Добрянка');
insert into city(region_id, name) values (46, 'Елово');
insert into city(region_id, name) values (46, 'Зюкайка');
insert into city(region_id, name) values (46, 'Ильинский (Пермская обл.)');
insert into city(region_id, name) values (46, 'Карагай');
insert into city(region_id, name) values (46, 'Керчевский');
insert into city(region_id, name) values (46, 'Кизел');
insert into city(region_id, name) values (46, 'Коса');
insert into city(region_id, name) values (46, 'Кочево');
insert into city(region_id, name) values (46, 'Красновишерск');
insert into city(region_id, name) values (46, 'Краснокамск');
insert into city(region_id, name) values (46, 'Кудымкар');
insert into city(region_id, name) values (46, 'Куеда');
insert into city(region_id, name) values (46, 'Кунгур');
insert into city(region_id, name) values (46, 'Лысьва');
insert into city(region_id, name) values (46, 'Ныроб');
insert into city(region_id, name) values (46, 'Нытва');
insert into city(region_id, name) values (46, 'Октябрьский');
insert into city(region_id, name) values (46, 'Орда');
insert into city(region_id, name) values (46, 'Оса');
insert into city(region_id, name) values (46, 'Оханск');
insert into city(region_id, name) values (46, 'Очер');
insert into city(region_id, name) values (46, 'Пермь');
insert into city(region_id, name) values (46, 'Соликамск');
insert into city(region_id, name) values (46, 'Суксун');
insert into city(region_id, name) values (46, 'Уинское');
insert into city(region_id, name) values (46, 'Усолье');
insert into city(region_id, name) values (46, 'Усть-Кишерть');
insert into city(region_id, name) values (46, 'Чайковский');
insert into city(region_id, name) values (46, 'Частые');
insert into city(region_id, name) values (46, 'Чердынь');
insert into city(region_id, name) values (46, 'Чернореченский');
insert into city(region_id, name) values (46, 'Чернушка');
insert into city(region_id, name) values (46, 'Чусовой');
insert into city(region_id, name) values (46, 'Юрла');
insert into city(region_id, name) values (46, 'Юсьва');
insert into city(region_id, name) values (233, 'Kotel');
insert into city(region_id, name) values (233, 'Nova Zagora');
insert into city(region_id, name) values (233, 'Sliven');
insert into city(region_id, name) values (233, 'Sliwen');
insert into city(region_id, name) values (270, 'guas Brancas');
insert into city(region_id, name) values (270, 'Porto Alegre');
insert into city(region_id, name) values (270, 'Santa Barbara');
insert into city(region_id, name) values (270, 'Viamo');
insert into city(region_id, name) values (290, 'Andover');
insert into city(region_id, name) values (290, 'Barnstaple');
insert into city(region_id, name) values (290, 'Bath');
insert into city(region_id, name) values (290, 'Bideford');
insert into city(region_id, name) values (290, 'Bodmin');
insert into city(region_id, name) values (290, 'Bradford-On-Avon');
insert into city(region_id, name) values (290, 'Bridgwater');
insert into city(region_id, name) values (290, 'Bristol');
insert into city(region_id, name) values (290, 'Brixham');
insert into city(region_id, name) values (290, 'Callington');
insert into city(region_id, name) values (290, 'Camborne');
insert into city(region_id, name) values (290, 'Cheltenham');
insert into city(region_id, name) values (290, 'Chippenham');
insert into city(region_id, name) values (290, 'Clevedon');
insert into city(region_id, name) values (290, 'Crewkerne');
insert into city(region_id, name) values (290, 'Dorchester');
insert into city(region_id, name) values (290, 'Exeter');
insert into city(region_id, name) values (290, 'Exmouth');
insert into city(region_id, name) values (290, 'Falmouth');
insert into city(region_id, name) values (290, 'Gloucester');
insert into city(region_id, name) values (290, 'Helston');
insert into city(region_id, name) values (290, 'Lynmouth');
insert into city(region_id, name) values (290, 'Newquay');
insert into city(region_id, name) values (290, 'Paignton');
insert into city(region_id, name) values (290, 'Penzance');
insert into city(region_id, name) values (290, 'Plymouth');
insert into city(region_id, name) values (290, 'Poole');
insert into city(region_id, name) values (290, 'Redruth');
insert into city(region_id, name) values (290, 'Salisbury');
insert into city(region_id, name) values (290, 'Saltash');
insert into city(region_id, name) values (290, 'St Ives');
insert into city(region_id, name) values (290, 'Stroud');
insert into city(region_id, name) values (290, 'Swindon');
insert into city(region_id, name) values (290, 'Taunton');
insert into city(region_id, name) values (290, 'Teignmouth');
insert into city(region_id, name) values (290, 'Torquay');
insert into city(region_id, name) values (290, 'Truro');
insert into city(region_id, name) values (290, 'Warminster');
insert into city(region_id, name) values (290, 'Wells');
insert into city(region_id, name) values (290, 'Westbury');
insert into city(region_id, name) values (290, 'Weston-Super-Mare');
insert into city(region_id, name) values (290, 'Weymouth');
insert into city(region_id, name) values (290, 'Yeovil');
insert into city(region_id, name) values (306, 'Bicske');
insert into city(region_id, name) values (306, 'Dunajvros');
insert into city(region_id, name) values (306, 'Szkesfehrvr');
insert into city(region_id, name) values (328, 'Agua Blanca');
insert into city(region_id, name) values (328, 'Balchises');
insert into city(region_id, name) values (328, 'Bolvar');
insert into city(region_id, name) values (328, 'Botuta');
insert into city(region_id, name) values (328, 'Guayana City');
insert into city(region_id, name) values (328, 'Portachuelo');
insert into city(region_id, name) values (328, 'Puerto de Ordaz');
insert into city(region_id, name) values (328, 'Puerto Ordaz');
insert into city(region_id, name) values (350, 'Винь');
insert into city(region_id, name) values (350, 'Хуэ');
insert into city(region_id, name) values (355, 'Джереми');
insert into city(region_id, name) values (360, 'Джорджтаун');
insert into region(id, country_id, name) values (361, 47, 'Гамбия');
insert into city(region_id, name) values (47, 'Анучино');
insert into city(region_id, name) values (47, 'Арсеньев');
insert into city(region_id, name) values (47, 'Артем');
insert into city(region_id, name) values (47, 'Артемовский (Приморский край)');
insert into city(region_id, name) values (47, 'Большой Камень');
insert into city(region_id, name) values (47, 'Валентин');
insert into city(region_id, name) values (47, 'Владивосток');
insert into city(region_id, name) values (47, 'Высокогорск');
insert into city(region_id, name) values (47, 'Горные Ключи');
insert into city(region_id, name) values (47, 'Горный');
insert into city(region_id, name) values (47, 'Дальнегорск');
insert into city(region_id, name) values (47, 'Дальнереченск');
insert into city(region_id, name) values (47, 'Зарубино');
insert into city(region_id, name) values (47, 'Кавалерово');
insert into city(region_id, name) values (47, 'Каменка (Приморский край)');
insert into city(region_id, name) values (47, 'Камень-Рыболов');
insert into city(region_id, name) values (47, 'Кировский');
insert into city(region_id, name) values (47, 'Лазо');
insert into city(region_id, name) values (47, 'Лесозаводск');
insert into city(region_id, name) values (47, 'Лучегорск');
insert into city(region_id, name) values (47, 'Михайловка (Приморский край)');
insert into city(region_id, name) values (47, 'Находка (Приморский край)');
insert into city(region_id, name) values (47, 'Новопокровка');
insert into city(region_id, name) values (47, 'Ольга');
insert into city(region_id, name) values (47, 'Партизанск');
insert into city(region_id, name) values (47, 'Пластун');
insert into city(region_id, name) values (47, 'Пограничный');
insert into city(region_id, name) values (47, 'Покровка');
insert into city(region_id, name) values (47, 'Посьет');
insert into city(region_id, name) values (47, 'Русский');
insert into city(region_id, name) values (47, 'Славянка');
insert into city(region_id, name) values (47, 'Спасск-Дальний');
insert into city(region_id, name) values (47, 'Терней');
insert into city(region_id, name) values (47, 'Уссурийск');
insert into city(region_id, name) values (47, 'Фокино');
insert into city(region_id, name) values (47, 'Хасан');
insert into city(region_id, name) values (47, 'Хороль');
insert into city(region_id, name) values (47, 'Черниговка');
insert into city(region_id, name) values (47, 'Чугуевка');
insert into city(region_id, name) values (47, 'Яковлевка');
insert into city(region_id, name) values (47, 'Ярославский');
insert into city(region_id, name) values (234, 'Devin');
insert into city(region_id, name) values (234, 'Dospat');
insert into city(region_id, name) values (234, 'Kara-Bulak');
insert into city(region_id, name) values (234, 'Karlukovo');
insert into city(region_id, name) values (234, 'Ledzha');
insert into city(region_id, name) values (234, 'Ludzha');
insert into city(region_id, name) values (234, 'Nedelio');
insert into city(region_id, name) values (234, 'Rudozem');
insert into city(region_id, name) values (234, 'Smolian');
insert into city(region_id, name) values (234, 'Smolyan');
insert into city(region_id, name) values (234, 'Zlatograd');
insert into city(region_id, name) values (271, 'Bananeira');
insert into city(region_id, name) values (291, 'Ashbourne');
insert into city(region_id, name) values (291, 'Bewdley');
insert into city(region_id, name) values (291, 'Bilston');
insert into city(region_id, name) values (291, 'Birmingham');
insert into city(region_id, name) values (291, 'Burton-On-Trent');
insert into city(region_id, name) values (291, 'Coventry');
insert into city(region_id, name) values (291, 'Craven Arms');
insert into city(region_id, name) values (291, 'Crewe');
insert into city(region_id, name) values (291, 'Daventry');
insert into city(region_id, name) values (291, 'Droitwich');
insert into city(region_id, name) values (291, 'Dudley');
insert into city(region_id, name) values (291, 'Evesham');
insert into city(region_id, name) values (291, 'Hereford');
insert into city(region_id, name) values (291, 'Leamington Spa');
insert into city(region_id, name) values (291, 'Lichfield');
insert into city(region_id, name) values (291, 'Newcastle');
insert into city(region_id, name) values (291, 'Newport');
insert into city(region_id, name) values (291, 'Nuneaton');
insert into city(region_id, name) values (291, 'Rugby');
insert into city(region_id, name) values (291, 'Shrewsbury');
insert into city(region_id, name) values (291, 'Stafford');
insert into city(region_id, name) values (291, 'Stoke-On-Trent');
insert into city(region_id, name) values (291, 'Stourbridge');
insert into city(region_id, name) values (291, 'Stratford-Upon-Avon');
insert into city(region_id, name) values (291, 'Tamworth');
insert into city(region_id, name) values (291, 'Telford');
insert into city(region_id, name) values (291, 'Tenbury Wells');
insert into city(region_id, name) values (291, 'Walsall');
insert into city(region_id, name) values (291, 'Warwick');
insert into city(region_id, name) values (291, 'West Bromwich');
insert into city(region_id, name) values (291, 'Whitchurch');
insert into city(region_id, name) values (291, 'Wolverhampton');
insert into city(region_id, name) values (291, 'Worcester');
insert into city(region_id, name) values (307, 'Gyor');
insert into city(region_id, name) values (329, 'Puerto Cabello');
insert into city(region_id, name) values (329, 'Valencia');
insert into city(region_id, name) values (351, 'Хон-Гаи');
insert into city(region_id, name) values (356, 'Порт-де-Пакс');
insert into city(region_id, name) values (361, 'Банжул');
insert into region(id, country_id, name) values (362, 48, 'Гана');
insert into city(region_id, name) values (48, 'Бежаницы');
insert into city(region_id, name) values (48, 'Великие Луки');
insert into city(region_id, name) values (48, 'Гдов');
insert into city(region_id, name) values (48, 'Дедовичи');
insert into city(region_id, name) values (48, 'Дно');
insert into city(region_id, name) values (48, 'Заплюсье');
insert into city(region_id, name) values (48, 'Идрица');
insert into city(region_id, name) values (48, 'Красногородское');
insert into city(region_id, name) values (48, 'Кунья');
insert into city(region_id, name) values (48, 'Локня');
insert into city(region_id, name) values (48, 'Невель');
insert into city(region_id, name) values (48, 'Новоржев');
insert into city(region_id, name) values (48, 'Новосокольники');
insert into city(region_id, name) values (48, 'Опочка');
insert into city(region_id, name) values (48, 'Остров');
insert into city(region_id, name) values (48, 'Палкино');
insert into city(region_id, name) values (48, 'Печоры');
insert into city(region_id, name) values (48, 'Плюсса');
insert into city(region_id, name) values (48, 'Порхов');
insert into city(region_id, name) values (48, 'Псков');
insert into city(region_id, name) values (48, 'Пустошка');
insert into city(region_id, name) values (48, 'Пушкинские Горы');
insert into city(region_id, name) values (48, 'Пыталово');
insert into city(region_id, name) values (48, 'Себеж');
insert into city(region_id, name) values (48, 'Струги-Красные');
insert into city(region_id, name) values (48, 'Усвяты');
insert into city(region_id, name) values (235, 'Ablanitsa');
insert into city(region_id, name) values (235, 'Ablaniza');
insert into city(region_id, name) values (235, 'Alovgrob');
insert into city(region_id, name) values (235, 'Alagozitsa');
insert into city(region_id, name) values (235, 'Aldomiro');
insert into city(region_id, name) values (235, 'Alino');
insert into city(region_id, name) values (235, 'Angelov Dol');
insert into city(region_id, name) values (235, 'Arsan');
insert into city(region_id, name) values (235, 'Arzan');
insert into city(region_id, name) values (235, 'Avli Koy');
insert into city(region_id, name) values (235, 'Babino');
insert into city(region_id, name) values (235, 'Babinoka Reka');
insert into city(region_id, name) values (235, 'Babitsa');
insert into city(region_id, name) values (235, 'Banishor');
insert into city(region_id, name) values (235, 'Bankja');
insert into city(region_id, name) values (235, 'Bankya');
insert into city(region_id, name) values (235, 'Belaniza');
insert into city(region_id, name) values (235, 'Beli Iskur');
insert into city(region_id, name) values (235, 'Bistrica');
insert into city(region_id, name) values (235, 'Bistritsa');
insert into city(region_id, name) values (235, 'Borovets');
insert into city(region_id, name) values (235, 'Borovo');
insert into city(region_id, name) values (235, 'Botevgrad');
insert into city(region_id, name) values (235, 'Botewgrad');
insert into city(region_id, name) values (235, 'Burdo');
insert into city(region_id, name) values (235, 'Druvnitsa');
insert into city(region_id, name) values (235, 'Gola');
insert into city(region_id, name) values (235, 'Golovitsa');
insert into city(region_id, name) values (235, 'Ihtiman');
insert into city(region_id, name) values (235, 'Ilinden');
insert into city(region_id, name) values (235, 'Izvor');
insert into city(region_id, name) values (235, 'Lozenets');
insert into city(region_id, name) values (235, 'Lozenitsa');
insert into city(region_id, name) values (235, 'Lyulin');
insert into city(region_id, name) values (235, 'Momin Prokhod');
insert into city(region_id, name) values (235, 'Obel');
insert into city(region_id, name) values (235, 'Pancharevo');
insert into city(region_id, name) values (235, 'Pirin');
insert into city(region_id, name) values (235, 'Prawez');
insert into city(region_id, name) values (235, 'Skirna Gorna');
insert into city(region_id, name) values (235, 'Sabol');
insert into city(region_id, name) values (235, 'Samokov');
insert into city(region_id, name) values (235, 'Samokow');
insert into city(region_id, name) values (235, 'Slatina');
insert into city(region_id, name) values (235, 'Slatino');
insert into city(region_id, name) values (235, 'Slivnitsa');
insert into city(region_id, name) values (235, 'Slivnitza');
insert into city(region_id, name) values (235, 'Sofiya');
insert into city(region_id, name) values (235, 'Sopitsa');
insert into city(region_id, name) values (235, 'Sopiza');
insert into city(region_id, name) values (235, 'Sopovo');
insert into city(region_id, name) values (235, 'Srednogorie');
insert into city(region_id, name) values (235, 'Srubsko Selo');
insert into city(region_id, name) values (235, 'Stara Kresna');
insert into city(region_id, name) values (235, 'Stargel');
insert into city(region_id, name) values (235, 'Stari Dol');
insert into city(region_id, name) values (235, 'Stolnik');
insert into city(region_id, name) values (235, 'Strzimirovtzi');
insert into city(region_id, name) values (235, 'Svoboda');
insert into city(region_id, name) values (235, 'Svoge');
insert into city(region_id, name) values (235, 'Trap');
insert into city(region_id, name) values (235, 'Vranya');
insert into city(region_id, name) values (235, 'Zilinci');
insert into city(region_id, name) values (235, 'Zlatitsa');
insert into city(region_id, name) values (235, 'Zlatusa');
insert into city(region_id, name) values (235, 'Zlatusha');
insert into city(region_id, name) values (235, 'Zvyarska Makhala');
insert into city(region_id, name) values (272, 'Barro');
insert into city(region_id, name) values (292, 'Barnsley');
insert into city(region_id, name) values (292, 'Bradford');
insert into city(region_id, name) values (292, 'Cottingham');
insert into city(region_id, name) values (292, 'Dewsbury');
insert into city(region_id, name) values (292, 'Doncaster');
insert into city(region_id, name) values (292, 'Goole');
insert into city(region_id, name) values (292, 'Halifax');
insert into city(region_id, name) values (292, 'Harrogate');
insert into city(region_id, name) values (292, 'Holmfirth');
insert into city(region_id, name) values (292, 'Hornsea');
insert into city(region_id, name) values (292, 'Huddersfield');
insert into city(region_id, name) values (292, 'Hull');
insert into city(region_id, name) values (292, 'Keighley');
insert into city(region_id, name) values (292, 'Knottingley');
insert into city(region_id, name) values (292, 'Lancaster');
insert into city(region_id, name) values (292, 'Leeds');
insert into city(region_id, name) values (292, 'Middlesbrough');
insert into city(region_id, name) values (292, 'Normanton');
insert into city(region_id, name) values (292, 'Ripon');
insert into city(region_id, name) values (292, 'Rotherham');
insert into city(region_id, name) values (292, 'Scarborough');
insert into city(region_id, name) values (292, 'Selby');
insert into city(region_id, name) values (292, 'Sheffield');
insert into city(region_id, name) values (292, 'Shipley');
insert into city(region_id, name) values (292, 'Wakefield');
insert into city(region_id, name) values (292, 'York');
insert into city(region_id, name) values (308, 'Fertoboz');
insert into city(region_id, name) values (308, 'Fertod');
insert into city(region_id, name) values (308, 'Gyr');
insert into city(region_id, name) values (308, 'Kapuvr');
insert into city(region_id, name) values (308, 'Mosonmagyarvr');
insert into city(region_id, name) values (308, 'Sopron');
insert into city(region_id, name) values (330, 'La Corcovada');
insert into city(region_id, name) values (352, 'Плейку');
insert into city(region_id, name) values (357, 'Порт-о-Пренс');
insert into city(region_id, name) values (362, 'Аккра');
insert into region(id, country_id, name) values (363, 49, 'Grande-Terre');
insert into region(id, country_id, name) values (364, 49, 'Бас-Тер');
insert into city(region_id, name) values (49, 'Азов');
insert into city(region_id, name) values (49, 'Аксай (Ростовская обл.)');
insert into city(region_id, name) values (49, 'Алмазный');
insert into city(region_id, name) values (49, 'Аютинск');
insert into city(region_id, name) values (49, 'Багаевский');
insert into city(region_id, name) values (49, 'Батайск');
insert into city(region_id, name) values (49, 'Белая Калитва');
insert into city(region_id, name) values (49, 'Боковская');
insert into city(region_id, name) values (49, 'Большая Мартыновка');
insert into city(region_id, name) values (49, 'Вешенская');
insert into city(region_id, name) values (49, 'Волгодонск');
insert into city(region_id, name) values (49, 'Восход');
insert into city(region_id, name) values (49, 'Гигант');
insert into city(region_id, name) values (49, 'Горняцкий');
insert into city(region_id, name) values (49, 'Гуково');
insert into city(region_id, name) values (49, 'Донецк');
insert into city(region_id, name) values (49, 'Донской (Ростовская обл.)');
insert into city(region_id, name) values (49, 'Дубовское');
insert into city(region_id, name) values (49, 'Егорлыкская');
insert into city(region_id, name) values (49, 'Жирнов');
insert into city(region_id, name) values (49, 'Заветное');
insert into city(region_id, name) values (49, 'Заводской');
insert into city(region_id, name) values (49, 'Зверево');
insert into city(region_id, name) values (49, 'Зерноград');
insert into city(region_id, name) values (49, 'Зимовники');
insert into city(region_id, name) values (49, 'Кагальницкая');
insert into city(region_id, name) values (49, 'Казанская');
insert into city(region_id, name) values (49, 'Каменоломни');
insert into city(region_id, name) values (49, 'Каменск-Шахтинский');
insert into city(region_id, name) values (49, 'Кашары');
insert into city(region_id, name) values (49, 'Коксовый');
insert into city(region_id, name) values (49, 'Константиновск');
insert into city(region_id, name) values (49, 'Красный Сулин');
insert into city(region_id, name) values (49, 'Куйбышево');
insert into city(region_id, name) values (49, 'Матвеев Курган');
insert into city(region_id, name) values (49, 'Мигулинская');
insert into city(region_id, name) values (49, 'Миллерово');
insert into city(region_id, name) values (49, 'Милютинская');
insert into city(region_id, name) values (49, 'Морозовск');
insert into city(region_id, name) values (49, 'Новочеркасск');
insert into city(region_id, name) values (49, 'Новошахтинск');
insert into city(region_id, name) values (49, 'Обливская');
insert into city(region_id, name) values (49, 'Орловский');
insert into city(region_id, name) values (49, 'Песчанокопское');
insert into city(region_id, name) values (49, 'Покровское');
insert into city(region_id, name) values (49, 'Пролетарск');
insert into city(region_id, name) values (49, 'Ремонтное');
insert into city(region_id, name) values (49, 'Родионово-Несветайская');
insert into city(region_id, name) values (49, 'Ростов-на-Дону');
insert into city(region_id, name) values (49, 'Сальск');
insert into city(region_id, name) values (49, 'Семикаракорск');
insert into city(region_id, name) values (49, 'Таганрог');
insert into city(region_id, name) values (49, 'Тарасовский');
insert into city(region_id, name) values (49, 'Тацинский');
insert into city(region_id, name) values (49, 'Усть-Донецкий');
insert into city(region_id, name) values (49, 'Целина');
insert into city(region_id, name) values (49, 'Цимлянск');
insert into city(region_id, name) values (49, 'Чалтырь');
insert into city(region_id, name) values (49, 'Чертково');
insert into city(region_id, name) values (49, 'Шахты');
insert into city(region_id, name) values (49, 'Шолоховский');
insert into city(region_id, name) values (236, 'Chirpan');
insert into city(region_id, name) values (236, 'Gulubovo');
insert into city(region_id, name) values (236, 'Kasanlak');
insert into city(region_id, name) values (236, 'Kazanlak');
insert into city(region_id, name) values (236, 'Kazanlik');
insert into city(region_id, name) values (236, 'Kazanluk');
insert into city(region_id, name) values (236, 'Radnevo');
insert into city(region_id, name) values (236, 'Radnewo');
insert into city(region_id, name) values (236, 'Stara Sagora');
insert into city(region_id, name) values (236, 'Stara Zagora');
insert into city(region_id, name) values (273, 'guas Brancas');
insert into city(region_id, name) values (273, 'Aguti');
insert into city(region_id, name) values (273, 'Albertina');
insert into city(region_id, name) values (273, 'Aleixo');
insert into city(region_id, name) values (273, 'Alto Perimb');
insert into city(region_id, name) values (273, 'Balnerio de Cambori');
insert into city(region_id, name) values (273, 'Bonito');
insert into city(region_id, name) values (273, 'Florianpolis');
insert into city(region_id, name) values (273, 'Marema');
insert into city(region_id, name) values (293, 'Isle of Man');
insert into city(region_id, name) values (309, 'Eger');
insert into city(region_id, name) values (331, 'Tucupita');
insert into city(region_id, name) values (358, 'Лес-Кайес');
insert into city(region_id, name) values (363, 'Пойнт-а-Питр');
insert into region(id, country_id, name) values (365, 50, 'Alta Verapaz');
insert into region(id, country_id, name) values (366, 50, 'Baja Verapaz');
insert into region(id, country_id, name) values (367, 50, 'Chimaltenango');
insert into region(id, country_id, name) values (368, 50, 'Chiquimula');
insert into region(id, country_id, name) values (369, 50, 'Escuintla');
insert into region(id, country_id, name) values (370, 50, 'Guatemala');
insert into region(id, country_id, name) values (371, 50, 'Jutiapa');
insert into region(id, country_id, name) values (372, 50, 'Petn');
insert into region(id, country_id, name) values (373, 50, 'Quetzaltenango');
insert into region(id, country_id, name) values (374, 50, 'Totonicapn');
insert into region(id, country_id, name) values (375, 50, 'Zacapa');
insert into city(region_id, name) values (50, 'Александро-Невский');
insert into city(region_id, name) values (50, 'Горняк');
insert into city(region_id, name) values (50, 'Гусь Железный');
insert into city(region_id, name) values (50, 'Елатьма');
insert into city(region_id, name) values (50, 'Ермишь');
insert into city(region_id, name) values (50, 'Заречный (Рязанская обл.)');
insert into city(region_id, name) values (50, 'Захарово');
insert into city(region_id, name) values (50, 'Кадом');
insert into city(region_id, name) values (50, 'Касимов');
insert into city(region_id, name) values (50, 'Кораблино');
insert into city(region_id, name) values (50, 'Милославское');
insert into city(region_id, name) values (50, 'Михайлов');
insert into city(region_id, name) values (50, 'Новомичуринск');
insert into city(region_id, name) values (50, 'Пителино');
insert into city(region_id, name) values (50, 'Пронск');
insert into city(region_id, name) values (50, 'Путятино');
insert into city(region_id, name) values (50, 'Рыбное');
insert into city(region_id, name) values (50, 'Ряжск');
insert into city(region_id, name) values (50, 'Рязань');
insert into city(region_id, name) values (50, 'Сапожок');
insert into city(region_id, name) values (50, 'Сараи');
insert into city(region_id, name) values (50, 'Сасово');
insert into city(region_id, name) values (50, 'Скопин');
insert into city(region_id, name) values (50, 'Спас-Клепики');
insert into city(region_id, name) values (50, 'Спасск-Рязанский');
insert into city(region_id, name) values (50, 'Старожилово');
insert into city(region_id, name) values (50, 'Ухолово');
insert into city(region_id, name) values (50, 'Чучково');
insert into city(region_id, name) values (50, 'Шацк');
insert into city(region_id, name) values (50, 'Шилово');
insert into city(region_id, name) values (237, 'Omurtag');
insert into city(region_id, name) values (237, 'Popovo');
insert into city(region_id, name) values (237, 'Targovishte');
insert into city(region_id, name) values (237, 'Targowischte');
insert into city(region_id, name) values (237, 'Turgovishte');
insert into city(region_id, name) values (237, 'Turgoviste');
insert into city(region_id, name) values (274, 'Aa');
insert into city(region_id, name) values (274, 'guas da Prata');
insert into city(region_id, name) values (274, 'Arab');
insert into city(region_id, name) values (274, 'Arabela');
insert into city(region_id, name) values (274, 'Atibaia');
insert into city(region_id, name) values (274, 'Benfica');
insert into city(region_id, name) values (274, 'Campinas');
insert into city(region_id, name) values (274, 'Campos do Jordo');
insert into city(region_id, name) values (274, 'Caraguatatuba');
insert into city(region_id, name) values (274, 'San Paulo');
insert into city(region_id, name) values (274, 'Santos');
insert into city(region_id, name) values (274, 'So Jos dos Campos');
insert into city(region_id, name) values (274, 'So Paulo');
insert into city(region_id, name) values (274, 'Taubat');
insert into city(region_id, name) values (274, 'Yep');
insert into city(region_id, name) values (294, 'Portadown');
insert into city(region_id, name) values (294, 'Antrim');
insert into city(region_id, name) values (294, 'Armagh');
insert into city(region_id, name) values (294, 'Aughnacloy');
insert into city(region_id, name) values (294, 'Ballymena');
insert into city(region_id, name) values (294, 'Bangor');
insert into city(region_id, name) values (294, 'Belfast');
insert into city(region_id, name) values (294, 'Cookstown');
insert into city(region_id, name) values (294, 'Craigavon');
insert into city(region_id, name) values (294, 'Downpatrick');
insert into city(region_id, name) values (294, 'Dromore');
insert into city(region_id, name) values (294, 'Dungannon');
insert into city(region_id, name) values (294, 'Enniskillen');
insert into city(region_id, name) values (294, 'Hillsborough');
insert into city(region_id, name) values (294, 'Holywood');
insert into city(region_id, name) values (294, 'Limavady');
insert into city(region_id, name) values (294, 'Lisburn');
insert into city(region_id, name) values (294, 'Londonderry');
insert into city(region_id, name) values (294, 'Magherafelt');
insert into city(region_id, name) values (294, 'Newcastle');
insert into city(region_id, name) values (294, 'Newry');
insert into city(region_id, name) values (294, 'Newtownabbey');
insert into city(region_id, name) values (294, 'Newtownards');
insert into city(region_id, name) values (294, 'Omagh');
insert into city(region_id, name) values (310, 'Kenderes');
insert into city(region_id, name) values (310, 'Kunhegyes');
insert into city(region_id, name) values (310, 'Szolnok');
insert into city(region_id, name) values (332, 'Caracas');
insert into city(region_id, name) values (332, 'Caricuao');
insert into city(region_id, name) values (332, 'Coche');
insert into city(region_id, name) values (332, 'Colinas de Santa Monica');
insert into city(region_id, name) values (332, 'San Antonio');
insert into city(region_id, name) values (359, 'Джакмель');
insert into city(region_id, name) values (364, 'Бассе-Терре');
insert into city(region_id, name) values (365, 'Cobn');
insert into region(id, country_id, name) values (376, 51, 'Гвинея');
insert into city(region_id, name) values (51, 'Алексеевка (Самарская обл.)');
insert into city(region_id, name) values (51, 'Безенчук');
insert into city(region_id, name) values (51, 'Богатое');
insert into city(region_id, name) values (51, 'Богатырь');
insert into city(region_id, name) values (51, 'Большая Глушица');
insert into city(region_id, name) values (51, 'Большая Глущица (Самарск.)');
insert into city(region_id, name) values (51, 'Большая Черниговка');
insert into city(region_id, name) values (51, 'Борское');
insert into city(region_id, name) values (51, 'Волжский (Самарская обл.)');
insert into city(region_id, name) values (51, 'Жигулевск');
insert into city(region_id, name) values (51, 'Зольное');
insert into city(region_id, name) values (51, 'Исаклы');
insert into city(region_id, name) values (51, 'Камышла');
insert into city(region_id, name) values (51, 'Кинель');
insert into city(region_id, name) values (51, 'Кинель-Черкасы');
insert into city(region_id, name) values (51, 'Клявлино');
insert into city(region_id, name) values (51, 'Кошки');
insert into city(region_id, name) values (51, 'Красноармейское (Самарск.)');
insert into city(region_id, name) values (51, 'Красный Яр (Самарская обл.)');
insert into city(region_id, name) values (51, 'Куйбышев');
insert into city(region_id, name) values (51, 'Нефтегорск');
insert into city(region_id, name) values (51, 'Новокуйбышевск');
insert into city(region_id, name) values (51, 'Октябрьск');
insert into city(region_id, name) values (51, 'Отрадный');
insert into city(region_id, name) values (51, 'Пестравка');
insert into city(region_id, name) values (51, 'Похвистнево');
insert into city(region_id, name) values (51, 'Приволжье');
insert into city(region_id, name) values (51, 'Самара');
insert into city(region_id, name) values (51, 'Сергиевск');
insert into city(region_id, name) values (51, 'Сургут (Самарская обл.)');
insert into city(region_id, name) values (51, 'Сызрань');
insert into city(region_id, name) values (51, 'Тольятти');
insert into city(region_id, name) values (51, 'Хворостянка');
insert into city(region_id, name) values (51, 'Чапаевск');
insert into city(region_id, name) values (51, 'Челно-Вершины');
insert into city(region_id, name) values (51, 'Шентала');
insert into city(region_id, name) values (51, 'Шигоны');
insert into city(region_id, name) values (238, 'Abdi Koy');
insert into city(region_id, name) values (238, 'Acangiz');
insert into city(region_id, name) values (238, 'Aidantschucha');
insert into city(region_id, name) values (238, 'Ak Baba');
insert into city(region_id, name) values (238, 'Aksakovo');
insert into city(region_id, name) values (238, 'Asparukhovo');
insert into city(region_id, name) values (238, 'Balik');
insert into city(region_id, name) values (238, 'Bartsi');
insert into city(region_id, name) values (238, 'Bogdali');
insert into city(region_id, name) values (238, 'Boyana');
insert into city(region_id, name) values (238, 'Cherkovna');
insert into city(region_id, name) values (238, 'Dobrotich');
insert into city(region_id, name) values (238, 'Konstantinovo');
insert into city(region_id, name) values (238, 'Kranevo');
insert into city(region_id, name) values (238, 'Povelyanovo');
insert into city(region_id, name) values (238, 'Provadia');
insert into city(region_id, name) values (238, 'Provadija');
insert into city(region_id, name) values (238, 'Provadiya');
insert into city(region_id, name) values (238, 'Varna');
insert into city(region_id, name) values (238, 'Vladislavovo');
insert into city(region_id, name) values (238, 'Warna');
insert into city(region_id, name) values (238, 'Yasu-Tepe');
insert into city(region_id, name) values (238, 'Zvezditsa');
insert into city(region_id, name) values (238, 'Zvunets');
insert into city(region_id, name) values (275, 'Aracaju');
insert into city(region_id, name) values (275, 'Baixada do Burgo');
insert into city(region_id, name) values (295, 'Alexandria');
insert into city(region_id, name) values (295, 'Alva');
insert into city(region_id, name) values (295, 'Arbroath');
insert into city(region_id, name) values (295, 'Arrochar');
insert into city(region_id, name) values (295, 'Ayr');
insert into city(region_id, name) values (295, 'Brechin');
insert into city(region_id, name) values (295, 'Clydebank');
insert into city(region_id, name) values (295, 'Cupar');
insert into city(region_id, name) values (295, 'Dollar');
insert into city(region_id, name) values (295, 'Dumbarton');
insert into city(region_id, name) values (295, 'Dundee');
insert into city(region_id, name) values (295, 'Dunfermline');
insert into city(region_id, name) values (295, 'Falkirk');
insert into city(region_id, name) values (295, 'Forfar');
insert into city(region_id, name) values (295, 'Glenrothes');
insert into city(region_id, name) values (295, 'Kirkcaldy');
insert into city(region_id, name) values (295, 'Leven');
insert into city(region_id, name) values (295, 'Montrose');
insert into city(region_id, name) values (295, 'Perth');
insert into city(region_id, name) values (295, 'Stirling');
insert into city(region_id, name) values (311, 'szr');
insert into city(region_id, name) values (311, 'Esztergom');
insert into city(region_id, name) values (333, 'Chichiriviche');
insert into city(region_id, name) values (333, 'Punto Fijo');
insert into city(region_id, name) values (333, 'Valle de Mara');
insert into city(region_id, name) values (366, 'Chisantiago');
insert into city(region_id, name) values (376, 'Канкан');
insert into city(region_id, name) values (376, 'Конакри');
insert into region(id, country_id, name) values (377, 52, 'Бисау');
insert into city(region_id, name) values (52, 'Александров Гай');
insert into city(region_id, name) values (52, 'Аркадак');
insert into city(region_id, name) values (52, 'Аткарск');
insert into city(region_id, name) values (52, 'Базарный Карабулак');
insert into city(region_id, name) values (52, 'Балаково');
insert into city(region_id, name) values (52, 'Балашов');
insert into city(region_id, name) values (52, 'Балтай');
insert into city(region_id, name) values (52, 'Возрождение');
insert into city(region_id, name) values (52, 'Вольск');
insert into city(region_id, name) values (52, 'Воскресенское (Саратовск.)');
insert into city(region_id, name) values (52, 'Горный');
insert into city(region_id, name) values (52, 'Дергачи');
insert into city(region_id, name) values (52, 'Духовницкое');
insert into city(region_id, name) values (52, 'Екатериновка');
insert into city(region_id, name) values (52, 'Ершов');
insert into city(region_id, name) values (52, 'Ивантеевка (Саратовская обл.)');
insert into city(region_id, name) values (52, 'Калининск');
insert into city(region_id, name) values (52, 'Каменский');
insert into city(region_id, name) values (52, 'Красноармейск (Саратовск.)');
insert into city(region_id, name) values (52, 'Красный Кут');
insert into city(region_id, name) values (52, 'Лысые Горы');
insert into city(region_id, name) values (52, 'Маркс');
insert into city(region_id, name) values (52, 'Мокроус');
insert into city(region_id, name) values (52, 'Новоузенск');
insert into city(region_id, name) values (52, 'Новые Бурасы');
insert into city(region_id, name) values (52, 'Озинки');
insert into city(region_id, name) values (52, 'Перелюб');
insert into city(region_id, name) values (52, 'Петровск');
insert into city(region_id, name) values (52, 'Питерка');
insert into city(region_id, name) values (52, 'Пугачев');
insert into city(region_id, name) values (52, 'Ровное');
insert into city(region_id, name) values (52, 'Романовка');
insert into city(region_id, name) values (52, 'Ртищево');
insert into city(region_id, name) values (52, 'Самойловка');
insert into city(region_id, name) values (52, 'Саратов');
insert into city(region_id, name) values (52, 'Степное (Саратовская обл.)');
insert into city(region_id, name) values (52, 'Татищево');
insert into city(region_id, name) values (52, 'Турки');
insert into city(region_id, name) values (52, 'Хвалынск');
insert into city(region_id, name) values (52, 'Энгельс');
insert into city(region_id, name) values (239, 'Elena');
insert into city(region_id, name) values (239, 'Gorna Orehovica');
insert into city(region_id, name) values (239, 'Gorna Oriahovica');
insert into city(region_id, name) values (239, 'Ljaskovec');
insert into city(region_id, name) values (239, 'Pavlikeni');
insert into city(region_id, name) values (239, 'Polsk Trumbesh');
insert into city(region_id, name) values (239, 'Polski Trambech');
insert into city(region_id, name) values (239, 'Polski Trambesh');
insert into city(region_id, name) values (239, 'Svishtov');
insert into city(region_id, name) values (239, 'Svistov');
insert into city(region_id, name) values (239, 'Tarnovo');
insert into city(region_id, name) values (239, 'Tarnowo');
insert into city(region_id, name) values (239, 'Turnovo');
insert into city(region_id, name) values (239, 'Veliko Turnovo');
insert into city(region_id, name) values (296, 'Aberdeen');
insert into city(region_id, name) values (296, 'Aberlour');
insert into city(region_id, name) values (296, 'Avoch');
insert into city(region_id, name) values (296, 'Banchory');
insert into city(region_id, name) values (296, 'Banff');
insert into city(region_id, name) values (296, 'Buckie');
insert into city(region_id, name) values (296, 'Dingwall');
insert into city(region_id, name) values (296, 'Fort William');
insert into city(region_id, name) values (296, 'Fraserburgh');
insert into city(region_id, name) values (296, 'Inverness');
insert into city(region_id, name) values (296, 'Isle Of Lewis');
insert into city(region_id, name) values (296, 'Peterhead');
insert into city(region_id, name) values (296, 'Stonehaven');
insert into city(region_id, name) values (296, 'Stromness');
insert into city(region_id, name) values (296, 'Thurso');
insert into city(region_id, name) values (296, 'Ullapool');
insert into city(region_id, name) values (312, 'Miskolc');
insert into city(region_id, name) values (334, 'Calabozo');
insert into city(region_id, name) values (334, 'San Juan de los Moros');
insert into city(region_id, name) values (334, 'Valle de La Pascua');
insert into city(region_id, name) values (367, 'Chimaltenango');
insert into city(region_id, name) values (377, 'Бисау');
insert into region(id, country_id, name) values (378, 53, 'Baden-Wrttemberg');
insert into region(id, country_id, name) values (379, 53, 'Bayern');
insert into region(id, country_id, name) values (380, 53, 'Berlin');
insert into region(id, country_id, name) values (381, 53, 'Brandenburg');
insert into region(id, country_id, name) values (382, 53, 'Bremen');
insert into region(id, country_id, name) values (383, 53, 'Hamburg');
insert into region(id, country_id, name) values (384, 53, 'Hessen');
insert into region(id, country_id, name) values (385, 53, 'Mecklenburg-Vorpommern');
insert into region(id, country_id, name) values (386, 53, 'Niedersachsen');
insert into region(id, country_id, name) values (387, 53, 'Nordrhein-Westfalen');
insert into region(id, country_id, name) values (388, 53, 'Rheinland-Pfalz');
insert into region(id, country_id, name) values (389, 53, 'Saarland');
insert into region(id, country_id, name) values (390, 53, 'Sachsen');
insert into region(id, country_id, name) values (391, 53, 'Sachsen-Anhalt');
insert into region(id, country_id, name) values (392, 53, 'Schleswig-Holstein');
insert into region(id, country_id, name) values (393, 53, 'Thringen');
insert into city(region_id, name) values (53, 'Абый');
insert into city(region_id, name) values (53, 'Айхал');
insert into city(region_id, name) values (53, 'Алдан');
insert into city(region_id, name) values (53, 'Амга');
insert into city(region_id, name) values (53, 'Батагай');
insert into city(region_id, name) values (53, 'Бердигестях');
insert into city(region_id, name) values (53, 'Беркакит');
insert into city(region_id, name) values (53, 'Бестях');
insert into city(region_id, name) values (53, 'Борогонцы');
insert into city(region_id, name) values (53, 'Верхневилюйск');
insert into city(region_id, name) values (53, 'Верхоянск');
insert into city(region_id, name) values (53, 'Вилюйск');
insert into city(region_id, name) values (53, 'Витим');
insert into city(region_id, name) values (53, 'Власово');
insert into city(region_id, name) values (53, 'Депутатский');
insert into city(region_id, name) values (53, 'Жиганск');
insert into city(region_id, name) values (53, 'Зырянка');
insert into city(region_id, name) values (53, 'Кангалассы');
insert into city(region_id, name) values (53, 'Ленск');
insert into city(region_id, name) values (53, 'Майя');
insert into city(region_id, name) values (53, 'Мирный (Саха)');
insert into city(region_id, name) values (53, 'Нерюнгри');
insert into city(region_id, name) values (53, 'Нижний Куранах');
insert into city(region_id, name) values (53, 'Нюрба');
insert into city(region_id, name) values (53, 'Олекминск');
insert into city(region_id, name) values (53, 'Покровск');
insert into city(region_id, name) values (53, 'Сангар');
insert into city(region_id, name) values (53, 'Саскылах');
insert into city(region_id, name) values (53, 'Солнечный');
insert into city(region_id, name) values (53, 'Среднеколымск');
insert into city(region_id, name) values (53, 'Сунтар');
insert into city(region_id, name) values (53, 'Тикси');
insert into city(region_id, name) values (53, 'Удачный');
insert into city(region_id, name) values (53, 'Усть-Мая');
insert into city(region_id, name) values (53, 'Усть-Нера');
insert into city(region_id, name) values (53, 'Хандыга');
insert into city(region_id, name) values (53, 'Хонуу');
insert into city(region_id, name) values (53, 'Чернышевский');
insert into city(region_id, name) values (53, 'Черский');
insert into city(region_id, name) values (53, 'Чокурдах');
insert into city(region_id, name) values (53, 'Чульман');
insert into city(region_id, name) values (53, 'Чурапча');
insert into city(region_id, name) values (53, 'Якутск');
insert into city(region_id, name) values (240, 'Belogradchik');
insert into city(region_id, name) values (240, 'Bojniza');
insert into city(region_id, name) values (240, 'Borovica');
insert into city(region_id, name) values (240, 'Vidin');
insert into city(region_id, name) values (297, 'Dumfries');
insert into city(region_id, name) values (297, 'Ardrossan');
insert into city(region_id, name) values (297, 'Ayr');
insert into city(region_id, name) values (297, 'Bathgate');
insert into city(region_id, name) values (297, 'Beith');
insert into city(region_id, name) values (297, 'Berwick-Upon-Tweed');
insert into city(region_id, name) values (297, 'BoNess');
insert into city(region_id, name) values (297, 'Coatbridge');
insert into city(region_id, name) values (297, 'Edinburgh');
insert into city(region_id, name) values (297, 'Glasgow');
insert into city(region_id, name) values (297, 'Hamilton');
insert into city(region_id, name) values (297, 'Irvine');
insert into city(region_id, name) values (297, 'Motherwell');
insert into city(region_id, name) values (297, 'Musselburgh');
insert into city(region_id, name) values (297, 'Wishaw');
insert into city(region_id, name) values (313, 'Alsutaspuszta');
insert into city(region_id, name) values (313, 'Salgtarjn');
insert into city(region_id, name) values (335, 'Alemn');
insert into city(region_id, name) values (335, 'Barquisimeto');
insert into city(region_id, name) values (335, 'Cabudare');
insert into city(region_id, name) values (368, 'Anguiat');
insert into city(region_id, name) values (378, 'Aach');
insert into city(region_id, name) values (378, 'Aalen');
insert into city(region_id, name) values (378, 'Abstatt');
insert into city(region_id, name) values (378, 'Achberg');
insert into city(region_id, name) values (378, 'Achern');
insert into city(region_id, name) values (378, 'Achstetten');
insert into city(region_id, name) values (378, 'Adelberg');
insert into city(region_id, name) values (378, 'Adelmannsfelden');
insert into city(region_id, name) values (378, 'Adelsheim');
insert into city(region_id, name) values (378, 'Aglasterhausen');
insert into city(region_id, name) values (378, 'Ahorn');
insert into city(region_id, name) values (378, 'Aichelberg');
insert into city(region_id, name) values (378, 'Aichstetten');
insert into city(region_id, name) values (378, 'Aichwald');
insert into city(region_id, name) values (378, 'Aitern');
insert into city(region_id, name) values (378, 'Aitrach');
insert into city(region_id, name) values (378, 'Albbruck');
insert into city(region_id, name) values (378, 'Albstadt');
insert into city(region_id, name) values (378, 'Aldingen');
insert into city(region_id, name) values (378, 'Alfdorf');
insert into city(region_id, name) values (378, 'Allensbach');
insert into city(region_id, name) values (378, 'Alleshausen');
insert into city(region_id, name) values (378, 'Allmannsweiler');
insert into city(region_id, name) values (378, 'Alpirsbach');
insert into city(region_id, name) values (378, 'Altbach');
insert into city(region_id, name) values (378, 'Altensteig');
insert into city(region_id, name) values (378, 'Altluheim');
insert into city(region_id, name) values (378, 'Altshausen');
insert into city(region_id, name) values (378, 'Amstetten');
insert into city(region_id, name) values (378, 'Appenweier');
insert into city(region_id, name) values (378, 'Asperg');
insert into city(region_id, name) values (378, 'Assamstadt');
insert into city(region_id, name) values (378, 'Au');
insert into city(region_id, name) values (378, 'Au am Rhein');
insert into city(region_id, name) values (378, 'Aulendorf');
insert into city(region_id, name) values (378, 'Backnang');
insert into city(region_id, name) values (378, 'Bad Bellingen');
insert into city(region_id, name) values (378, 'Bad Buchau');
insert into city(region_id, name) values (378, 'Bad Drrheim');
insert into city(region_id, name) values (378, 'Bad Friedrichshall');
insert into city(region_id, name) values (378, 'Bad Herrenalb');
insert into city(region_id, name) values (378, 'Bad Krozingen');
insert into city(region_id, name) values (378, 'Bad Mergentheim');
insert into city(region_id, name) values (378, 'Bad Peterstal-Griesbach');
insert into city(region_id, name) values (378, 'Bad Rappenau');
insert into city(region_id, name) values (378, 'Bad Rippoldsau-Schapbach');
insert into city(region_id, name) values (378, 'Bad Sckingen');
insert into city(region_id, name) values (378, 'Bad Saulgau');
insert into city(region_id, name) values (378, 'Bad Schnborn');
insert into city(region_id, name) values (378, 'Bad Schussenried');
insert into city(region_id, name) values (378, 'Bad Urach');
insert into city(region_id, name) values (378, 'Bad Waldsee');
insert into city(region_id, name) values (378, 'Bad Wildbad im Schwarzwald');
insert into city(region_id, name) values (378, 'Bad Wimpfen');
insert into city(region_id, name) values (378, 'Bad Wurzach');
insert into city(region_id, name) values (378, 'Baden-Baden');
insert into city(region_id, name) values (378, 'Bahlingen am Kaiserstuhl');
insert into city(region_id, name) values (378, 'Baienfurt');
insert into city(region_id, name) values (378, 'Baiersbronn');
insert into city(region_id, name) values (378, 'Baindt');
insert into city(region_id, name) values (378, 'Balingen');
insert into city(region_id, name) values (378, 'Bammental');
insert into city(region_id, name) values (378, 'Bartholom');
insert into city(region_id, name) values (378, 'Berg');
insert into city(region_id, name) values (378, 'Bergatreute');
insert into city(region_id, name) values (378, 'Besigheim');
insert into city(region_id, name) values (378, 'Biberach');
insert into city(region_id, name) values (378, 'Biberach an der Ri');
insert into city(region_id, name) values (378, 'Biederbach');
insert into city(region_id, name) values (378, 'Bietigheim');
insert into city(region_id, name) values (378, 'Bietigheim-Bissingen');
insert into city(region_id, name) values (378, 'Binzen');
insert into city(region_id, name) values (378, 'Bisingen');
insert into city(region_id, name) values (378, 'Bitz');
insert into city(region_id, name) values (378, 'Blaubeuren');
insert into city(region_id, name) values (378, 'Blaufelden');
insert into city(region_id, name) values (378, 'Blaustein');
insert into city(region_id, name) values (378, 'Blumberg');
insert into city(region_id, name) values (378, 'Bblingen');
insert into city(region_id, name) values (378, 'Bodelshausen');
insert into city(region_id, name) values (378, 'Bodman-Ludwigshafen');
insert into city(region_id, name) values (378, 'Bondorf');
insert into city(region_id, name) values (378, 'Bonndorf im Schwarzwald');
insert into city(region_id, name) values (378, 'Bopfingen');
insert into city(region_id, name) values (378, 'Bttingen');
insert into city(region_id, name) values (378, 'Boxberg');
insert into city(region_id, name) values (378, 'Breisach am Rhein');
insert into city(region_id, name) values (378, 'Bretten');
insert into city(region_id, name) values (378, 'Bruchsal');
insert into city(region_id, name) values (378, 'Brhl');
insert into city(region_id, name) values (378, 'Buchen (Odenwald)');
insert into city(region_id, name) values (378, 'Buggingen');
insert into city(region_id, name) values (378, 'Bhl');
insert into city(region_id, name) values (378, 'Bhlertal');
insert into city(region_id, name) values (378, 'Burladingen');
insert into city(region_id, name) values (378, 'Calw');
insert into city(region_id, name) values (378, 'Crailsheim');
insert into city(region_id, name) values (378, 'Deggingen');
insert into city(region_id, name) values (378, 'Deizisau');
insert into city(region_id, name) values (378, 'Denkingen');
insert into city(region_id, name) values (378, 'Denzlingen');
insert into city(region_id, name) values (378, 'Dettenheim');
insert into city(region_id, name) values (378, 'Dettingen an der Iller');
insert into city(region_id, name) values (378, 'Dettingen unter Teck');
insert into city(region_id, name) values (378, 'Dietenheim');
insert into city(region_id, name) values (378, 'Dietingen');
insert into city(region_id, name) values (378, 'Dobel');
insert into city(region_id, name) values (378, 'Donaueschingen');
insert into city(region_id, name) values (378, 'Dornhan');
insert into city(region_id, name) values (378, 'Dornstetten');
insert into city(region_id, name) values (378, 'Drzbach');
insert into city(region_id, name) values (378, 'Dunningen');
insert into city(region_id, name) values (378, 'Drbheim');
insert into city(region_id, name) values (378, 'Drmentingen');
insert into city(region_id, name) values (378, 'Dulingen');
insert into city(region_id, name) values (378, 'Eberbach');
insert into city(region_id, name) values (378, 'Ebhausen');
insert into city(region_id, name) values (378, 'Edingen-Neckarhausen');
insert into city(region_id, name) values (378, 'Efringen-Kirchen');
insert into city(region_id, name) values (378, 'Eggenstein-Leopoldshafen');
insert into city(region_id, name) values (378, 'Ehingen an der Donau');
insert into city(region_id, name) values (378, 'Ehningen');
insert into city(region_id, name) values (378, 'Eisingen');
insert into city(region_id, name) values (378, 'Eislingen/Fils');
insert into city(region_id, name) values (378, 'Ellwangen (Jagst)');
insert into city(region_id, name) values (378, 'Emmendingen');
insert into city(region_id, name) values (378, 'Empfingen');
insert into city(region_id, name) values (378, 'Endingen am Kaiserstuhl');
insert into city(region_id, name) values (378, 'Engen');
insert into city(region_id, name) values (378, 'Eppingen');
insert into city(region_id, name) values (378, 'Erbach');
insert into city(region_id, name) values (378, 'Eriskirch');
insert into city(region_id, name) values (378, 'Erlenmoos');
insert into city(region_id, name) values (378, 'Ertingen');
insert into city(region_id, name) values (378, 'Eschelbronn');
insert into city(region_id, name) values (378, 'Essingen');
insert into city(region_id, name) values (378, 'Esslingen am Neckar');
insert into city(region_id, name) values (378, 'Ettenheim');
insert into city(region_id, name) values (378, 'Ettlingen');
insert into city(region_id, name) values (378, 'Fellbach');
insert into city(region_id, name) values (378, 'Filderstadt');
insert into city(region_id, name) values (378, 'Fischingen');
insert into city(region_id, name) values (378, 'Forst');
insert into city(region_id, name) values (378, 'Frankenhardt');
insert into city(region_id, name) values (378, 'Freiberg am Neckar');
insert into city(region_id, name) values (378, 'Freiburg im Breisgau');
insert into city(region_id, name) values (378, 'Freudenberg');
insert into city(region_id, name) values (378, 'Freudenstadt');
insert into city(region_id, name) values (378, 'Frickingen');
insert into city(region_id, name) values (378, 'Friedrichshafen');
insert into city(region_id, name) values (378, 'Friesenheim');
insert into city(region_id, name) values (378, 'Frittlingen');
insert into city(region_id, name) values (378, 'Furtwangen im Schwarzwald');
insert into city(region_id, name) values (378, 'Gaggenau');
insert into city(region_id, name) values (378, 'Gaildorf');
insert into city(region_id, name) values (378, 'Gailingen am Hochrhein');
insert into city(region_id, name) values (378, 'Geisingen');
insert into city(region_id, name) values (378, 'Geislingen');
insert into city(region_id, name) values (378, 'Geislingen an der Steige');
insert into city(region_id, name) values (378, 'Gengenbach');
insert into city(region_id, name) values (378, 'Gerabronn');
insert into city(region_id, name) values (378, 'Giengen an der Brenz');
insert into city(region_id, name) values (378, 'Gingen an der Fils');
insert into city(region_id, name) values (378, 'Gppingen');
insert into city(region_id, name) values (378, 'Gosheim');
insert into city(region_id, name) values (378, 'Gottmadingen');
insert into city(region_id, name) values (378, 'Graben-Neudorf');
insert into city(region_id, name) values (378, 'Grafenhausen');
insert into city(region_id, name) values (378, 'Grenzach-Wyhlen');
insert into city(region_id, name) values (378, 'Hg-Ehrsberg');
insert into city(region_id, name) values (378, 'Haigerloch');
insert into city(region_id, name) values (378, 'Hardheim');
insert into city(region_id, name) values (378, 'Haslach im Kinzigtal');
insert into city(region_id, name) values (378, 'Hausach');
insert into city(region_id, name) values (378, 'Hechingen');
insert into city(region_id, name) values (378, 'Heddesheim');
insert into city(region_id, name) values (378, 'Heidelberg');
insert into city(region_id, name) values (378, 'Heidenheim an der Brenz');
insert into city(region_id, name) values (378, 'Heilbronn');
insert into city(region_id, name) values (378, 'Heiningen');
insert into city(region_id, name) values (378, 'Helmstadt-Bargen');
insert into city(region_id, name) values (378, 'Hemsbach');
insert into city(region_id, name) values (378, 'Herbertingen');
insert into city(region_id, name) values (378, 'Herbolzheim');
insert into city(region_id, name) values (378, 'Herbrechtingen');
insert into city(region_id, name) values (378, 'Herrenberg');
insert into city(region_id, name) values (378, 'Hockenheim');
insert into city(region_id, name) values (378, 'Hfen an der Enz');
insert into city(region_id, name) values (378, 'Holzgerlingen');
insert into city(region_id, name) values (378, 'Hpfingen');
insert into city(region_id, name) values (378, 'Horb am Neckar');
insert into city(region_id, name) values (378, 'Horgenzell');
insert into city(region_id, name) values (378, 'Hgelsheim');
insert into city(region_id, name) values (378, 'Ihringen');
insert into city(region_id, name) values (378, 'Illerkirchberg');
insert into city(region_id, name) values (378, 'Illingen');
insert into city(region_id, name) values (378, 'Illmensee');
insert into city(region_id, name) values (378, 'Ilvesheim');
insert into city(region_id, name) values (378, 'Immendingen');
insert into city(region_id, name) values (378, 'Immenstaad am Bodensee');
insert into city(region_id, name) values (378, 'Ingelfingen');
insert into city(region_id, name) values (378, 'Inzigkofen');
insert into city(region_id, name) values (378, 'Isny im Allgu');
insert into city(region_id, name) values (378, 'Ispringen');
insert into city(region_id, name) values (378, 'Jestetten');
insert into city(region_id, name) values (378, 'Kappelrodeck');
insert into city(region_id, name) values (378, 'Karlsbad');
insert into city(region_id, name) values (378, 'Karlsruhe');
insert into city(region_id, name) values (378, 'Kehl');
insert into city(region_id, name) values (378, 'Keltern');
insert into city(region_id, name) values (378, 'Kenzingen');
insert into city(region_id, name) values (378, 'Ketsch');
insert into city(region_id, name) values (378, 'Kieselbronn');
insert into city(region_id, name) values (378, 'Kippenheim');
insert into city(region_id, name) values (378, 'Kirchheim unter Teck');
insert into city(region_id, name) values (378, 'Klettgau');
insert into city(region_id, name) values (378, 'Knittlingen');
insert into city(region_id, name) values (378, 'Kolbingen');
insert into city(region_id, name) values (378, 'Kngen');
insert into city(region_id, name) values (378, 'Knigsbronn');
insert into city(region_id, name) values (378, 'Knigsfeld im Schwarzwald');
insert into city(region_id, name) values (378, 'Konstanz');
insert into city(region_id, name) values (378, 'Kornwestheim');
insert into city(region_id, name) values (378, 'Krauchenwies');
insert into city(region_id, name) values (378, 'Krautheim');
insert into city(region_id, name) values (378, 'Kressbronn am Bodensee');
insert into city(region_id, name) values (378, 'Kronau');
insert into city(region_id, name) values (378, 'Klsheim');
insert into city(region_id, name) values (378, 'Knzelsau');
insert into city(region_id, name) values (378, 'Kuppenheim');
insert into city(region_id, name) values (378, 'Kssaberg');
insert into city(region_id, name) values (378, 'Lahr/Schwarzwald');
insert into city(region_id, name) values (378, 'Laichingen');
insert into city(region_id, name) values (378, 'Langenau');
insert into city(region_id, name) values (378, 'Lauchringen');
insert into city(region_id, name) values (378, 'Lauda-Knigshofen');
insert into city(region_id, name) values (378, 'Lauf');
insert into city(region_id, name) values (378, 'Laufenburg');
insert into city(region_id, name) values (378, 'Laupheim');
insert into city(region_id, name) values (378, 'Leimen');
insert into city(region_id, name) values (378, 'Leonberg');
insert into city(region_id, name) values (378, 'Leutkirch im Allgu');
insert into city(region_id, name) values (378, 'Lffingen');
insert into city(region_id, name) values (378, 'Lrrach');
insert into city(region_id, name) values (378, 'Lottstetten');
insert into city(region_id, name) values (378, 'Lwenstein');
insert into city(region_id, name) values (378, 'Ludwigsburg');
insert into city(region_id, name) values (378, 'Mahlberg');
insert into city(region_id, name) values (378, 'Mainhardt');
insert into city(region_id, name) values (378, 'Mannheim');
insert into city(region_id, name) values (378, 'Markdorf');
insert into city(region_id, name) values (378, 'Maulbronn');
insert into city(region_id, name) values (378, 'Meckenbeuren');
insert into city(region_id, name) values (378, 'Meersburg');
insert into city(region_id, name) values (378, 'Mengen');
insert into city(region_id, name) values (378, 'Merzhausen');
insert into city(region_id, name) values (378, 'Mekirch');
insert into city(region_id, name) values (378, 'Mestetten');
insert into city(region_id, name) values (378, 'Metzingen');
insert into city(region_id, name) values (378, 'Mckmhl');
insert into city(region_id, name) values (378, 'Mgglingen');
insert into city(region_id, name) values (378, 'Mosbach');
insert into city(region_id, name) values (378, 'Mssingen');
insert into city(region_id, name) values (378, 'Mtzingen');
insert into city(region_id, name) values (378, 'Mhlacker');
insert into city(region_id, name) values (378, 'Mhlhausen');
insert into city(region_id, name) values (378, 'Mulfingen');
insert into city(region_id, name) values (378, 'Mllheim');
insert into city(region_id, name) values (378, 'Munderkingen');
insert into city(region_id, name) values (378, 'Mnsingen');
insert into city(region_id, name) values (378, 'Nagold');
insert into city(region_id, name) values (378, 'Neckargemnd');
insert into city(region_id, name) values (378, 'Neckarsulm');
insert into city(region_id, name) values (378, 'Neresheim');
insert into city(region_id, name) values (378, 'Neubulach');
insert into city(region_id, name) values (378, 'Neuenbrg');
insert into city(region_id, name) values (378, 'Neuenburg am Rhein');
insert into city(region_id, name) values (378, 'Neuenstadt am Kocher');
insert into city(region_id, name) values (378, 'Neuenstein');
insert into city(region_id, name) values (378, 'Niedernhall');
insert into city(region_id, name) values (378, 'Niefern-schelbronn');
insert into city(region_id, name) values (378, 'Nordheim');
insert into city(region_id, name) values (378, 'Nrtingen');
insert into city(region_id, name) values (378, 'Oberderdingen');
insert into city(region_id, name) values (378, 'Oberhausen-Rheinhausen');
insert into city(region_id, name) values (378, 'Oberkirch');
insert into city(region_id, name) values (378, 'Oberndorf am Neckar');
insert into city(region_id, name) values (378, 'Oberteuringen');
insert into city(region_id, name) values (378, 'Ochsenhausen');
insert into city(region_id, name) values (378, 'Offenburg');
insert into city(region_id, name) values (378, 'Ofterdingen');
insert into city(region_id, name) values (378, 'Oftersheim');
insert into city(region_id, name) values (378, 'hningen');
insert into city(region_id, name) values (378, 'hringen');
insert into city(region_id, name) values (378, 'Oppenau');
insert into city(region_id, name) values (378, 'Ortenberg');
insert into city(region_id, name) values (378, 'Osterburken');
insert into city(region_id, name) values (378, 'Ostrach');
insert into city(region_id, name) values (378, 'stringen');
insert into city(region_id, name) values (378, 'tisheim');
insert into city(region_id, name) values (378, 'Ottenhfen im Schwarzwald');
insert into city(region_id, name) values (378, 'Pfalzgrafenweiler');
insert into city(region_id, name) values (378, 'Pfinztal');
insert into city(region_id, name) values (378, 'Pforzheim');
insert into city(region_id, name) values (378, 'Pfullendorf');
insert into city(region_id, name) values (378, 'Philippsburg');
insert into city(region_id, name) values (378, 'Plankstadt');
insert into city(region_id, name) values (378, 'Plochingen');
insert into city(region_id, name) values (378, 'Radolfzell am Bodensee');
insert into city(region_id, name) values (378, 'Raich');
insert into city(region_id, name) values (378, 'Rammingen');
insert into city(region_id, name) values (378, 'Rastatt');
insert into city(region_id, name) values (378, 'Ravensburg');
insert into city(region_id, name) values (378, 'Ravenstein');
insert into city(region_id, name) values (378, 'Reichenbach am Heuberg');
insert into city(region_id, name) values (378, 'Reichenbach an der Fils');
insert into city(region_id, name) values (378, 'Reilingen');
insert into city(region_id, name) values (378, 'Remchingen');
insert into city(region_id, name) values (378, 'Renchen');
insert into city(region_id, name) values (378, 'Renningen');
insert into city(region_id, name) values (378, 'Reutlingen');
insert into city(region_id, name) values (378, 'Rheinfelden');
insert into city(region_id, name) values (378, 'Riederich');
insert into city(region_id, name) values (378, 'Riedlingen');
insert into city(region_id, name) values (378, 'Rielasingen-Worblingen');
insert into city(region_id, name) values (378, 'Rosenberg (73495)');
insert into city(region_id, name) values (378, 'Rosenfeld');
insert into city(region_id, name) values (378, 'Rosengarten');
insert into city(region_id, name) values (378, 'Rottenburg am Neckar');
insert into city(region_id, name) values (378, 'Rottweil');
insert into city(region_id, name) values (378, 'Rmmingen');
insert into city(region_id, name) values (378, 'Rust');
insert into city(region_id, name) values (378, 'Sandhausen');
insert into city(region_id, name) values (378, 'Sankt Georgen im Schwarzwald');
insert into city(region_id, name) values (378, 'Sankt Leon-Rot');
insert into city(region_id, name) values (378, 'Schelklingen');
insert into city(region_id, name) values (378, 'Schlier');
insert into city(region_id, name) values (378, 'Schluchsee');
insert into city(region_id, name) values (378, 'Schnau im Schwarzwald');
insert into city(region_id, name) values (378, 'Schopfheim');
insert into city(region_id, name) values (378, 'Schopfloch');
insert into city(region_id, name) values (378, 'Schorndorf');
insert into city(region_id, name) values (378, 'Schramberg');
insert into city(region_id, name) values (378, 'Schrozberg');
insert into city(region_id, name) values (378, 'Schwbisch Gmnd');
insert into city(region_id, name) values (378, 'Schwbisch Hall');
insert into city(region_id, name) values (378, 'Schwaikheim');
insert into city(region_id, name) values (378, 'Schwendi');
insert into city(region_id, name) values (378, 'Schwenningen');
insert into city(region_id, name) values (378, 'Schwetzingen');
insert into city(region_id, name) values (378, 'Sexau');
insert into city(region_id, name) values (378, 'Sigmaringen');
insert into city(region_id, name) values (378, 'Sindelfingen');
insert into city(region_id, name) values (378, 'Singen');
insert into city(region_id, name) values (378, 'Sinsheim');
insert into city(region_id, name) values (378, 'Spaichingen');
insert into city(region_id, name) values (378, 'Steinenbronn');
insert into city(region_id, name) values (378, 'Stockach');
insert into city(region_id, name) values (378, 'Stdtlen');
insert into city(region_id, name) values (378, 'Straubenhardt');
insert into city(region_id, name) values (378, 'Stutensee');
insert into city(region_id, name) values (378, 'Stuttgart');
insert into city(region_id, name) values (378, 'Sulz am Neckar');
insert into city(region_id, name) values (378, 'Sulzbach-Laufen');
insert into city(region_id, name) values (378, 'Sen');
insert into city(region_id, name) values (378, 'Talheim (74389)');
insert into city(region_id, name) values (378, 'Tauberbischofsheim');
insert into city(region_id, name) values (378, 'Teningen');
insert into city(region_id, name) values (378, 'Tettnang');
insert into city(region_id, name) values (378, 'Titisee-Neustadt');
insert into city(region_id, name) values (378, 'Triberg');
insert into city(region_id, name) values (378, 'Trossingen');
insert into city(region_id, name) values (378, 'Tbingen');
insert into city(region_id, name) values (378, 'Tuttlingen');
insert into city(region_id, name) values (378, 'berlingen');
insert into city(region_id, name) values (378, 'Ulm');
insert into city(region_id, name) values (378, 'Ummendorf');
insert into city(region_id, name) values (378, 'Unterkirnach');
insert into city(region_id, name) values (378, 'Unterwachingen');
insert into city(region_id, name) values (378, 'Urbach');
insert into city(region_id, name) values (378, 'Vaihingen an der Enz');
insert into city(region_id, name) values (378, 'Vellberg');
insert into city(region_id, name) values (378, 'Villingen-Schwenningen');
insert into city(region_id, name) values (378, 'Volkertshausen');
insert into city(region_id, name) values (378, 'Waghusel');
insert into city(region_id, name) values (378, 'Waiblingen');
insert into city(region_id, name) values (378, 'Wain');
insert into city(region_id, name) values (378, 'Wald');
insert into city(region_id, name) values (378, 'Waldbronn');
insert into city(region_id, name) values (378, 'Waldenburg');
insert into city(region_id, name) values (378, 'Waldkirch');
insert into city(region_id, name) values (378, 'Waldshut-Tiengen');
insert into city(region_id, name) values (378, 'Walldrn');
insert into city(region_id, name) values (378, 'Wangen');
insert into city(region_id, name) values (378, 'Wangen im Allgu');
insert into city(region_id, name) values (378, 'Wehingen');
insert into city(region_id, name) values (378, 'Wehr');
insert into city(region_id, name) values (378, 'Weikersheim');
insert into city(region_id, name) values (378, 'Weil am Rhein');
insert into city(region_id, name) values (378, 'Weil der Stadt');
insert into city(region_id, name) values (378, 'Weingarten (76357)');
insert into city(region_id, name) values (378, 'Weingarten (88251)');
insert into city(region_id, name) values (378, 'Weinheim');
insert into city(region_id, name) values (378, 'Weinsberg');
insert into city(region_id, name) values (378, 'Weinstadt');
insert into city(region_id, name) values (378, 'Welzheim');
insert into city(region_id, name) values (378, 'Wendlingen am Neckar');
insert into city(region_id, name) values (378, 'Wertheim');
insert into city(region_id, name) values (378, 'Wiesloch');
insert into city(region_id, name) values (378, 'Wilhelmsfeld');
insert into city(region_id, name) values (378, 'Willsttt');
insert into city(region_id, name) values (378, 'Wimsheim');
insert into city(region_id, name) values (378, 'Winnenden');
insert into city(region_id, name) values (378, 'Wolfach');
insert into city(region_id, name) values (378, 'Wrt');
insert into city(region_id, name) values (378, 'Wyhl am Kaiserstuhl');
insert into city(region_id, name) values (378, 'Zaberfeld');
insert into city(region_id, name) values (378, 'Zell am Harmersbach');
insert into city(region_id, name) values (378, 'Zell im Wiesental');
insert into city(region_id, name) values (378, 'Zell unter Aichelberg');
insert into city(region_id, name) values (378, 'Zuzenhausen');
insert into region(id, country_id, name) values (394, 54, 'Сент-Питер-Порт');
insert into city(region_id, name) values (54, 'Александровск-Сахалинский');
insert into city(region_id, name) values (54, 'Анбэцу');
insert into city(region_id, name) values (54, 'Анива');
insert into city(region_id, name) values (54, 'Бошняково');
insert into city(region_id, name) values (54, 'Быков');
insert into city(region_id, name) values (54, 'Вахрушев');
insert into city(region_id, name) values (54, 'Взморье');
insert into city(region_id, name) values (54, 'Гастелло');
insert into city(region_id, name) values (54, 'Горнозаводск (Сахалин)');
insert into city(region_id, name) values (54, 'Долинск');
insert into city(region_id, name) values (54, 'Ильинский (Сахалин)');
insert into city(region_id, name) values (54, 'Катангли');
insert into city(region_id, name) values (54, 'Корсаков');
insert into city(region_id, name) values (54, 'Курильск');
insert into city(region_id, name) values (54, 'Макаров');
insert into city(region_id, name) values (54, 'Невельск');
insert into city(region_id, name) values (54, 'Ноглики');
insert into city(region_id, name) values (54, 'Оха');
insert into city(region_id, name) values (54, 'Поронайск');
insert into city(region_id, name) values (54, 'Северо-Курильск');
insert into city(region_id, name) values (54, 'Смирных');
insert into city(region_id, name) values (54, 'Томари');
insert into city(region_id, name) values (54, 'Тымовское');
insert into city(region_id, name) values (54, 'Углегорск');
insert into city(region_id, name) values (54, 'Холмск');
insert into city(region_id, name) values (54, 'Шахтерск');
insert into city(region_id, name) values (54, 'Южно-Курильск');
insert into city(region_id, name) values (54, 'Южно-Сахалинск');
insert into city(region_id, name) values (241, 'Bela Slatina');
insert into city(region_id, name) values (241, 'Borovan');
insert into city(region_id, name) values (241, 'Byala Slatina');
insert into city(region_id, name) values (241, 'Koslodui');
insert into city(region_id, name) values (241, 'Kozlodui');
insert into city(region_id, name) values (241, 'Kozloduy');
insert into city(region_id, name) values (241, 'Krivdol');
insert into city(region_id, name) values (241, 'Krivodol');
insert into city(region_id, name) values (241, 'Mezdra');
insert into city(region_id, name) values (241, 'Vraca');
insert into city(region_id, name) values (241, 'Vratca');
insert into city(region_id, name) values (241, 'Vratsa');
insert into city(region_id, name) values (241, 'Vrattsa');
insert into city(region_id, name) values (241, 'Vratza');
insert into city(region_id, name) values (298, 'Abergele');
insert into city(region_id, name) values (298, 'Bagillt');
insert into city(region_id, name) values (298, 'Bala');
insert into city(region_id, name) values (298, 'Bangor');
insert into city(region_id, name) values (298, 'Chester');
insert into city(region_id, name) values (298, 'Colwyn Bay');
insert into city(region_id, name) values (298, 'Deeside');
insert into city(region_id, name) values (298, 'Holyhead');
insert into city(region_id, name) values (298, 'Llandudno');
insert into city(region_id, name) values (298, 'Prestatyn');
insert into city(region_id, name) values (298, 'Rhyl');
insert into city(region_id, name) values (298, 'Wrexham');
insert into city(region_id, name) values (314, 'Fuenfkirchen');
insert into city(region_id, name) values (314, 'Fnfkirchen');
insert into city(region_id, name) values (314, 'Fuzesdulo');
insert into city(region_id, name) values (314, 'Gyrgytelep');
insert into city(region_id, name) values (314, 'Haviboldogasszonydulo');
insert into city(region_id, name) values (314, 'Pcs');
insert into city(region_id, name) values (336, 'Bailadores');
insert into city(region_id, name) values (336, 'La Azulita');
insert into city(region_id, name) values (336, 'Mrida');
insert into city(region_id, name) values (369, 'Amaya');
insert into city(region_id, name) values (369, 'Atitancito');
insert into city(region_id, name) values (379, 'Abenberg');
insert into city(region_id, name) values (379, 'Abensberg');
insert into city(region_id, name) values (379, 'Absberg');
insert into city(region_id, name) values (379, 'Abtswind');
insert into city(region_id, name) values (379, 'Achslach');
insert into city(region_id, name) values (379, 'Adelschlag');
insert into city(region_id, name) values (379, 'Adelsried');
insert into city(region_id, name) values (379, 'Affing');
insert into city(region_id, name) values (379, 'Aham');
insert into city(region_id, name) values (379, 'Aholfing');
insert into city(region_id, name) values (379, 'Ahorn');
insert into city(region_id, name) values (379, 'Aicha vorm Wald');
insert into city(region_id, name) values (379, 'Aichach');
insert into city(region_id, name) values (379, 'Aichen');
insert into city(region_id, name) values (379, 'Aidenbach');
insert into city(region_id, name) values (379, 'Aidhausen');
insert into city(region_id, name) values (379, 'Aiglsbach');
insert into city(region_id, name) values (379, 'Aindling');
insert into city(region_id, name) values (379, 'Ainring');
insert into city(region_id, name) values (379, 'Aislingen');
insert into city(region_id, name) values (379, 'Alesheim');
insert into city(region_id, name) values (379, 'Allershausen');
insert into city(region_id, name) values (379, 'Altdorf (84033)');
insert into city(region_id, name) values (379, 'Altdorf (90519)');
insert into city(region_id, name) values (379, 'Altenbuch');
insert into city(region_id, name) values (379, 'Altendorf (96147)');
insert into city(region_id, name) values (379, 'Altenmarkt an der Alz');
insert into city(region_id, name) values (379, 'Altenmnster');
insert into city(region_id, name) values (379, 'Altenstadt an der Waldnaab');
insert into city(region_id, name) values (379, 'Altertheim');
insert into city(region_id, name) values (379, 'Alttting');
insert into city(region_id, name) values (379, 'Amberg (86855)');
insert into city(region_id, name) values (379, 'Amberg (92225)');
insert into city(region_id, name) values (379, 'Ansbach');
insert into city(region_id, name) values (379, 'Antdorf');
insert into city(region_id, name) values (379, 'Arnstorf');
insert into city(region_id, name) values (379, 'Asbach-Bumenheim');
insert into city(region_id, name) values (379, 'Ascha');
insert into city(region_id, name) values (379, 'Aschaffenburg');
insert into city(region_id, name) values (379, 'Auerbach');
insert into city(region_id, name) values (379, 'Augsburg');
insert into city(region_id, name) values (379, 'Baar-Ebenhausen');
insert into city(region_id, name) values (379, 'Babenhausen');
insert into city(region_id, name) values (379, 'Bach an der Donau');
insert into city(region_id, name) values (379, 'Bachhagel');
insert into city(region_id, name) values (379, 'Bad Abbach');
insert into city(region_id, name) values (379, 'Bad Aibling');
insert into city(region_id, name) values (379, 'Bad Alexandersbad');
insert into city(region_id, name) values (379, 'Bad Berneck im Fichtelgebirge');
insert into city(region_id, name) values (379, 'Bad Birnbach');
insert into city(region_id, name) values (379, 'Bad Bocklet');
insert into city(region_id, name) values (379, 'Bad Brckenau');
insert into city(region_id, name) values (379, 'Bad Fssing');
insert into city(region_id, name) values (379, 'Bad Griesbach im Rottal');
insert into city(region_id, name) values (379, 'Bad Grnenbach');
insert into city(region_id, name) values (379, 'Bad Kissingen');
insert into city(region_id, name) values (379, 'Bad Knigshofen im Grabfeld');
insert into city(region_id, name) values (379, 'Bad Neustadt an der Saale');
insert into city(region_id, name) values (379, 'Bad Reichenhall');
insert into city(region_id, name) values (379, 'Bad Rodach');
insert into city(region_id, name) values (379, 'Bad Tlz');
insert into city(region_id, name) values (379, 'Bad Windsheim');
insert into city(region_id, name) values (379, 'Bad Wrishofen');
insert into city(region_id, name) values (379, 'Baiern');
insert into city(region_id, name) values (379, 'Bamberg');
insert into city(region_id, name) values (379, 'Brnau');
insert into city(region_id, name) values (379, 'Baunach');
insert into city(region_id, name) values (379, 'Bayerisch Eisenstein');
insert into city(region_id, name) values (379, 'Bayerisch Gmain');
insert into city(region_id, name) values (379, 'Bayreuth');
insert into city(region_id, name) values (379, 'Berchtesgaden');
insert into city(region_id, name) values (379, 'Berg (82336)');
insert into city(region_id, name) values (379, 'Berg bei Neumarkt in der Oberpfalz');
insert into city(region_id, name) values (379, 'Bindlach');
insert into city(region_id, name) values (379, 'Bischofsheim an der Rhn');
insert into city(region_id, name) values (379, 'Bbing');
insert into city(region_id, name) values (379, 'Bobingen');
insert into city(region_id, name) values (379, 'Bodenkirchen');
insert into city(region_id, name) values (379, 'Bodenwhr');
insert into city(region_id, name) values (379, 'Bogen');
insert into city(region_id, name) values (379, 'Bonstetten');
insert into city(region_id, name) values (379, 'Boos');
insert into city(region_id, name) values (379, 'Bruck');
insert into city(region_id, name) values (379, 'Bruckmhl');
insert into city(region_id, name) values (379, 'Buchloe');
insert into city(region_id, name) values (379, 'Burgau');
insert into city(region_id, name) values (379, 'Burghausen');
insert into city(region_id, name) values (379, 'Burgkirchen an der Alz');
insert into city(region_id, name) values (379, 'Burgkunstadt');
insert into city(region_id, name) values (379, 'Burglengenfeld');
insert into city(region_id, name) values (379, 'Cadolzburg');
insert into city(region_id, name) values (379, 'Cham');
insert into city(region_id, name) values (379, 'Chamerau');
insert into city(region_id, name) values (379, 'Coburg');
insert into city(region_id, name) values (379, 'Creuen');
insert into city(region_id, name) values (379, 'Dachau');
insert into city(region_id, name) values (379, 'Dasing');
insert into city(region_id, name) values (379, 'Deggendorf');
insert into city(region_id, name) values (379, 'Denkendorf');
insert into city(region_id, name) values (379, 'Dillingen an der Donau');
insert into city(region_id, name) values (379, 'Dingolfing');
insert into city(region_id, name) values (379, 'Dinkelsbhl');
insert into city(region_id, name) values (379, 'Dittelbrunn');
insert into city(region_id, name) values (379, 'Donauwrth');
insert into city(region_id, name) values (379, 'Drfles-Esbach');
insert into city(region_id, name) values (379, 'Duggendorf');
insert into city(region_id, name) values (379, 'Durach');
insert into city(region_id, name) values (379, 'Eching (84175)');
insert into city(region_id, name) values (379, 'Eggenfelden');
insert into city(region_id, name) values (379, 'Eichsttt');
insert into city(region_id, name) values (379, 'Eiselfing');
insert into city(region_id, name) values (379, 'Elsenfeld');
insert into city(region_id, name) values (379, 'Eltmann');
insert into city(region_id, name) values (379, 'Erding');
insert into city(region_id, name) values (379, 'Ergersheim');
insert into city(region_id, name) values (379, 'Erlangen');
insert into city(region_id, name) values (379, 'Erlenbach am Main');
insert into city(region_id, name) values (379, 'Essenbach');
insert into city(region_id, name) values (379, 'Feucht');
insert into city(region_id, name) values (379, 'Feuchtwangen');
insert into city(region_id, name) values (379, 'Fichtelberg');
insert into city(region_id, name) values (379, 'Forchheim');
insert into city(region_id, name) values (379, 'Forheim');
insert into city(region_id, name) values (379, 'Freilassing');
insert into city(region_id, name) values (379, 'Freising');
insert into city(region_id, name) values (379, 'Frickenhausen am Main');
insert into city(region_id, name) values (379, 'Friedberg');
insert into city(region_id, name) values (379, 'Fuchsstadt');
insert into city(region_id, name) values (379, 'Frstenfeldbruck');
insert into city(region_id, name) values (379, 'Frth');
insert into city(region_id, name) values (379, 'Furth');
insert into city(region_id, name) values (379, 'Furth im Wald');
insert into city(region_id, name) values (379, 'Fssen');
insert into city(region_id, name) values (379, 'Gdheim');
insert into city(region_id, name) values (379, 'Gaimersheim');
insert into city(region_id, name) values (379, 'Garching an der Alz');
insert into city(region_id, name) values (379, 'Garmisch-Partenkirchen');
insert into city(region_id, name) values (379, 'Gefrees');
insert into city(region_id, name) values (379, 'Geiselwind');
insert into city(region_id, name) values (379, 'Gemnden am Main');
insert into city(region_id, name) values (379, 'Geretsried');
insert into city(region_id, name) values (379, 'Germering');
insert into city(region_id, name) values (379, 'Geroda');
insert into city(region_id, name) values (379, 'Gerolzhofen');
insert into city(region_id, name) values (379, 'Gersthofen');
insert into city(region_id, name) values (379, 'Glonn');
insert into city(region_id, name) values (379, 'Gochsheim');
insert into city(region_id, name) values (379, 'Graben');
insert into city(region_id, name) values (379, 'Grafenau');
insert into city(region_id, name) values (379, 'Grafenrheinfeld');
insert into city(region_id, name) values (379, 'Grafenwhr');
insert into city(region_id, name) values (379, 'Groenseebach');
insert into city(region_id, name) values (379, 'Gromehring');
insert into city(region_id, name) values (379, 'Groostheim');
insert into city(region_id, name) values (379, 'Grnwald');
insert into city(region_id, name) values (379, 'Gnzburg');
insert into city(region_id, name) values (379, 'Gunzenhausen');
insert into city(region_id, name) values (379, 'Haag');
insert into city(region_id, name) values (379, 'Hahnbach');
insert into city(region_id, name) values (379, 'Hammelburg');
insert into city(region_id, name) values (379, 'Hafurt');
insert into city(region_id, name) values (379, 'Hausham');
insert into city(region_id, name) values (379, 'Heilsbronn');
insert into city(region_id, name) values (379, 'Heimenkirch');
insert into city(region_id, name) values (379, 'Hemau');
insert into city(region_id, name) values (379, 'Hengersberg');
insert into city(region_id, name) values (379, 'Heroldsberg');
insert into city(region_id, name) values (379, 'Hersbruck');
insert into city(region_id, name) values (379, 'Herzogenaurach');
insert into city(region_id, name) values (379, 'Hilpoltstein');
insert into city(region_id, name) values (379, 'Himmelstadt');
insert into city(region_id, name) values (379, 'Hirschaid');
insert into city(region_id, name) values (379, 'Hchstadt an der Aisch');
insert into city(region_id, name) values (379, 'Hchstdt an der Donau');
insert into city(region_id, name) values (379, 'Hof');
insert into city(region_id, name) values (379, 'Holzkirchen (83608)');
insert into city(region_id, name) values (379, 'Ichenhausen');
insert into city(region_id, name) values (379, 'Igling');
insert into city(region_id, name) values (379, 'Illertissen');
insert into city(region_id, name) values (379, 'Immenstadt im Allgu');
insert into city(region_id, name) values (379, 'Ingolstadt');
insert into city(region_id, name) values (379, 'Innernzell');
insert into city(region_id, name) values (379, 'Iphofen');
insert into city(region_id, name) values (379, 'Irschenberg');
insert into city(region_id, name) values (379, 'Kaisheim');
insert into city(region_id, name) values (379, 'Kammeltal');
insert into city(region_id, name) values (379, 'Karlstadt');
insert into city(region_id, name) values (379, 'Kaufbeuren');
insert into city(region_id, name) values (379, 'Kaufering');
insert into city(region_id, name) values (379, 'Kelheim');
insert into city(region_id, name) values (379, 'Kellmnz');
insert into city(region_id, name) values (379, 'Kempten');
insert into city(region_id, name) values (379, 'Kinsau');
insert into city(region_id, name) values (379, 'Kirchdorf am Inn');
insert into city(region_id, name) values (379, 'Kirchheim in Schwaben');
insert into city(region_id, name) values (379, 'Kist');
insert into city(region_id, name) values (379, 'Kitzingen');
insert into city(region_id, name) values (379, 'Knetzgau');
insert into city(region_id, name) values (379, 'Kfering');
insert into city(region_id, name) values (379, 'Kolbermoor');
insert into city(region_id, name) values (379, 'Knigsbrunn');
insert into city(region_id, name) values (379, 'Ksching');
insert into city(region_id, name) values (379, 'Kronach');
insert into city(region_id, name) values (379, 'Krumbach');
insert into city(region_id, name) values (379, 'Kulmbach');
insert into city(region_id, name) values (379, 'Kps');
insert into city(region_id, name) values (379, 'Lalling');
insert into city(region_id, name) values (379, 'Landau an der Isar');
insert into city(region_id, name) values (379, 'Landsberg am Lech');
insert into city(region_id, name) values (379, 'Landshut');
insert into city(region_id, name) values (379, 'Langquaid');
insert into city(region_id, name) values (379, 'Lauf an der Pegnitz');
insert into city(region_id, name) values (379, 'Lauingen (Donau)');
insert into city(region_id, name) values (379, 'Lehrberg');
insert into city(region_id, name) values (379, 'Leipheim');
insert into city(region_id, name) values (379, 'Lichtenfels');
insert into city(region_id, name) values (379, 'Lindau (Bodensee)');
insert into city(region_id, name) values (379, 'Lindenberg im Allgu');
insert into city(region_id, name) values (379, 'Mainaschaff');
insert into city(region_id, name) values (379, 'Mainburg');
insert into city(region_id, name) values (379, 'Mainleus');
insert into city(region_id, name) values (379, 'Mallersdorf-Pfaffenberg');
insert into city(region_id, name) values (379, 'Mamming');
insert into city(region_id, name) values (379, 'Manching');
insert into city(region_id, name) values (379, 'Marktheidenfeld');
insert into city(region_id, name) values (379, 'Marktoberdorf');
insert into city(region_id, name) values (379, 'Marktredwitz');
insert into city(region_id, name) values (379, 'Massing');
insert into city(region_id, name) values (379, 'Mellrichstadt');
insert into city(region_id, name) values (379, 'Memmingen');
insert into city(region_id, name) values (379, 'Memmingerberg');
insert into city(region_id, name) values (379, 'Mering');
insert into city(region_id, name) values (379, 'Merkendorf');
insert into city(region_id, name) values (379, 'Metten');
insert into city(region_id, name) values (379, 'Michelsneukirchen');
insert into city(region_id, name) values (379, 'Miesbach');
insert into city(region_id, name) values (379, 'Miltenberg');
insert into city(region_id, name) values (379, 'Mindelheim');
insert into city(region_id, name) values (379, 'Mitterteich');
insert into city(region_id, name) values (379, 'Mmbris');
insert into city(region_id, name) values (379, 'Moorenweis');
insert into city(region_id, name) values (379, 'Mhldorf am Inn');
insert into city(region_id, name) values (379, 'Mnchberg');
insert into city(region_id, name) values (379, 'Mnchen');
insert into city(region_id, name) values (379, 'Mnnerstadt');
insert into city(region_id, name) values (379, 'Mnster');
insert into city(region_id, name) values (379, 'Nabburg');
insert into city(region_id, name) values (379, 'Naila');
insert into city(region_id, name) values (379, 'Neu-Ulm');
insert into city(region_id, name) values (379, 'Neubiberg');
insert into city(region_id, name) values (379, 'Neuburg an der Donau');
insert into city(region_id, name) values (379, 'Neuendettelsau');
insert into city(region_id, name) values (379, 'Neumarkt in der Oberpfalz');
insert into city(region_id, name) values (379, 'Neumarkt-Sankt Veit');
insert into city(region_id, name) values (379, 'Neunburg vorm Wald');
insert into city(region_id, name) values (379, 'Neutting');
insert into city(region_id, name) values (379, 'Neuried');
insert into city(region_id, name) values (379, 'Neus');
insert into city(region_id, name) values (379, 'Neustadt an der Aisch');
insert into city(region_id, name) values (379, 'Neustadt an der Donau');
insert into city(region_id, name) values (379, 'Neustadt an der Waldnaab');
insert into city(region_id, name) values (379, 'Neustadt bei Coburg');
insert into city(region_id, name) values (379, 'Neutraubling');
insert into city(region_id, name) values (379, 'Niederwerrn');
insert into city(region_id, name) values (379, 'Nittenau');
insert into city(region_id, name) values (379, 'Nittendorf');
insert into city(region_id, name) values (379, 'Nrdlingen');
insert into city(region_id, name) values (379, 'Ndlingen');
insert into city(region_id, name) values (379, 'Nrnberg');
insert into city(region_id, name) values (379, 'Nudorf am Inn');
insert into city(region_id, name) values (379, 'Oberaudorf');
insert into city(region_id, name) values (379, 'Oberhaid');
insert into city(region_id, name) values (379, 'Obernbreit');
insert into city(region_id, name) values (379, 'Oberndorf am Lech');
insert into city(region_id, name) values (379, 'Obernzenn');
insert into city(region_id, name) values (379, 'Oberschleiheim');
insert into city(region_id, name) values (379, 'Oberstaufen');
insert into city(region_id, name) values (379, 'Oberviechtach');
insert into city(region_id, name) values (379, 'Ochsenfurt');
insert into city(region_id, name) values (379, 'Oerlenbach');
insert into city(region_id, name) values (379, 'Oettingen in Bayern');
insert into city(region_id, name) values (379, 'Ottobeuren');
insert into city(region_id, name) values (379, 'Ottobrunn');
insert into city(region_id, name) values (379, 'Passau');
insert into city(region_id, name) values (379, 'Pegnitz');
insert into city(region_id, name) values (379, 'Peiting');
insert into city(region_id, name) values (379, 'Pentling');
insert into city(region_id, name) values (379, 'Penzberg');
insert into city(region_id, name) values (379, 'Pfaffenhofen an der Ilm');
insert into city(region_id, name) values (379, 'Pfarrkirchen');
insert into city(region_id, name) values (379, 'Pilsach');
insert into city(region_id, name) values (379, 'Plattling');
insert into city(region_id, name) values (379, 'Pocking');
insert into city(region_id, name) values (379, 'Prien am Chiemsee');
insert into city(region_id, name) values (379, 'Randersacker');
insert into city(region_id, name) values (379, 'Rednitzhembach');
insert into city(region_id, name) values (379, 'Regen');
insert into city(region_id, name) values (379, 'Regensburg');
insert into city(region_id, name) values (379, 'Regenstauf');
insert into city(region_id, name) values (379, 'Reisbach');
insert into city(region_id, name) values (379, 'Riedenburg');
insert into city(region_id, name) values (379, 'Roding');
insert into city(region_id, name) values (379, 'Rosenheim');
insert into city(region_id, name) values (379, 'Robach');
insert into city(region_id, name) values (379, 'Roth');
insert into city(region_id, name) values (379, 'Rothenburg ob der Tauber');
insert into city(region_id, name) values (379, 'Ruhstorf an der Rott');
insert into city(region_id, name) values (379, 'Scheinfeld');
insert into city(region_id, name) values (379, 'Schlsselfeld');
insert into city(region_id, name) values (379, 'Schmidmhlen');
insert into city(region_id, name) values (379, 'Schnberg (94514)');
insert into city(region_id, name) values (379, 'Schongau');
insert into city(region_id, name) values (379, 'Schnsee');
insert into city(region_id, name) values (379, 'Schrobenhausen');
insert into city(region_id, name) values (379, 'Schwabach');
insert into city(region_id, name) values (379, 'Schwabmnchen');
insert into city(region_id, name) values (379, 'Schwandorf');
insert into city(region_id, name) values (379, 'Schwanstetten');
insert into city(region_id, name) values (379, 'Schwarzach');
insert into city(region_id, name) values (379, 'Schwarzenfeld');
insert into city(region_id, name) values (379, 'Schwebheim');
insert into city(region_id, name) values (379, 'Schweinfurt');
insert into city(region_id, name) values (379, 'Selb');
insert into city(region_id, name) values (379, 'Senden');
insert into city(region_id, name) values (379, 'Sennfeld');
insert into city(region_id, name) values (379, 'Simbach am Inn');
insert into city(region_id, name) values (379, 'Sommerhausen');
insert into city(region_id, name) values (379, 'Sonthofen');
insert into city(region_id, name) values (379, 'Stammham (84534)');
insert into city(region_id, name) values (379, 'Starnberg');
insert into city(region_id, name) values (379, 'Stein bei Nrnberg');
insert into city(region_id, name) values (379, 'Straubing');
insert into city(region_id, name) values (379, 'Sulzbach am Main');
insert into city(region_id, name) values (379, 'Sulzbach-Rosenberg');
insert into city(region_id, name) values (379, 'Tacherting');
insert into city(region_id, name) values (379, 'Teisnach');
insert into city(region_id, name) values (379, 'Thannhausen');
insert into city(region_id, name) values (379, 'Thanstein');
insert into city(region_id, name) values (379, 'Tirschenreuth');
insert into city(region_id, name) values (379, 'Tittmoning');
insert into city(region_id, name) values (379, 'Tging am Inn');
insert into city(region_id, name) values (379, 'Traunreut');
insert into city(region_id, name) values (379, 'Traunstein');
insert into city(region_id, name) values (379, 'Treuchtlingen');
insert into city(region_id, name) values (379, 'Trostberg');
insert into city(region_id, name) values (379, 'Trkheim');
insert into city(region_id, name) values (379, 'Tussenhausen');
insert into city(region_id, name) values (379, 'Uffenheim');
insert into city(region_id, name) values (379, 'Unterhaching');
insert into city(region_id, name) values (379, 'Untersteinach');
insert into city(region_id, name) values (379, 'Viechtach');
insert into city(region_id, name) values (379, 'Vilseck');
insert into city(region_id, name) values (379, 'Vilshofen');
insert into city(region_id, name) values (379, 'Vohenstrau');
insert into city(region_id, name) values (379, 'Vhringen');
insert into city(region_id, name) values (379, 'Waldkraiburg');
insert into city(region_id, name) values (379, 'Wallersdorf');
insert into city(region_id, name) values (379, 'Wasserburg am Inn');
insert into city(region_id, name) values (379, 'Wassertrdingen');
insert into city(region_id, name) values (379, 'Weiden');
insert into city(region_id, name) values (379, 'Weilheim in Oberbayern');
insert into city(region_id, name) values (379, 'Weienburg in Bayern');
insert into city(region_id, name) values (379, 'Weienhorn');
insert into city(region_id, name) values (379, 'Weiensberg');
insert into city(region_id, name) values (379, 'Welden');
insert into city(region_id, name) values (379, 'Wemding');
insert into city(region_id, name) values (379, 'Wernberg-Kblitz');
insert into city(region_id, name) values (379, 'Wertach');
insert into city(region_id, name) values (379, 'Wiggensbach');
insert into city(region_id, name) values (379, 'Wildflecken');
insert into city(region_id, name) values (379, 'Windsbach');
insert into city(region_id, name) values (379, 'Winhring');
insert into city(region_id, name) values (379, 'Wittibreut');
insert into city(region_id, name) values (379, 'Wolnzach');
insert into city(region_id, name) values (379, 'Wrth an der Donau');
insert into city(region_id, name) values (379, 'Wunsiedel');
insert into city(region_id, name) values (379, 'Wrzburg');
insert into city(region_id, name) values (379, 'Zeil am Main');
insert into city(region_id, name) values (379, 'Zell am Main');
insert into city(region_id, name) values (379, 'Zellingen');
insert into city(region_id, name) values (379, 'Zirndorf');
insert into city(region_id, name) values (379, 'Zwiesel');
insert into city(region_id, name) values (394, 'Сент-Питер-Порт');
insert into region(id, country_id, name) values (395, 55, 'Gibraltar');
insert into city(region_id, name) values (55, 'Алапаевск');
insert into city(region_id, name) values (55, 'Алтынай');
insert into city(region_id, name) values (55, 'Арамиль');
insert into city(region_id, name) values (55, 'Артемовский (Свердловская обл.)');
insert into city(region_id, name) values (55, 'Арти');
insert into city(region_id, name) values (55, 'Асбест');
insert into city(region_id, name) values (55, 'Ачит');
insert into city(region_id, name) values (55, 'Байкалово');
insert into city(region_id, name) values (55, 'Басьяновский');
insert into city(region_id, name) values (55, 'Белоярский (Свердловская обл.)');
insert into city(region_id, name) values (55, 'Березовский (Свердловская обл.)');
insert into city(region_id, name) values (55, 'Бисерть');
insert into city(region_id, name) values (55, 'Богданович');
insert into city(region_id, name) values (55, 'Буланаш');
insert into city(region_id, name) values (55, 'Верхний Тагил');
insert into city(region_id, name) values (55, 'Верхняя Пышма');
insert into city(region_id, name) values (55, 'Верхняя Салда');
insert into city(region_id, name) values (55, 'Верхняя Синячиха');
insert into city(region_id, name) values (55, 'Верхняя Сысерть');
insert into city(region_id, name) values (55, 'Верхняя Тура');
insert into city(region_id, name) values (55, 'Верхотурье');
insert into city(region_id, name) values (55, 'Висим');
insert into city(region_id, name) values (55, 'Волчанск');
insert into city(region_id, name) values (55, 'Гари');
insert into city(region_id, name) values (55, 'Дегтярск');
insert into city(region_id, name) values (55, 'Екатеринбург');
insert into city(region_id, name) values (55, 'Ертарский');
insert into city(region_id, name) values (55, 'Заводоуспенское');
insert into city(region_id, name) values (55, 'Заречный');
insert into city(region_id, name) values (55, 'Ивдель');
insert into city(region_id, name) values (55, 'Изумруд');
insert into city(region_id, name) values (55, 'Ирбит');
insert into city(region_id, name) values (55, 'Ис');
insert into city(region_id, name) values (55, 'Каменск-Уральский');
insert into city(region_id, name) values (55, 'Камышлов');
insert into city(region_id, name) values (55, 'Карпинск');
insert into city(region_id, name) values (55, 'Качканар');
insert into city(region_id, name) values (55, 'Кировград');
insert into city(region_id, name) values (55, 'Краснотурьинск');
insert into city(region_id, name) values (55, 'Красноуральск');
insert into city(region_id, name) values (55, 'Красноуфимск');
insert into city(region_id, name) values (55, 'Кушва');
insert into city(region_id, name) values (55, 'Лесной');
insert into city(region_id, name) values (55, 'Михайловск');
insert into city(region_id, name) values (55, 'Невьянск');
insert into city(region_id, name) values (55, 'Нижние Серги');
insert into city(region_id, name) values (55, 'Нижний Тагил');
insert into city(region_id, name) values (55, 'Нижняя Салда');
insert into city(region_id, name) values (55, 'Нижняя Тура');
insert into city(region_id, name) values (55, 'Новая Ляля');
insert into city(region_id, name) values (55, 'Новоуральск');
insert into city(region_id, name) values (55, 'Новоуральск (Свердловская обл.)');
insert into city(region_id, name) values (55, 'Оус');
insert into city(region_id, name) values (55, 'Первоуральск');
insert into city(region_id, name) values (55, 'Полевской');
insert into city(region_id, name) values (55, 'Пышма');
insert into city(region_id, name) values (55, 'Ревда (Свердловская обл.)');
insert into city(region_id, name) values (55, 'Реж');
insert into city(region_id, name) values (55, 'Рефтинск');
insert into city(region_id, name) values (55, 'Свердловск');
insert into city(region_id, name) values (55, 'Североуральск');
insert into city(region_id, name) values (55, 'Серов');
insert into city(region_id, name) values (55, 'Сосьва');
insert into city(region_id, name) values (55, 'Среднеуральск');
insert into city(region_id, name) values (55, 'Сухой Лог');
insert into city(region_id, name) values (55, 'Сысерть');
insert into city(region_id, name) values (55, 'Таборы');
insert into city(region_id, name) values (55, 'Тавда');
insert into city(region_id, name) values (55, 'Талица');
insert into city(region_id, name) values (55, 'Тугулым');
insert into city(region_id, name) values (55, 'Туринск');
insert into city(region_id, name) values (55, 'Туринская Слобода');
insert into city(region_id, name) values (242, 'Jambol');
insert into city(region_id, name) values (242, 'Yambol');
insert into city(region_id, name) values (299, 'Barry');
insert into city(region_id, name) values (299, 'Blackwood');
insert into city(region_id, name) values (299, 'Bridgend');
insert into city(region_id, name) values (299, 'Cardiff');
insert into city(region_id, name) values (299, 'Carmarthen');
insert into city(region_id, name) values (299, 'Lampeter');
insert into city(region_id, name) values (299, 'Llanelli');
insert into city(region_id, name) values (299, 'Newport');
insert into city(region_id, name) values (299, 'Port Talbot');
insert into city(region_id, name) values (299, 'Swansea');
insert into city(region_id, name) values (315, 'Alsodabasi Szolok');
insert into city(region_id, name) values (315, 'Bag');
insert into city(region_id, name) values (315, 'Budakeszi');
insert into city(region_id, name) values (315, 'Budars');
insert into city(region_id, name) values (315, 'Cegld');
insert into city(region_id, name) values (315, 'rd');
insert into city(region_id, name) values (315, 'Monor');
insert into city(region_id, name) values (315, 'Nagykta');
insert into city(region_id, name) values (315, 'Nagykoros');
insert into city(region_id, name) values (315, 'Pilisszentkereszt');
insert into city(region_id, name) values (315, 'Selekta');
insert into city(region_id, name) values (315, 'Vc');
insert into city(region_id, name) values (337, 'Boca de Taguay');
insert into city(region_id, name) values (337, 'Cabeza de Tigre');
insert into city(region_id, name) values (337, 'Ca');
insert into city(region_id, name) values (337, 'Los Teques');
insert into city(region_id, name) values (337, 'Petare');
insert into city(region_id, name) values (370, 'Brigada');
insert into city(region_id, name) values (370, 'Ciudad de Guatemala');
insert into city(region_id, name) values (370, 'Guatemala');
insert into city(region_id, name) values (370, 'Guatemala City');
insert into city(region_id, name) values (370, 'Petapa');
insert into city(region_id, name) values (370, 'San Juan Sacatepquez');
insert into city(region_id, name) values (370, 'San Miguel Petapa');
insert into city(region_id, name) values (380, 'Berlin');
insert into city(region_id, name) values (395, 'Caleta');
insert into city(region_id, name) values (395, 'Catalan');
insert into city(region_id, name) values (395, 'Catalan Bay');
insert into city(region_id, name) values (395, 'Gibraltar');
insert into city(region_id, name) values (395, 'Rosia');
insert into city(region_id, name) values (395, 'Waterport');
insert into region(id, country_id, name) values (396, 56, 'Тегусигальпа');
insert into city(region_id, name) values (56, 'Алагир');
insert into city(region_id, name) values (56, 'Ардон');
insert into city(region_id, name) values (56, 'Беслан');
insert into city(region_id, name) values (56, 'Бурон');
insert into city(region_id, name) values (56, 'Владикавказ');
insert into city(region_id, name) values (56, 'Дигора');
insert into city(region_id, name) values (56, 'Моздок');
insert into city(region_id, name) values (56, 'Орджоникидзе');
insert into city(region_id, name) values (56, 'Чикола');
insert into city(region_id, name) values (316, 'llskt');
insert into city(region_id, name) values (316, 'Kaposvr');
insert into city(region_id, name) values (316, 'Sifok');
insert into city(region_id, name) values (316, 'Tab');
insert into city(region_id, name) values (338, 'Amana');
insert into city(region_id, name) values (338, 'Maturn');
insert into city(region_id, name) values (338, 'Puente Punceres');
insert into city(region_id, name) values (371, 'Amate Blanco');
insert into city(region_id, name) values (381, 'Ahrensfelde');
insert into city(region_id, name) values (381, 'Alt Tucheband');
insert into city(region_id, name) values (381, 'Alt Zauche');
insert into city(region_id, name) values (381, 'Altenhof');
insert into city(region_id, name) values (381, 'Altglietzen');
insert into city(region_id, name) values (381, 'Altlandsberg');
insert into city(region_id, name) values (381, 'Arenzhain');
insert into city(region_id, name) values (381, 'Babben');
insert into city(region_id, name) values (381, 'Bad Freienwalde');
insert into city(region_id, name) values (381, 'Bad Liebenwerda');
insert into city(region_id, name) values (381, 'Bad Saarow');
insert into city(region_id, name) values (381, 'Bad Wilsnack');
insert into city(region_id, name) values (381, 'Brenklau');
insert into city(region_id, name) values (381, 'Basdorf');
insert into city(region_id, name) values (381, 'Beelitz');
insert into city(region_id, name) values (381, 'Beiersdorf-Freudenberg');
insert into city(region_id, name) values (381, 'Belzig');
insert into city(region_id, name) values (381, 'Bernau');
insert into city(region_id, name) values (381, 'Bliesdorf');
insert into city(region_id, name) values (381, 'Brandenburg an der Havel');
insert into city(region_id, name) values (381, 'Cottbus');
insert into city(region_id, name) values (381, 'Doberlug-Kirchhain');
insert into city(region_id, name) values (381, 'Drewitz');
insert into city(region_id, name) values (381, 'Eberswalde');
insert into city(region_id, name) values (381, 'Eisenhttenstadt');
insert into city(region_id, name) values (381, 'Elsterwerda');
insert into city(region_id, name) values (381, 'Fahrland');
insert into city(region_id, name) values (381, 'Falkensee');
insert into city(region_id, name) values (381, 'Finsterwalde');
insert into city(region_id, name) values (381, 'Forst (Lausitz)');
insert into city(region_id, name) values (381, 'Frankfurt (Oder)');
insert into city(region_id, name) values (381, 'Frstenwalde/Spree');
insert into city(region_id, name) values (381, 'Gartz (Oder)');
insert into city(region_id, name) values (381, 'Grobeeren');
insert into city(region_id, name) values (381, 'Grorschen');
insert into city(region_id, name) values (381, 'Guben');
insert into city(region_id, name) values (381, 'Guhrow');
insert into city(region_id, name) values (381, 'Helle');
insert into city(region_id, name) values (381, 'Hermsdorf');
insert into city(region_id, name) values (381, 'Herzberg (Elster)');
insert into city(region_id, name) values (381, 'Hohen Neuendorf');
insert into city(region_id, name) values (381, 'Jterbog');
insert into city(region_id, name) values (381, 'Kasel-Golzig');
insert into city(region_id, name) values (381, 'Kehrberg');
insert into city(region_id, name) values (381, 'Kloster Lehnin');
insert into city(region_id, name) values (381, 'Knigs Wusterhausen');
insert into city(region_id, name) values (381, 'Kyritz');
insert into city(region_id, name) values (381, 'Kyritz');
insert into city(region_id, name) values (381, 'Lauchhammer');
insert into city(region_id, name) values (381, 'Lbben (Spreewald)');
insert into city(region_id, name) values (381, 'Lbbenau/Spreewald');
insert into city(region_id, name) values (381, 'Luckau');
insert into city(region_id, name) values (381, 'Luckenwalde');
insert into city(region_id, name) values (381, 'Neuhardenberg');
insert into city(region_id, name) values (381, 'Neuruppin');
insert into city(region_id, name) values (381, 'Oranienburg');
insert into city(region_id, name) values (381, 'Ponnsdorf');
insert into city(region_id, name) values (381, 'Potsdam');
insert into city(region_id, name) values (381, 'Prenzlau');
insert into city(region_id, name) values (381, 'Rathenow');
insert into city(region_id, name) values (381, 'Schlieben');
insert into city(region_id, name) values (381, 'Schneiche');
insert into city(region_id, name) values (381, 'Schwarzheide');
insert into city(region_id, name) values (381, 'Schwedt/Oder');
insert into city(region_id, name) values (381, 'Seelow');
insert into city(region_id, name) values (381, 'Senftenberg');
insert into city(region_id, name) values (381, 'Sonnenberg');
insert into city(region_id, name) values (381, 'Spremberg');
insert into city(region_id, name) values (381, 'Strausberg');
insert into city(region_id, name) values (381, 'Teltow');
insert into city(region_id, name) values (381, 'Templin');
insert into city(region_id, name) values (381, 'Wittenberge');
insert into city(region_id, name) values (381, 'Wittstock/Dosse');
insert into city(region_id, name) values (381, 'Wusterhausen (Dosse)');
insert into city(region_id, name) values (381, 'Zehdenick');
insert into city(region_id, name) values (381, 'Zossen');
insert into city(region_id, name) values (396, 'Тегусигальпа');
insert into region(id, country_id, name) values (397, 57, 'Гонконг');
insert into city(region_id, name) values (57, 'Велиж');
insert into city(region_id, name) values (57, 'Верхнеднепровский');
insert into city(region_id, name) values (57, 'Ворга');
insert into city(region_id, name) values (57, 'Вязьма');
insert into city(region_id, name) values (57, 'Гагарин');
insert into city(region_id, name) values (57, 'Глинка');
insert into city(region_id, name) values (57, 'Голынки');
insert into city(region_id, name) values (57, 'Демидов');
insert into city(region_id, name) values (57, 'Десногорск');
insert into city(region_id, name) values (57, 'Дорогобуж');
insert into city(region_id, name) values (57, 'Духовщина');
insert into city(region_id, name) values (57, 'Ельня');
insert into city(region_id, name) values (57, 'Ершичи');
insert into city(region_id, name) values (57, 'Издешково');
insert into city(region_id, name) values (57, 'Кардымово');
insert into city(region_id, name) values (57, 'Красный');
insert into city(region_id, name) values (57, 'Монастырщина');
insert into city(region_id, name) values (57, 'Новодугино');
insert into city(region_id, name) values (57, 'Починок');
insert into city(region_id, name) values (57, 'Рославль');
insert into city(region_id, name) values (57, 'Рудня');
insert into city(region_id, name) values (57, 'Сафоново');
insert into city(region_id, name) values (57, 'Смоленск');
insert into city(region_id, name) values (57, 'Сычевка');
insert into city(region_id, name) values (57, 'Угра');
insert into city(region_id, name) values (57, 'Хиславичи');
insert into city(region_id, name) values (57, 'Холм-Жирковский');
insert into city(region_id, name) values (57, 'Шумячи');
insert into city(region_id, name) values (57, 'Ярцево');
insert into city(region_id, name) values (317, 'Kisvrda');
insert into city(region_id, name) values (317, 'Mtszalka');
insert into city(region_id, name) values (317, 'Nyregyhza');
insert into city(region_id, name) values (339, 'La Brea');
insert into city(region_id, name) values (372, 'Can');
insert into city(region_id, name) values (382, 'Bremen');
insert into city(region_id, name) values (382, 'Bremerhaven');
insert into city(region_id, name) values (397, 'Гонконг');
insert into region(id, country_id, name) values (398, 58, 'Сент-Джорджес');
insert into city(region_id, name) values (58, 'Александровское (Ставрополь.)');
insert into city(region_id, name) values (58, 'Арзгир');
insert into city(region_id, name) values (58, 'Благодарный');
insert into city(region_id, name) values (58, 'Буденновск');
insert into city(region_id, name) values (58, 'Георгиевск');
insert into city(region_id, name) values (58, 'Дивное (Ставропольский край)');
insert into city(region_id, name) values (58, 'Домбай');
insert into city(region_id, name) values (58, 'Донское');
insert into city(region_id, name) values (58, 'Ессентуки');
insert into city(region_id, name) values (58, 'Железноводск(Ставропольский)');
insert into city(region_id, name) values (58, 'Зеленокумск');
insert into city(region_id, name) values (58, 'Изобильный');
insert into city(region_id, name) values (58, 'Иноземцево');
insert into city(region_id, name) values (58, 'Ипатово');
insert into city(region_id, name) values (58, 'Карачаевск');
insert into city(region_id, name) values (58, 'Кисловодск');
insert into city(region_id, name) values (58, 'Кочубеевское');
insert into city(region_id, name) values (58, 'Красногвардейское (Ставрополь.)');
insert into city(region_id, name) values (58, 'Курсавка');
insert into city(region_id, name) values (58, 'Левокумское');
insert into city(region_id, name) values (58, 'Лермонтов');
insert into city(region_id, name) values (58, 'Минеральные Воды');
insert into city(region_id, name) values (58, 'Михайловск');
insert into city(region_id, name) values (58, 'Невинномысск');
insert into city(region_id, name) values (58, 'Нефтекумск');
insert into city(region_id, name) values (58, 'Новоалександровск');
insert into city(region_id, name) values (58, 'Новоалександровская');
insert into city(region_id, name) values (58, 'Новопавловск');
insert into city(region_id, name) values (58, 'Новоселицкое');
insert into city(region_id, name) values (58, 'Преградная');
insert into city(region_id, name) values (58, 'Пятигорск');
insert into city(region_id, name) values (58, 'Светлоград');
insert into city(region_id, name) values (58, 'Солнечнодольск');
insert into city(region_id, name) values (58, 'Ставрополь');
insert into city(region_id, name) values (58, 'Степное (Ставропольский край)');
insert into city(region_id, name) values (58, 'Теберда');
insert into city(region_id, name) values (58, 'Усть-Джегута');
insert into city(region_id, name) values (58, 'Хабез');
insert into city(region_id, name) values (58, 'Черкесск');
insert into city(region_id, name) values (318, 'Kiskundorozsma');
insert into city(region_id, name) values (318, 'Szeged');
insert into city(region_id, name) values (340, 'Agua de Vaca');
insert into city(region_id, name) values (340, 'Bella Vista');
insert into city(region_id, name) values (340, 'El Agua');
insert into city(region_id, name) values (340, 'El Pilar');
insert into city(region_id, name) values (340, 'El Valle');
insert into city(region_id, name) values (340, 'Porlamar');
insert into city(region_id, name) values (373, 'Quetzaltenango');
insert into city(region_id, name) values (383, 'Hamburg');
insert into city(region_id, name) values (398, 'Сент-Джорджес');
insert into region(id, country_id, name) values (399, 59, 'Гренландия');
insert into city(region_id, name) values (59, 'Бондари');
insert into city(region_id, name) values (59, 'Гавриловка Вторая');
insert into city(region_id, name) values (59, 'Жердевка');
insert into city(region_id, name) values (59, 'Знаменка');
insert into city(region_id, name) values (59, 'Инжавино');
insert into city(region_id, name) values (59, 'Кирсанов');
insert into city(region_id, name) values (59, 'Котовск');
insert into city(region_id, name) values (59, 'Мичуринск');
insert into city(region_id, name) values (59, 'Мордово');
insert into city(region_id, name) values (59, 'Моршанск');
insert into city(region_id, name) values (59, 'Мучкапский');
insert into city(region_id, name) values (59, 'Первомайский (Тамбовская обл.)');
insert into city(region_id, name) values (59, 'Петровское');
insert into city(region_id, name) values (59, 'Пичаево');
insert into city(region_id, name) values (59, 'Рассказово');
insert into city(region_id, name) values (59, 'Ржакса');
insert into city(region_id, name) values (59, 'Сосновка');
insert into city(region_id, name) values (59, 'Староюрьево');
insert into city(region_id, name) values (59, 'Тамбов');
insert into city(region_id, name) values (59, 'Токаревка');
insert into city(region_id, name) values (59, 'Уварово');
insert into city(region_id, name) values (59, 'Умет');
insert into city(region_id, name) values (319, 'Alshdvg');
insert into city(region_id, name) values (319, 'Bonyhd');
insert into city(region_id, name) values (319, 'Dombvr');
insert into city(region_id, name) values (319, 'Szekszrd');
insert into city(region_id, name) values (341, 'Acarigua');
insert into city(region_id, name) values (374, 'Cinaga');
insert into city(region_id, name) values (374, 'San Cristbal');
insert into city(region_id, name) values (374, 'Totonicapn');
insert into city(region_id, name) values (384, 'Ahnatal');
insert into city(region_id, name) values (384, 'Alheim');
insert into city(region_id, name) values (384, 'Allendorf (Eder)');
insert into city(region_id, name) values (384, 'Allendorf (Lumda)');
insert into city(region_id, name) values (384, 'Alsbach-Hhnlein');
insert into city(region_id, name) values (384, 'Alsfeld');
insert into city(region_id, name) values (384, 'Altenstadt');
insert into city(region_id, name) values (384, 'Angelburg');
insert into city(region_id, name) values (384, 'Antrifttal');
insert into city(region_id, name) values (384, 'Alar');
insert into city(region_id, name) values (384, 'Babenhausen');
insert into city(region_id, name) values (384, 'Bad Arolsen');
insert into city(region_id, name) values (384, 'Bad Camberg');
insert into city(region_id, name) values (384, 'Bad Emstal');
insert into city(region_id, name) values (384, 'Bad Endbach');
insert into city(region_id, name) values (384, 'Bad Hersfeld');
insert into city(region_id, name) values (384, 'Bad Homburg vor der Hhe');
insert into city(region_id, name) values (384, 'Bad Knig');
insert into city(region_id, name) values (384, 'Bad Nauheim');
insert into city(region_id, name) values (384, 'Bad Orb');
insert into city(region_id, name) values (384, 'Bad Schwalbach');
insert into city(region_id, name) values (384, 'Bad Soden am Taunus');
insert into city(region_id, name) values (384, 'Bad Soden-Salmnster');
insert into city(region_id, name) values (384, 'Bad Sooden-Allendorf');
insert into city(region_id, name) values (384, 'Bad Vilbel');
insert into city(region_id, name) values (384, 'Bad Wildungen');
insert into city(region_id, name) values (384, 'Bad Zwesten');
insert into city(region_id, name) values (384, 'Battenberg (Eder)');
insert into city(region_id, name) values (384, 'Baunatal');
insert into city(region_id, name) values (384, 'Bebra');
insert into city(region_id, name) values (384, 'Bensheim');
insert into city(region_id, name) values (384, 'Berkatal');
insert into city(region_id, name) values (384, 'Beselich');
insert into city(region_id, name) values (384, 'Biblis');
insert into city(region_id, name) values (384, 'Biebergemnd');
insert into city(region_id, name) values (384, 'Biebesheim am Rhein');
insert into city(region_id, name) values (384, 'Biedenkopf');
insert into city(region_id, name) values (384, 'Birkenau');
insert into city(region_id, name) values (384, 'Birstein');
insert into city(region_id, name) values (384, 'Bischofsheim');
insert into city(region_id, name) values (384, 'Borken');
insert into city(region_id, name) values (384, 'Brachttal');
insert into city(region_id, name) values (384, 'Braunfels');
insert into city(region_id, name) values (384, 'Breidenbach');
insert into city(region_id, name) values (384, 'Bruchkbel');
insert into city(region_id, name) values (384, 'Bdingen');
insert into city(region_id, name) values (384, 'Brstadt');
insert into city(region_id, name) values (384, 'Buseck');
insert into city(region_id, name) values (384, 'Butzbach');
insert into city(region_id, name) values (384, 'Clbe');
insert into city(region_id, name) values (384, 'Darmstadt');
insert into city(region_id, name) values (384, 'Dieburg');
insert into city(region_id, name) values (384, 'Dietzenbach');
insert into city(region_id, name) values (384, 'Dillenburg');
insert into city(region_id, name) values (384, 'Dipperz');
insert into city(region_id, name) values (384, 'Dornburg');
insert into city(region_id, name) values (384, 'Edertal');
insert into city(region_id, name) values (384, 'Ehringshausen');
insert into city(region_id, name) values (384, 'Elbtal');
insert into city(region_id, name) values (384, 'Eltville am Rhein');
insert into city(region_id, name) values (384, 'Elz');
insert into city(region_id, name) values (384, 'Erbach');
insert into city(region_id, name) values (384, 'Erlensee');
insert into city(region_id, name) values (384, 'Eschborn');
insert into city(region_id, name) values (384, 'Eschwege');
insert into city(region_id, name) values (384, 'Felsberg');
insert into city(region_id, name) values (384, 'Flieden');
insert into city(region_id, name) values (384, 'Flrsheim');
insert into city(region_id, name) values (384, 'Florstadt');
insert into city(region_id, name) values (384, 'Frankenau');
insert into city(region_id, name) values (384, 'Frankenberg (Eder)');
insert into city(region_id, name) values (384, 'Frankfurt am Main');
insert into city(region_id, name) values (384, 'Friedberg');
insert into city(region_id, name) values (384, 'Friedrichsdorf');
insert into city(region_id, name) values (384, 'Fritzlar');
insert into city(region_id, name) values (384, 'Fulda');
insert into city(region_id, name) values (384, 'Fuldabrck');
insert into city(region_id, name) values (384, 'Fuldatal');
insert into city(region_id, name) values (384, 'Frth');
insert into city(region_id, name) values (384, 'Gedern');
insert into city(region_id, name) values (384, 'Geisenheim');
insert into city(region_id, name) values (384, 'Gelnhausen');
insert into city(region_id, name) values (384, 'Gemnden (Wohra)');
insert into city(region_id, name) values (384, 'Gernsheim');
insert into city(region_id, name) values (384, 'Gersfeld');
insert into city(region_id, name) values (384, 'Gieen');
insert into city(region_id, name) values (384, 'Ginsheim-Gustavsburg');
insert into city(region_id, name) values (384, 'Gladenbach');
insert into city(region_id, name) values (384, 'Grvenwiesbach');
insert into city(region_id, name) values (384, 'Grebenstein');
insert into city(region_id, name) values (384, 'Greifenstein');
insert into city(region_id, name) values (384, 'Gro-Gerau');
insert into city(region_id, name) values (384, 'Groalmerode');
insert into city(region_id, name) values (384, 'Grnberg');
insert into city(region_id, name) values (384, 'Grndau');
insert into city(region_id, name) values (384, 'Hadamar');
insert into city(region_id, name) values (384, 'Haiger');
insert into city(region_id, name) values (384, 'Hainburg');
insert into city(region_id, name) values (384, 'Hanau');
insert into city(region_id, name) values (384, 'Hattersheim');
insert into city(region_id, name) values (384, 'Helsa');
insert into city(region_id, name) values (384, 'Heppenheim (Bergstrae)');
insert into city(region_id, name) values (384, 'Herborn');
insert into city(region_id, name) values (384, 'Herbstein');
insert into city(region_id, name) values (384, 'Heuchelheim');
insert into city(region_id, name) values (384, 'Hilders');
insert into city(region_id, name) values (384, 'Hochheim am Main');
insert into city(region_id, name) values (384, 'Hofgeismar');
insert into city(region_id, name) values (384, 'Hofheim am Taunus');
insert into city(region_id, name) values (384, 'Homberg (Efze)');
insert into city(region_id, name) values (384, 'Homberg (Ohm)');
insert into city(region_id, name) values (384, 'Hnfeld');
insert into city(region_id, name) values (384, 'Httenberg');
insert into city(region_id, name) values (384, 'Idstein');
insert into city(region_id, name) values (384, 'Immenhausen');
insert into city(region_id, name) values (384, 'Kassel');
insert into city(region_id, name) values (384, 'Kaufungen');
insert into city(region_id, name) values (384, 'Kelkheim (Taunus)');
insert into city(region_id, name) values (384, 'Kirchhain');
insert into city(region_id, name) values (384, 'Kirchheim');
insert into city(region_id, name) values (384, 'Knigstein im Taunus');
insert into city(region_id, name) values (384, 'Korbach');
insert into city(region_id, name) values (384, 'Krle');
insert into city(region_id, name) values (384, 'Kriftel');
insert into city(region_id, name) values (384, 'Kronberg im Taunus');
insert into city(region_id, name) values (384, 'Lahnau');
insert into city(region_id, name) values (384, 'Lampertheim');
insert into city(region_id, name) values (384, 'Langen');
insert into city(region_id, name) values (384, 'Langgns');
insert into city(region_id, name) values (384, 'Lauterbach');
insert into city(region_id, name) values (384, 'Leun');
insert into city(region_id, name) values (384, 'Lich');
insert into city(region_id, name) values (384, 'Limburg an der Lahn');
insert into city(region_id, name) values (384, 'Linden');
insert into city(region_id, name) values (384, 'Lindenfels');
insert into city(region_id, name) values (384, 'Lollar');
insert into city(region_id, name) values (384, 'Lorch');
insert into city(region_id, name) values (384, 'Marburg');
insert into city(region_id, name) values (384, 'Melsungen');
insert into city(region_id, name) values (384, 'Michelstadt');
insert into city(region_id, name) values (384, 'Mrfelden-Walldorf');
insert into city(region_id, name) values (384, 'Mrlenbach');
insert into city(region_id, name) values (384, 'Mcke');
insert into city(region_id, name) values (384, 'Mhlheim');
insert into city(region_id, name) values (384, 'Mnster');
insert into city(region_id, name) values (384, 'Neu-Isenburg');
insert into city(region_id, name) values (384, 'Neuenstein');
insert into city(region_id, name) values (384, 'Neuhof');
insert into city(region_id, name) values (384, 'Neukirchen');
insert into city(region_id, name) values (384, 'Neustadt (Hessen)');
insert into city(region_id, name) values (384, 'Nidda');
insert into city(region_id, name) values (384, 'Ober-Ramstadt');
insert into city(region_id, name) values (384, 'Oberaula');
insert into city(region_id, name) values (384, 'Obertshausen');
insert into city(region_id, name) values (384, 'Oberursel');
insert into city(region_id, name) values (384, 'Oestrich-Winkel');
insert into city(region_id, name) values (384, 'Offenbach');
insert into city(region_id, name) values (384, 'Petersberg');
insert into city(region_id, name) values (384, 'Pfungstadt');
insert into city(region_id, name) values (384, 'Ranstadt');
insert into city(region_id, name) values (384, 'Raunheim');
insert into city(region_id, name) values (384, 'Rauschenberg');
insert into city(region_id, name) values (384, 'Reiskirchen');
insert into city(region_id, name) values (384, 'Rimbach');
insert into city(region_id, name) values (384, 'Rdermark');
insert into city(region_id, name) values (384, 'Rodgau');
insert into city(region_id, name) values (384, 'Rotenburg an der Fulda');
insert into city(region_id, name) values (384, 'Rdesheim am Rhein');
insert into city(region_id, name) values (384, 'Rsselsheim');
insert into city(region_id, name) values (384, 'Schlitz');
insert into city(region_id, name) values (384, 'Schlchtern');
insert into city(region_id, name) values (384, 'Schffengrund');
insert into city(region_id, name) values (384, 'Schotten');
insert into city(region_id, name) values (384, 'Schwalbach am Taunus');
insert into city(region_id, name) values (384, 'Schwalmstadt');
insert into city(region_id, name) values (384, 'Seligenstadt');
insert into city(region_id, name) values (384, 'Sinn');
insert into city(region_id, name) values (384, 'Solms');
insert into city(region_id, name) values (384, 'Stadtallendorf');
insert into city(region_id, name) values (384, 'Steinau an der Strae');
insert into city(region_id, name) values (384, 'Sulzbach');
insert into city(region_id, name) values (384, 'Tann');
insert into city(region_id, name) values (384, 'Taunusstein');
insert into city(region_id, name) values (384, 'Trebur');
insert into city(region_id, name) values (384, 'Usingen');
insert into city(region_id, name) values (384, 'Vellmar');
insert into city(region_id, name) values (384, 'Viernheim');
insert into city(region_id, name) values (384, 'Villmar');
insert into city(region_id, name) values (384, 'Wchtersbach');
insert into city(region_id, name) values (384, 'Waldbrunn (Westerwald)');
insert into city(region_id, name) values (384, 'Wehrheim');
insert into city(region_id, name) values (384, 'Weilburg');
insert into city(region_id, name) values (384, 'Wettenberg');
insert into city(region_id, name) values (384, 'Wetter');
insert into city(region_id, name) values (384, 'Wetzlar');
insert into city(region_id, name) values (384, 'Wiesbaden');
insert into city(region_id, name) values (384, 'Witzenhausen');
insert into city(region_id, name) values (384, 'Wlfersheim');
insert into city(region_id, name) values (384, 'Wolfhagen');
insert into city(region_id, name) values (384, 'Zierenberg');
insert into city(region_id, name) values (399, 'Нуука');
insert into region(id, country_id, name) values (400, 60, 'Aitolia kai Akarnania');
insert into region(id, country_id, name) values (401, 60, 'Akhaia');
insert into region(id, country_id, name) values (402, 60, 'Argolis');
insert into region(id, country_id, name) values (403, 60, 'Arkadhia');
insert into region(id, country_id, name) values (404, 60, 'Arta');
insert into region(id, country_id, name) values (405, 60, 'Attiki');
insert into region(id, country_id, name) values (406, 60, 'Dhodhekanisos');
insert into region(id, country_id, name) values (407, 60, 'Drama');
insert into region(id, country_id, name) values (408, 60, 'Evritania');
insert into region(id, country_id, name) values (409, 60, 'Evros');
insert into region(id, country_id, name) values (410, 60, 'Evvoia');
insert into region(id, country_id, name) values (411, 60, 'Florina');
insert into region(id, country_id, name) values (412, 60, 'Fthiotis');
insert into region(id, country_id, name) values (413, 60, 'Grevena');
insert into region(id, country_id, name) values (414, 60, 'Ilia');
insert into region(id, country_id, name) values (415, 60, 'Imathia');
insert into region(id, country_id, name) values (416, 60, 'Ioannina');
insert into region(id, country_id, name) values (417, 60, 'Iraklion');
insert into region(id, country_id, name) values (418, 60, 'Kardhitsa');
insert into region(id, country_id, name) values (419, 60, 'Kastoria');
insert into region(id, country_id, name) values (420, 60, 'Kavala');
insert into region(id, country_id, name) values (421, 60, 'Kefallinia');
insert into region(id, country_id, name) values (422, 60, 'Kerkira');
insert into region(id, country_id, name) values (423, 60, 'Khalkidhiki');
insert into region(id, country_id, name) values (424, 60, 'Khania');
insert into region(id, country_id, name) values (425, 60, 'Khios');
insert into region(id, country_id, name) values (426, 60, 'Kikladhes');
insert into region(id, country_id, name) values (427, 60, 'Kilkis');
insert into region(id, country_id, name) values (428, 60, 'Korinthia');
insert into region(id, country_id, name) values (429, 60, 'Kozani');
insert into region(id, country_id, name) values (430, 60, 'Lakonia');
insert into region(id, country_id, name) values (431, 60, 'Larisa');
insert into region(id, country_id, name) values (432, 60, 'Lasithi');
insert into region(id, country_id, name) values (433, 60, 'Lesvos');
insert into region(id, country_id, name) values (434, 60, 'Levkas');
insert into region(id, country_id, name) values (435, 60, 'Magnisia');
insert into region(id, country_id, name) values (436, 60, 'Messinia');
insert into region(id, country_id, name) values (437, 60, 'None');
insert into region(id, country_id, name) values (438, 60, 'Pella');
insert into region(id, country_id, name) values (439, 60, 'Pieria');
insert into region(id, country_id, name) values (440, 60, 'Preveza');
insert into region(id, country_id, name) values (441, 60, 'Rethimni');
insert into region(id, country_id, name) values (442, 60, 'Rodhopi');
insert into region(id, country_id, name) values (443, 60, 'Samos');
insert into region(id, country_id, name) values (444, 60, 'Serrai');
insert into region(id, country_id, name) values (445, 60, 'Thesprotia');
insert into region(id, country_id, name) values (446, 60, 'Thessaloniki');
insert into region(id, country_id, name) values (447, 60, 'Trikala');
insert into region(id, country_id, name) values (448, 60, 'Voiotia');
insert into region(id, country_id, name) values (449, 60, 'Xanthi');
insert into region(id, country_id, name) values (450, 60, 'Zakinthos');
insert into city(region_id, name) values (60, 'Агрыз');
insert into city(region_id, name) values (60, 'Азнакаево');
insert into city(region_id, name) values (60, 'Аксубаево');
insert into city(region_id, name) values (60, 'Актаныш');
insert into city(region_id, name) values (60, 'Актюбинский');
insert into city(region_id, name) values (60, 'Алексеевское');
insert into city(region_id, name) values (60, 'Альметьевск');
insert into city(region_id, name) values (60, 'Апастово');
insert into city(region_id, name) values (60, 'Арск');
insert into city(region_id, name) values (60, 'Бавлы');
insert into city(region_id, name) values (60, 'Базарные Матаки');
insert into city(region_id, name) values (60, 'Балтаси');
insert into city(region_id, name) values (60, 'Богатые Сабы');
insert into city(region_id, name) values (60, 'Брежнев');
insert into city(region_id, name) values (60, 'Бугульма');
insert into city(region_id, name) values (60, 'Буинск');
insert into city(region_id, name) values (60, 'Васильево');
insert into city(region_id, name) values (60, 'Верхний Услон');
insert into city(region_id, name) values (60, 'Высокая Гора');
insert into city(region_id, name) values (60, 'Дербешкинский');
insert into city(region_id, name) values (60, 'Елабуга');
insert into city(region_id, name) values (60, 'Заинск');
insert into city(region_id, name) values (60, 'Зеленодольск');
insert into city(region_id, name) values (60, 'Казань');
insert into city(region_id, name) values (60, 'Камское Устье');
insert into city(region_id, name) values (60, 'Карабаш (Татарстан)');
insert into city(region_id, name) values (60, 'Куйбышев (Татарстан)');
insert into city(region_id, name) values (60, 'Кукмод');
insert into city(region_id, name) values (60, 'Кукмор');
insert into city(region_id, name) values (60, 'Лаишево');
insert into city(region_id, name) values (60, 'Лениногорск');
insert into city(region_id, name) values (60, 'Мамадыш');
insert into city(region_id, name) values (60, 'Менделеевск');
insert into city(region_id, name) values (60, 'Мензелинск');
insert into city(region_id, name) values (60, 'Муслюмово');
insert into city(region_id, name) values (60, 'Набережные Челны');
insert into city(region_id, name) values (60, 'Нижнекамск');
insert into city(region_id, name) values (60, 'Новошешминск');
insert into city(region_id, name) values (60, 'Нурлат');
insert into city(region_id, name) values (60, 'Пестрецы');
insert into city(region_id, name) values (60, 'Рыбная Слобода');
insert into city(region_id, name) values (60, 'Сарманово');
insert into city(region_id, name) values (60, 'Старое Дрожжаное');
insert into city(region_id, name) values (60, 'Тетюши');
insert into city(region_id, name) values (60, 'Черемшан');
insert into city(region_id, name) values (60, 'Чистополь');
insert into city(region_id, name) values (320, 'Alsnyrvrimajor');
insert into city(region_id, name) values (320, 'Srvr');
insert into city(region_id, name) values (320, 'Szombathely');
insert into city(region_id, name) values (320, 'Zanat');
insert into city(region_id, name) values (342, 'Carpano');
insert into city(region_id, name) values (342, 'Cuman');
insert into city(region_id, name) values (375, 'Casas de Pinto');
insert into city(region_id, name) values (385, 'Adamshoffnung');
insert into city(region_id, name) values (385, 'Ahrenshoop');
insert into city(region_id, name) values (385, 'Alt Krenzlin');
insert into city(region_id, name) values (385, 'Alt Schwerin');
insert into city(region_id, name) values (385, 'Alt Tellin');
insert into city(region_id, name) values (385, 'Altefhr');
insert into city(region_id, name) values (385, 'Altenhagen (18237)');
insert into city(region_id, name) values (385, 'Altenhof');
insert into city(region_id, name) values (385, 'Altentreptow');
insert into city(region_id, name) values (385, 'Anklam');
insert into city(region_id, name) values (385, 'Bad Doberan');
insert into city(region_id, name) values (385, 'Bad Slze');
insert into city(region_id, name) values (385, 'Balow');
insert into city(region_id, name) values (385, 'Barth');
insert into city(region_id, name) values (385, 'Bellin');
insert into city(region_id, name) values (385, 'Bergen auf Rgen');
insert into city(region_id, name) values (385, 'Binz');
insert into city(region_id, name) values (385, 'Boizenburg');
insert into city(region_id, name) values (385, 'Brzow');
insert into city(region_id, name) values (385, 'Demmin');
insert into city(region_id, name) values (385, 'Eggesin');
insert into city(region_id, name) values (385, 'Friedland');
insert into city(region_id, name) values (385, 'Gadebusch');
insert into city(region_id, name) values (385, 'Greifswald');
insert into city(region_id, name) values (385, 'Grevesmhlen');
insert into city(region_id, name) values (385, 'Gstrow');
insert into city(region_id, name) values (385, 'Hagenow');
insert into city(region_id, name) values (385, 'Hohen Sprenz');
insert into city(region_id, name) values (385, 'Koblentz');
insert into city(region_id, name) values (385, 'Krakow am See');
insert into city(region_id, name) values (385, 'Lcknitz');
insert into city(region_id, name) values (385, 'Lbz');
insert into city(region_id, name) values (385, 'Ludwigslust');
insert into city(region_id, name) values (385, 'Malchow');
insert into city(region_id, name) values (385, 'Matgendorf');
insert into city(region_id, name) values (385, 'Mnkebude');
insert into city(region_id, name) values (385, 'Neu Gaarz');
insert into city(region_id, name) values (385, 'Neubrandenburg');
insert into city(region_id, name) values (385, 'Neustrelitz');
insert into city(region_id, name) values (385, 'Parchim');
insert into city(region_id, name) values (385, 'Reuterstadt Stavenhagen');
insert into city(region_id, name) values (385, 'Ribnitz-Damgarten');
insert into city(region_id, name) values (385, 'Ritzerow');
insert into city(region_id, name) values (385, 'Rbel/Mritz');
insert into city(region_id, name) values (385, 'Rostock');
insert into city(region_id, name) values (385, 'Schnbeck');
insert into city(region_id, name) values (385, 'Schnberg');
insert into city(region_id, name) values (385, 'Schwerin');
insert into city(region_id, name) values (385, 'Sponholz');
insert into city(region_id, name) values (385, 'Stralsund');
insert into city(region_id, name) values (385, 'Tessin');
insert into city(region_id, name) values (385, 'Teterow');
insert into city(region_id, name) values (385, 'Torgelow');
insert into city(region_id, name) values (385, 'Waren (Mritz)');
insert into city(region_id, name) values (385, 'Wilmshagen');
insert into city(region_id, name) values (385, 'Wismar');
insert into city(region_id, name) values (385, 'Wolgast');
insert into city(region_id, name) values (385, 'Zarrendorf');
insert into city(region_id, name) values (400, 'Aga Sotra');
insert into city(region_id, name) values (400, 'Aga Trida');
insert into city(region_id, name) values (400, 'Agrnio');
insert into city(region_id, name) values (400, 'Aspropili');
insert into city(region_id, name) values (400, 'Astako');
insert into city(region_id, name) values (400, 'Avlki');
insert into city(region_id, name) values (400, 'Nvpaktos');
insert into city(region_id, name) values (400, 'Provan');
insert into region(id, country_id, name) values (451, 61, 'Аджария');
insert into region(id, country_id, name) values (452, 61, 'Грузия');
insert into city(region_id, name) values (61, 'Андреаполь');
insert into city(region_id, name) values (61, 'Бежецк');
insert into city(region_id, name) values (61, 'Белый');
insert into city(region_id, name) values (61, 'Белый Городок');
insert into city(region_id, name) values (61, 'Березайка');
insert into city(region_id, name) values (61, 'Бологое');
insert into city(region_id, name) values (61, 'Васильевский Мох');
insert into city(region_id, name) values (61, 'Весьегонск');
insert into city(region_id, name) values (61, 'Выползово');
insert into city(region_id, name) values (61, 'Вышний Волочек');
insert into city(region_id, name) values (61, 'Жарковский');
insert into city(region_id, name) values (61, 'Западная Двина');
insert into city(region_id, name) values (61, 'Зубцов');
insert into city(region_id, name) values (61, 'Изоплит');
insert into city(region_id, name) values (61, 'Калашниково');
insert into city(region_id, name) values (61, 'Калинин');
insert into city(region_id, name) values (61, 'Калязин');
insert into city(region_id, name) values (61, 'Кашин');
insert into city(region_id, name) values (61, 'Кесова Гора');
insert into city(region_id, name) values (61, 'Кимры');
insert into city(region_id, name) values (61, 'Конаково');
insert into city(region_id, name) values (61, 'Красный Холм');
insert into city(region_id, name) values (61, 'Кувшиново');
insert into city(region_id, name) values (61, 'Лесное');
insert into city(region_id, name) values (61, 'Лихославль');
insert into city(region_id, name) values (61, 'Максатиха');
insert into city(region_id, name) values (61, 'Молоково');
insert into city(region_id, name) values (61, 'Нелидово');
insert into city(region_id, name) values (61, 'Оленино');
insert into city(region_id, name) values (61, 'Осташков');
insert into city(region_id, name) values (61, 'Пено');
insert into city(region_id, name) values (61, 'Рамешки');
insert into city(region_id, name) values (61, 'Ржев');
insert into city(region_id, name) values (61, 'Сандово');
insert into city(region_id, name) values (61, 'Селижарово');
insert into city(region_id, name) values (61, 'Сонково');
insert into city(region_id, name) values (61, 'Спирово');
insert into city(region_id, name) values (61, 'Старица');
insert into city(region_id, name) values (61, 'Тверь');
insert into city(region_id, name) values (61, 'Торжок');
insert into city(region_id, name) values (61, 'Торопец');
insert into city(region_id, name) values (61, 'Удомля');
insert into city(region_id, name) values (61, 'Фирово');
insert into city(region_id, name) values (321, 'Ajka');
insert into city(region_id, name) values (321, 'Balatonalmdi');
insert into city(region_id, name) values (321, 'Balatonfred');
insert into city(region_id, name) values (321, 'Szentkirlyszabadja');
insert into city(region_id, name) values (321, 'Vrpalota');
insert into city(region_id, name) values (321, 'Veszprm');
insert into city(region_id, name) values (343, 'Rubio');
insert into city(region_id, name) values (343, 'San Antonio del Tchira');
insert into city(region_id, name) values (343, 'San Cristbal');
insert into city(region_id, name) values (401, 'Aegion');
insert into city(region_id, name) values (401, 'Aighion');
insert into city(region_id, name) values (401, 'Agio');
insert into city(region_id, name) values (401, 'Agion');
insert into city(region_id, name) values (401, 'Ayion');
insert into city(region_id, name) values (401, 'Egion');
insert into city(region_id, name) values (401, 'Kalvrita');
insert into city(region_id, name) values (401, 'Ptra');
insert into city(region_id, name) values (401, 'Patras');
insert into city(region_id, name) values (451, 'Батуми');
insert into city(region_id, name) values (451, 'Кобулети');
insert into city(region_id, name) values (451, 'Хуло');
insert into region(id, country_id, name) values (453, 62, 'Arhus');
insert into region(id, country_id, name) values (454, 62, 'Bornholm');
insert into region(id, country_id, name) values (455, 62, 'Frederiksborg');
insert into region(id, country_id, name) values (456, 62, 'Fyn');
insert into region(id, country_id, name) values (457, 62, 'Kobenhavn');
insert into region(id, country_id, name) values (458, 62, 'None');
insert into region(id, country_id, name) values (459, 62, 'Nordjylland');
insert into region(id, country_id, name) values (460, 62, 'Ribe');
insert into region(id, country_id, name) values (461, 62, 'Ringkobing');
insert into region(id, country_id, name) values (462, 62, 'Roskilde');
insert into region(id, country_id, name) values (463, 62, 'Sonderjylland');
insert into region(id, country_id, name) values (464, 62, 'Staden Kobenhavn');
insert into region(id, country_id, name) values (465, 62, 'Storstrom');
insert into region(id, country_id, name) values (466, 62, 'Vejle');
insert into region(id, country_id, name) values (467, 62, 'Vestsjalland');
insert into region(id, country_id, name) values (468, 62, 'Viborg');
insert into city(region_id, name) values (62, 'Александровское (Томская обл.)');
insert into city(region_id, name) values (62, 'Асино');
insert into city(region_id, name) values (62, 'Бакчар');
insert into city(region_id, name) values (62, 'Батурино');
insert into city(region_id, name) values (62, 'Белый Яр');
insert into city(region_id, name) values (62, 'Зырянское');
insert into city(region_id, name) values (62, 'Итатка');
insert into city(region_id, name) values (62, 'Каргасок');
insert into city(region_id, name) values (62, 'Катайга');
insert into city(region_id, name) values (62, 'Кожевниково');
insert into city(region_id, name) values (62, 'Колпашево');
insert into city(region_id, name) values (62, 'Кривошеино');
insert into city(region_id, name) values (62, 'Мельниково');
insert into city(region_id, name) values (62, 'Молчаново');
insert into city(region_id, name) values (62, 'Парабель');
insert into city(region_id, name) values (62, 'Первомайское');
insert into city(region_id, name) values (62, 'Подгорное');
insert into city(region_id, name) values (62, 'Северск');
insert into city(region_id, name) values (62, 'Стрежевой');
insert into city(region_id, name) values (62, 'Томск');
insert into city(region_id, name) values (62, 'Тымск');
insert into city(region_id, name) values (322, 'Zalaegerszeg');
insert into city(region_id, name) values (344, 'Banco Bonito');
insert into city(region_id, name) values (344, 'Cocorote');
insert into city(region_id, name) values (344, 'San Felipe');
insert into city(region_id, name) values (344, 'Tamboral');
insert into city(region_id, name) values (387, 'Aachen');
insert into city(region_id, name) values (387, 'Ahaus');
insert into city(region_id, name) values (387, 'Ahlen');
insert into city(region_id, name) values (387, 'Aldenhoven');
insert into city(region_id, name) values (387, 'Alfter');
insert into city(region_id, name) values (387, 'Alpen');
insert into city(region_id, name) values (387, 'Alsdorf');
insert into city(region_id, name) values (387, 'Altena');
insert into city(region_id, name) values (387, 'Altenbeken');
insert into city(region_id, name) values (387, 'Altenberge');
insert into city(region_id, name) values (387, 'Anrchte');
insert into city(region_id, name) values (387, 'Arnsberg');
insert into city(region_id, name) values (387, 'Ascheberg');
insert into city(region_id, name) values (387, 'Attendorn');
insert into city(region_id, name) values (387, 'Augustdorf');
insert into city(region_id, name) values (387, 'Bad Berleburg');
insert into city(region_id, name) values (387, 'Bad Driburg');
insert into city(region_id, name) values (387, 'Bad Honnef');
insert into city(region_id, name) values (387, 'Bad Laasphe');
insert into city(region_id, name) values (387, 'Bad Lippspringe');
insert into city(region_id, name) values (387, 'Bad Mnstereifel');
insert into city(region_id, name) values (387, 'Bad Oeynhausen');
insert into city(region_id, name) values (387, 'Bad Salzuflen');
insert into city(region_id, name) values (387, 'Bad Sassendorf');
insert into city(region_id, name) values (387, 'Bad Wnnenberg');
insert into city(region_id, name) values (387, 'Baesweiler');
insert into city(region_id, name) values (387, 'Balve');
insert into city(region_id, name) values (387, 'Barntrup');
insert into city(region_id, name) values (387, 'Beckum');
insert into city(region_id, name) values (387, 'Beelen');
insert into city(region_id, name) values (387, 'Bergheim');
insert into city(region_id, name) values (387, 'Bergisch Gladbach');
insert into city(region_id, name) values (387, 'Bergkamen');
insert into city(region_id, name) values (387, 'Bergneustadt');
insert into city(region_id, name) values (387, 'Bestwig');
insert into city(region_id, name) values (387, 'Beverungen');
insert into city(region_id, name) values (387, 'Bielefeld');
insert into city(region_id, name) values (387, 'Billerbeck');
insert into city(region_id, name) values (387, 'Blomberg');
insert into city(region_id, name) values (387, 'Bocholt');
insert into city(region_id, name) values (387, 'Bochum');
insert into city(region_id, name) values (387, 'Bnen');
insert into city(region_id, name) values (387, 'Bonn');
insert into city(region_id, name) values (387, 'Borchen');
insert into city(region_id, name) values (387, 'Borgentreich');
insert into city(region_id, name) values (387, 'Borgholzhausen');
insert into city(region_id, name) values (387, 'Borken');
insert into city(region_id, name) values (387, 'Bornheim');
insert into city(region_id, name) values (387, 'Bottrop');
insert into city(region_id, name) values (387, 'Brakel');
insert into city(region_id, name) values (387, 'Breckerfeld');
insert into city(region_id, name) values (387, 'Brilon');
insert into city(region_id, name) values (387, 'Brggen');
insert into city(region_id, name) values (387, 'Brhl');
insert into city(region_id, name) values (387, 'Bnde');
insert into city(region_id, name) values (387, 'Burbach');
insert into city(region_id, name) values (387, 'Bren');
insert into city(region_id, name) values (387, 'Burscheid');
insert into city(region_id, name) values (387, 'Castrop-Rauxel');
insert into city(region_id, name) values (387, 'Coesfeld');
insert into city(region_id, name) values (387, 'Datteln');
insert into city(region_id, name) values (387, 'Delbrck');
insert into city(region_id, name) values (387, 'Detmold');
insert into city(region_id, name) values (387, 'Dinslaken');
insert into city(region_id, name) values (387, 'Drentrup');
insert into city(region_id, name) values (387, 'Dormagen');
insert into city(region_id, name) values (387, 'Dorsten');
insert into city(region_id, name) values (387, 'Dortmund');
insert into city(region_id, name) values (387, 'Drensteinfurt');
insert into city(region_id, name) values (387, 'Drolshagen');
insert into city(region_id, name) values (387, 'Duisburg');
insert into city(region_id, name) values (387, 'Dlmen');
insert into city(region_id, name) values (387, 'Dren');
insert into city(region_id, name) values (387, 'Dsseldorf');
insert into city(region_id, name) values (387, 'Eitorf');
insert into city(region_id, name) values (387, 'Elsdorf');
insert into city(region_id, name) values (387, 'Emmerich');
insert into city(region_id, name) values (387, 'Emsdetten');
insert into city(region_id, name) values (387, 'Engelskirchen');
insert into city(region_id, name) values (387, 'Enger');
insert into city(region_id, name) values (387, 'Ennepetal');
insert into city(region_id, name) values (387, 'Ennigerloh');
insert into city(region_id, name) values (387, 'Erftstadt');
insert into city(region_id, name) values (387, 'Erkelenz');
insert into city(region_id, name) values (387, 'Erkrath');
insert into city(region_id, name) values (387, 'Erwitte');
insert into city(region_id, name) values (387, 'Eschweiler');
insert into city(region_id, name) values (387, 'Espelkamp');
insert into city(region_id, name) values (387, 'Essen');
insert into city(region_id, name) values (387, 'Euskirchen');
insert into city(region_id, name) values (387, 'Everswinkel');
insert into city(region_id, name) values (387, 'Extertal');
insert into city(region_id, name) values (387, 'Finnentrop');
insert into city(region_id, name) values (387, 'Frechen');
insert into city(region_id, name) values (387, 'Freudenberg');
insert into city(region_id, name) values (387, 'Frndenberg');
insert into city(region_id, name) values (387, 'Gangelt');
insert into city(region_id, name) values (387, 'Geilenkirchen');
insert into city(region_id, name) values (387, 'Geldern');
insert into city(region_id, name) values (387, 'Gelsenkirchen');
insert into city(region_id, name) values (387, 'Gescher');
insert into city(region_id, name) values (387, 'Geseke');
insert into city(region_id, name) values (387, 'Gevelsberg');
insert into city(region_id, name) values (387, 'Gladbeck');
insert into city(region_id, name) values (387, 'Goch');
insert into city(region_id, name) values (387, 'Greven');
insert into city(region_id, name) values (387, 'Grevenbroich');
insert into city(region_id, name) values (387, 'Gronau (Westfalen)');
insert into city(region_id, name) values (387, 'Gummersbach');
insert into city(region_id, name) values (387, 'Gtersloh');
insert into city(region_id, name) values (387, 'Haan');
insert into city(region_id, name) values (387, 'Hagen');
insert into city(region_id, name) values (387, 'Halle');
insert into city(region_id, name) values (387, 'Haltern am See');
insert into city(region_id, name) values (387, 'Halver');
insert into city(region_id, name) values (387, 'Hamm');
insert into city(region_id, name) values (387, 'Hamminkeln');
insert into city(region_id, name) values (387, 'Harsewinkel');
insert into city(region_id, name) values (387, 'Hattingen');
insert into city(region_id, name) values (387, 'Havixbeck');
insert into city(region_id, name) values (387, 'Heiden');
insert into city(region_id, name) values (387, 'Heiligenhaus');
insert into city(region_id, name) values (387, 'Heimbach');
insert into city(region_id, name) values (387, 'Heinsberg');
insert into city(region_id, name) values (387, 'Hemer');
insert into city(region_id, name) values (387, 'Hennef');
insert into city(region_id, name) values (387, 'Herdecke');
insert into city(region_id, name) values (387, 'Herford');
insert into city(region_id, name) values (387, 'Herne');
insert into city(region_id, name) values (387, 'Herscheid');
insert into city(region_id, name) values (387, 'Herten');
insert into city(region_id, name) values (387, 'Herzebrock-Clarholz');
insert into city(region_id, name) values (387, 'Herzogenrath');
insert into city(region_id, name) values (387, 'Hiddenhausen');
insert into city(region_id, name) values (387, 'Hilden');
insert into city(region_id, name) values (387, 'Hille');
insert into city(region_id, name) values (387, 'Holzwickede');
insert into city(region_id, name) values (387, 'Hopsten');
insert into city(region_id, name) values (387, 'Horn-Bad Meinberg');
insert into city(region_id, name) values (387, 'Hrstel');
insert into city(region_id, name) values (387, 'Hvelhof');
insert into city(region_id, name) values (387, 'Hxter');
insert into city(region_id, name) values (387, 'Hckelhoven');
insert into city(region_id, name) values (387, 'Hckeswagen');
insert into city(region_id, name) values (387, 'Hllhorst');
insert into city(region_id, name) values (387, 'Hrth');
insert into city(region_id, name) values (387, 'Ibbenbren');
insert into city(region_id, name) values (387, 'Iserlohn');
insert into city(region_id, name) values (387, 'Jchen');
insert into city(region_id, name) values (387, 'Jlich');
insert into city(region_id, name) values (387, 'Kaarst');
insert into city(region_id, name) values (387, 'Kalkar');
insert into city(region_id, name) values (387, 'Kall');
insert into city(region_id, name) values (387, 'Kalletal');
insert into city(region_id, name) values (387, 'Kamen');
insert into city(region_id, name) values (387, 'Kamp-Lintfort');
insert into city(region_id, name) values (387, 'Kempen');
insert into city(region_id, name) values (387, 'Kerpen');
insert into city(region_id, name) values (387, 'Kevelaer');
insert into city(region_id, name) values (387, 'Kierspe');
insert into city(region_id, name) values (387, 'Kirchlengern');
insert into city(region_id, name) values (387, 'Kleve');
insert into city(region_id, name) values (387, 'Kln');
insert into city(region_id, name) values (387, 'Knigswinter');
insert into city(region_id, name) values (387, 'Korschenbroich');
insert into city(region_id, name) values (387, 'Krefeld');
insert into city(region_id, name) values (387, 'Kreuztal');
insert into city(region_id, name) values (387, 'Ladbergen');
insert into city(region_id, name) values (387, 'Lage');
insert into city(region_id, name) values (387, 'Langenberg');
insert into city(region_id, name) values (387, 'Langenfeld');
insert into city(region_id, name) values (387, 'Langerwehe');
insert into city(region_id, name) values (387, 'Legden');
insert into city(region_id, name) values (387, 'Leichlingen');
insert into city(region_id, name) values (387, 'Lemgo');
insert into city(region_id, name) values (387, 'Lengerich');
insert into city(region_id, name) values (387, 'Lennestadt');
insert into city(region_id, name) values (387, 'Leopoldshhe');
insert into city(region_id, name) values (387, 'Leverkusen');
insert into city(region_id, name) values (387, 'Lienen');
insert into city(region_id, name) values (387, 'Lindlar');
insert into city(region_id, name) values (387, 'Linnich');
insert into city(region_id, name) values (387, 'Lippetal');
insert into city(region_id, name) values (387, 'Lippstadt');
insert into city(region_id, name) values (387, 'Lohmar');
insert into city(region_id, name) values (387, 'Lhne');
insert into city(region_id, name) values (387, 'Lotte');
insert into city(region_id, name) values (387, 'Lbbecke');
insert into city(region_id, name) values (387, 'Ldenscheid');
insert into city(region_id, name) values (387, 'Ldinghausen');
insert into city(region_id, name) values (387, 'Lgde');
insert into city(region_id, name) values (387, 'Lnen');
insert into city(region_id, name) values (387, 'Marienheide');
insert into city(region_id, name) values (387, 'Marienmnster');
insert into city(region_id, name) values (387, 'Marl');
insert into city(region_id, name) values (387, 'Marsberg');
insert into city(region_id, name) values (387, 'Mechernich');
insert into city(region_id, name) values (387, 'Meckenheim');
insert into city(region_id, name) values (387, 'Medebach');
insert into city(region_id, name) values (387, 'Meerbusch');
insert into city(region_id, name) values (387, 'Meinerzhagen');
insert into city(region_id, name) values (387, 'Menden');
insert into city(region_id, name) values (387, 'Meschede');
insert into city(region_id, name) values (387, 'Mettingen');
insert into city(region_id, name) values (387, 'Mettmann');
insert into city(region_id, name) values (387, 'Minden');
insert into city(region_id, name) values (387, 'Moers');
insert into city(region_id, name) values (387, 'Mhnesee');
insert into city(region_id, name) values (387, 'Mnchengladbach');
insert into city(region_id, name) values (387, 'Monheim am Rhein');
insert into city(region_id, name) values (387, 'Morsbach');
insert into city(region_id, name) values (387, 'Much');
insert into city(region_id, name) values (387, 'Mlheim an der Ruhr');
insert into city(region_id, name) values (387, 'Mnster');
insert into city(region_id, name) values (387, 'Netphen');
insert into city(region_id, name) values (387, 'Nettetal');
insert into city(region_id, name) values (387, 'Neuenkirchen');
insert into city(region_id, name) values (387, 'Neuenrade');
insert into city(region_id, name) values (387, 'Neukirchen-Vluyn');
insert into city(region_id, name) values (387, 'Neunkirchen');
insert into city(region_id, name) values (387, 'Neunkirchen-Seelscheid');
insert into city(region_id, name) values (387, 'Neuss');
insert into city(region_id, name) values (387, 'Nideggen');
insert into city(region_id, name) values (387, 'Niederkassel');
insert into city(region_id, name) values (387, 'Niederkrchten');
insert into city(region_id, name) values (387, 'Nieheim');
insert into city(region_id, name) values (387, 'Nordwalde');
insert into city(region_id, name) values (387, 'Nmbrecht');
insert into city(region_id, name) values (387, 'Oberhausen');
insert into city(region_id, name) values (387, 'Ochtrup');
insert into city(region_id, name) values (387, 'Oelde');
insert into city(region_id, name) values (387, 'Oer-Erkenschwick');
insert into city(region_id, name) values (387, 'Oerlinghausen');
insert into city(region_id, name) values (387, 'Olfen');
insert into city(region_id, name) values (387, 'Olpe');
insert into city(region_id, name) values (387, 'Olsberg');
insert into city(region_id, name) values (387, 'Ostbevern');
insert into city(region_id, name) values (387, 'Overath');
insert into city(region_id, name) values (387, 'Paderborn');
insert into city(region_id, name) values (387, 'Petershagen');
insert into city(region_id, name) values (387, 'Plettenberg');
insert into city(region_id, name) values (387, 'Porta Westfalica');
insert into city(region_id, name) values (387, 'Preuisch Oldendorf');
insert into city(region_id, name) values (387, 'Pulheim');
insert into city(region_id, name) values (387, 'Radevormwald');
insert into city(region_id, name) values (387, 'Rahden');
insert into city(region_id, name) values (387, 'Ratingen');
insert into city(region_id, name) values (387, 'Recke');
insert into city(region_id, name) values (387, 'Recklinghausen');
insert into city(region_id, name) values (387, 'Rees');
insert into city(region_id, name) values (387, 'Reichshof');
insert into city(region_id, name) values (387, 'Remscheid');
insert into city(region_id, name) values (387, 'Rheda-Wiedenbrck');
insert into city(region_id, name) values (387, 'Rhede');
insert into city(region_id, name) values (387, 'Rheinbach');
insert into city(region_id, name) values (387, 'Rheinberg');
insert into city(region_id, name) values (387, 'Rheine');
insert into city(region_id, name) values (387, 'Rietberg');
insert into city(region_id, name) values (387, 'Rdinghausen');
insert into city(region_id, name) values (387, 'Rosendahl');
insert into city(region_id, name) values (387, 'Rsrath');
insert into city(region_id, name) values (387, 'Ruppichteroth');
insert into city(region_id, name) values (387, 'Rthen');
insert into city(region_id, name) values (387, 'Saerbeck');
insert into city(region_id, name) values (387, 'Salzkotten');
insert into city(region_id, name) values (387, 'Sankt Augustin');
insert into city(region_id, name) values (387, 'Sassenberg');
insert into city(region_id, name) values (387, 'Schalksmhle');
insert into city(region_id, name) values (387, 'Schieder-Schwalenberg');
insert into city(region_id, name) values (387, 'Schlangen');
insert into city(region_id, name) values (387, 'Schlo Holte-Stukenbrock');
insert into city(region_id, name) values (387, 'Schmallenberg');
insert into city(region_id, name) values (387, 'Schwelm');
insert into city(region_id, name) values (387, 'Schwerte');
insert into city(region_id, name) values (387, 'Selfkant');
insert into city(region_id, name) values (387, 'Selm');
insert into city(region_id, name) values (387, 'Senden');
insert into city(region_id, name) values (387, 'Sendenhorst');
insert into city(region_id, name) values (387, 'Siegburg');
insert into city(region_id, name) values (387, 'Siegen');
insert into city(region_id, name) values (387, 'Simmerath');
insert into city(region_id, name) values (387, 'Soest');
insert into city(region_id, name) values (387, 'Solingen');
insert into city(region_id, name) values (387, 'Spenge');
insert into city(region_id, name) values (387, 'Sprockhvel');
insert into city(region_id, name) values (387, 'Stadtlohn');
insert into city(region_id, name) values (387, 'Steinfurt');
insert into city(region_id, name) values (387, 'Steinhagen');
insert into city(region_id, name) values (387, 'Steinheim');
insert into city(region_id, name) values (387, 'Stemwede');
insert into city(region_id, name) values (387, 'Stolberg (Rheinland)');
insert into city(region_id, name) values (387, 'Straelen');
insert into city(region_id, name) values (387, 'Sundern');
insert into city(region_id, name) values (387, 'Telgte');
insert into city(region_id, name) values (387, 'Tnisvorst');
insert into city(region_id, name) values (387, 'Troisdorf');
insert into city(region_id, name) values (387, 'bach-Palenberg');
insert into city(region_id, name) values (387, 'Uedem');
insert into city(region_id, name) values (387, 'Unna');
insert into city(region_id, name) values (387, 'Velbert');
insert into city(region_id, name) values (387, 'Verl');
insert into city(region_id, name) values (387, 'Versmold');
insert into city(region_id, name) values (387, 'Viersen');
insert into city(region_id, name) values (387, 'Vlotho');
insert into city(region_id, name) values (387, 'Voerde');
insert into city(region_id, name) values (387, 'Vreden');
insert into city(region_id, name) values (387, 'Waldbrl');
insert into city(region_id, name) values (387, 'Waldfeucht');
insert into city(region_id, name) values (387, 'Waltrop');
insert into city(region_id, name) values (387, 'Warburg');
insert into city(region_id, name) values (387, 'Warendorf');
insert into city(region_id, name) values (387, 'Warstein');
insert into city(region_id, name) values (387, 'Wassenberg');
insert into city(region_id, name) values (387, 'Weeze');
insert into city(region_id, name) values (387, 'Wegberg');
insert into city(region_id, name) values (387, 'Weilerswist');
insert into city(region_id, name) values (387, 'Werdohl');
insert into city(region_id, name) values (387, 'Werl');
insert into city(region_id, name) values (387, 'Wermelskirchen');
insert into city(region_id, name) values (387, 'Werne');
insert into city(region_id, name) values (387, 'Wesel');
insert into city(region_id, name) values (387, 'Wesseling');
insert into city(region_id, name) values (387, 'Westerkappeln');
insert into city(region_id, name) values (387, 'Wetter (Ruhr)');
insert into city(region_id, name) values (387, 'Wettringen');
insert into city(region_id, name) values (387, 'Wickede');
insert into city(region_id, name) values (387, 'Wiehl');
insert into city(region_id, name) values (387, 'Willebadessen');
insert into city(region_id, name) values (387, 'Willich');
insert into city(region_id, name) values (387, 'Wilnsdorf');
insert into city(region_id, name) values (387, 'Winterberg');
insert into city(region_id, name) values (387, 'Wipperfrth');
insert into city(region_id, name) values (387, 'Witten');
insert into city(region_id, name) values (387, 'Wlfrath');
insert into city(region_id, name) values (387, 'Wuppertal');
insert into city(region_id, name) values (387, 'Wrselen');
insert into city(region_id, name) values (387, 'Xanten');
insert into city(region_id, name) values (387, 'Zlpich');
insert into city(region_id, name) values (402, 'rgos');
insert into city(region_id, name) values (402, 'Ermini');
insert into city(region_id, name) values (402, 'Krandi');
insert into city(region_id, name) values (402, 'Nfplio');
insert into city(region_id, name) values (402, 'Nfplion');
insert into city(region_id, name) values (402, 'Nauplion');
insert into city(region_id, name) values (402, 'Nvplio');
insert into city(region_id, name) values (402, 'Nvplion');
insert into city(region_id, name) values (402, 'Prto-Khli');
insert into city(region_id, name) values (452, 'Абастумани');
insert into city(region_id, name) values (452, 'Абаша');
insert into city(region_id, name) values (452, 'Агара');
insert into city(region_id, name) values (452, 'Амбролаури');
insert into city(region_id, name) values (452, 'Аспиндза');
insert into city(region_id, name) values (452, 'Ахалкалаки');
insert into city(region_id, name) values (452, 'Ахалцихе');
insert into city(region_id, name) values (452, 'Ахмета');
insert into city(region_id, name) values (452, 'Бакуриани');
insert into city(region_id, name) values (452, 'Богдановка');
insert into city(region_id, name) values (452, 'Болниси');
insert into city(region_id, name) values (452, 'Боржоми');
insert into city(region_id, name) values (452, 'Вани');
insert into city(region_id, name) values (452, 'Гардабани');
insert into city(region_id, name) values (452, 'Гегечкори');
insert into city(region_id, name) values (452, 'Гори');
insert into city(region_id, name) values (452, 'Гурджаани');
insert into city(region_id, name) values (452, 'Джвари');
insert into city(region_id, name) values (452, 'Дманиси');
insert into city(region_id, name) values (452, 'Душети');
insert into city(region_id, name) values (452, 'Зестафони');
insert into city(region_id, name) values (452, 'Зугдиди');
insert into city(region_id, name) values (452, 'Казбеги');
insert into city(region_id, name) values (452, 'Карели');
insert into city(region_id, name) values (452, 'Каспи');
insert into city(region_id, name) values (452, 'Кваиси');
insert into city(region_id, name) values (452, 'Кварели');
insert into city(region_id, name) values (452, 'Коджори');
insert into city(region_id, name) values (452, 'Кутаиси');
insert into city(region_id, name) values (452, 'Лагодехи');
insert into city(region_id, name) values (452, 'Ланчхути');
insert into city(region_id, name) values (452, 'Ленингори');
insert into city(region_id, name) values (452, 'Лентехи');
insert into city(region_id, name) values (452, 'Марнеули');
insert into city(region_id, name) values (452, 'Махарадзе');
insert into city(region_id, name) values (452, 'Маяковский');
insert into city(region_id, name) values (452, 'Местиа');
insert into city(region_id, name) values (452, 'Они');
insert into city(region_id, name) values (452, 'Орджоникидзе');
insert into city(region_id, name) values (452, 'Поти');
insert into city(region_id, name) values (452, 'Рустави');
insert into city(region_id, name) values (452, 'Сагареджо');
insert into city(region_id, name) values (452, 'Самтредиа');
insert into city(region_id, name) values (452, 'Сачхере');
insert into city(region_id, name) values (452, 'Сигнахи');
insert into city(region_id, name) values (452, 'Тбилиси');
insert into city(region_id, name) values (452, 'Телави');
insert into city(region_id, name) values (452, 'Тержола');
insert into city(region_id, name) values (452, 'Тетри-Цкаро');
insert into city(region_id, name) values (452, 'Тианети');
insert into city(region_id, name) values (452, 'Ткибули');
insert into city(region_id, name) values (452, 'Хашури');
insert into city(region_id, name) values (452, 'Хоби');
insert into city(region_id, name) values (452, 'Цагери');
insert into city(region_id, name) values (452, 'Цаленджиха');
insert into city(region_id, name) values (452, 'Цалка');
insert into city(region_id, name) values (452, 'Цители-Цкаро');
insert into city(region_id, name) values (452, 'Цнори');
insert into city(region_id, name) values (452, 'Цхакая');
insert into city(region_id, name) values (452, 'Цхалтубо');
insert into city(region_id, name) values (452, 'Чиатура');
insert into city(region_id, name) values (452, 'Чохатаури');
insert into city(region_id, name) values (452, 'Чхороцку');
insert into city(region_id, name) values (453, 'Aabo');
insert into city(region_id, name) values (453, 'Aaby');
insert into city(region_id, name) values (453, 'Aalum');
insert into city(region_id, name) values (453, 'Aarhus');
insert into city(region_id, name) values (453, 'Adslev');
insert into city(region_id, name) values (453, 'Albge');
insert into city(region_id, name) values (453, 'Alling');
insert into city(region_id, name) values (453, 'rhus');
insert into city(region_id, name) values (453, 'Auning');
insert into city(region_id, name) values (453, 'Brabrand');
insert into city(region_id, name) values (453, 'Ebeltoft');
insert into city(region_id, name) values (453, 'Gram');
insert into city(region_id, name) values (453, 'Gren');
insert into city(region_id, name) values (453, 'Grenaa');
insert into city(region_id, name) values (453, 'Gylling');
insert into city(region_id, name) values (453, 'Hadsten');
insert into city(region_id, name) values (453, 'Krajbjrg');
insert into city(region_id, name) values (453, 'Lang');
insert into city(region_id, name) values (453, 'Nimtofte');
insert into city(region_id, name) values (453, 'Norup');
insert into city(region_id, name) values (453, 'Nrbk');
insert into city(region_id, name) values (453, 'Odder');
insert into city(region_id, name) values (453, 'rsted');
insert into city(region_id, name) values (453, 'Randers');
insert into city(region_id, name) values (453, 'Risskov');
insert into city(region_id, name) values (453, 'Rnde');
insert into city(region_id, name) values (453, 'Rye');
insert into city(region_id, name) values (453, 'Silkeborg');
insert into city(region_id, name) values (453, 'Skanderborg');
insert into city(region_id, name) values (453, 'Thors');
insert into city(region_id, name) values (453, 'Ulstrup');
insert into region(id, country_id, name) values (469, 63, 'Сент-Элье');
insert into city(region_id, name) values (63, 'Ак-Довурак');
insert into city(region_id, name) values (63, 'Бай Хаак');
insert into city(region_id, name) values (63, 'Кызыл');
insert into city(region_id, name) values (63, 'Самагалтай');
insert into city(region_id, name) values (63, 'Сарыг-Сеп');
insert into city(region_id, name) values (63, 'Суть-Холь');
insert into city(region_id, name) values (63, 'Тоора-Хем');
insert into city(region_id, name) values (63, 'Туран');
insert into city(region_id, name) values (63, 'Тээли');
insert into city(region_id, name) values (63, 'Хову-Аксы');
insert into city(region_id, name) values (63, 'Чадан');
insert into city(region_id, name) values (63, 'Шагонар');
insert into city(region_id, name) values (63, 'Эрзин');
insert into city(region_id, name) values (345, 'Cabimas');
insert into city(region_id, name) values (345, 'Ciudad Ojeda');
insert into city(region_id, name) values (345, 'Fundo El Len');
insert into city(region_id, name) values (345, 'Maracaibo');
insert into city(region_id, name) values (345, 'Santa Rita');
insert into city(region_id, name) values (388, 'Aach');
insert into city(region_id, name) values (388, 'Abentheuer');
insert into city(region_id, name) values (388, 'Abtweiler');
insert into city(region_id, name) values (388, 'Adenau');
insert into city(region_id, name) values (388, 'Adenbach');
insert into city(region_id, name) values (388, 'Ailertchen');
insert into city(region_id, name) values (388, 'Albig');
insert into city(region_id, name) values (388, 'Albisheim (Pfrimm)');
insert into city(region_id, name) values (388, 'Alf');
insert into city(region_id, name) values (388, 'Allenbach');
insert into city(region_id, name) values (388, 'Allendorf');
insert into city(region_id, name) values (388, 'Alpenrod');
insert into city(region_id, name) values (388, 'Alsdorf (54669)');
insert into city(region_id, name) values (388, 'Alsenz');
insert into city(region_id, name) values (388, 'Alsheim');
insert into city(region_id, name) values (388, 'Altenkirchen (57611)');
insert into city(region_id, name) values (388, 'Altenkirchen (66904)');
insert into city(region_id, name) values (388, 'Alterklz');
insert into city(region_id, name) values (388, 'Altleiningen');
insert into city(region_id, name) values (388, 'Alzey');
insert into city(region_id, name) values (388, 'Andernach');
insert into city(region_id, name) values (388, 'Annweiler am Trifels');
insert into city(region_id, name) values (388, 'Asbach (53568)');
insert into city(region_id, name) values (388, 'Auderath');
insert into city(region_id, name) values (388, 'Ayl');
insert into city(region_id, name) values (388, 'Baar');
insert into city(region_id, name) values (388, 'Bad Bergzabern');
insert into city(region_id, name) values (388, 'Bad Breisig');
insert into city(region_id, name) values (388, 'Bad Drkheim');
insert into city(region_id, name) values (388, 'Bad Ems');
insert into city(region_id, name) values (388, 'Bad Hnningen');
insert into city(region_id, name) values (388, 'Bad Kreuznach');
insert into city(region_id, name) values (388, 'Bad Marienberg');
insert into city(region_id, name) values (388, 'Bad Mnster am Stein-Ebernburg');
insert into city(region_id, name) values (388, 'Bad Neuenahr-Ahrweiler');
insert into city(region_id, name) values (388, 'Bad Sobernheim');
insert into city(region_id, name) values (388, 'Brenbach (55484)');
insert into city(region_id, name) values (388, 'Baumholder');
insert into city(region_id, name) values (388, 'Bausendorf');
insert into city(region_id, name) values (388, 'Bell (56289)');
insert into city(region_id, name) values (388, 'Bellheim');
insert into city(region_id, name) values (388, 'Bendorf');
insert into city(region_id, name) values (388, 'Berlingen');
insert into city(region_id, name) values (388, 'Bernkastel-Kues');
insert into city(region_id, name) values (388, 'Berzhahn');
insert into city(region_id, name) values (388, 'Betzdorf');
insert into city(region_id, name) values (388, 'Bingen am Rhein');
insert into city(region_id, name) values (388, 'Birkenfeld');
insert into city(region_id, name) values (388, 'Birlenbach');
insert into city(region_id, name) values (388, 'Bitburg');
insert into city(region_id, name) values (388, 'Bitzen');
insert into city(region_id, name) values (388, 'Blankenrath');
insert into city(region_id, name) values (388, 'Bobenheim-Roxheim');
insert into city(region_id, name) values (388, 'Bogel');
insert into city(region_id, name) values (388, 'Bhl-Iggelheim');
insert into city(region_id, name) values (388, 'Boppard');
insert into city(region_id, name) values (388, 'Braubach');
insert into city(region_id, name) values (388, 'Bruchmhlbach-Miesau');
insert into city(region_id, name) values (388, 'Brcken (66905)');
insert into city(region_id, name) values (388, 'Bchenbeuren');
insert into city(region_id, name) values (388, 'Burgen (56333)');
insert into city(region_id, name) values (388, 'Cochem');
insert into city(region_id, name) values (388, 'Contwig');
insert into city(region_id, name) values (388, 'Daaden');
insert into city(region_id, name) values (388, 'Dahn');
insert into city(region_id, name) values (388, 'Daun');
insert into city(region_id, name) values (388, 'Deidesheim');
insert into city(region_id, name) values (388, 'Dellfeld');
insert into city(region_id, name) values (388, 'Dierbach');
insert into city(region_id, name) values (388, 'Dierdorf');
insert into city(region_id, name) values (388, 'Diez');
insert into city(region_id, name) values (388, 'Dreisen');
insert into city(region_id, name) values (388, 'Dudenhofen');
insert into city(region_id, name) values (388, 'Eckfeld');
insert into city(region_id, name) values (388, 'Edenkoben');
insert into city(region_id, name) values (388, 'Eich');
insert into city(region_id, name) values (388, 'Einig');
insert into city(region_id, name) values (388, 'Einselthum');
insert into city(region_id, name) values (388, 'Eisenberg');
insert into city(region_id, name) values (388, 'Emmelshausen');
insert into city(region_id, name) values (388, 'Enkenbach-Alsenborn');
insert into city(region_id, name) values (388, 'Elingen');
insert into city(region_id, name) values (388, 'Fell');
insert into city(region_id, name) values (388, 'Fischbach (67694)');
insert into city(region_id, name) values (388, 'Forst (Hunsrck)');
insert into city(region_id, name) values (388, 'Forst an der Weinstrae');
insert into city(region_id, name) values (388, 'Frankenthal (Pfalz)');
insert into city(region_id, name) values (388, 'Gau-Algesheim');
insert into city(region_id, name) values (388, 'Gensingen');
insert into city(region_id, name) values (388, 'Germersheim');
insert into city(region_id, name) values (388, 'Gerolstein');
insert into city(region_id, name) values (388, 'Gillenfeld');
insert into city(region_id, name) values (388, 'Glan-Mnchweiler');
insert into city(region_id, name) values (388, 'Gleisweiler');
insert into city(region_id, name) values (388, 'Groniedesheim');
insert into city(region_id, name) values (388, 'Grnstadt');
insert into city(region_id, name) values (388, 'Gundheim');
insert into city(region_id, name) values (388, 'Hachenburg');
insert into city(region_id, name) values (388, 'Hahn');
insert into city(region_id, name) values (388, 'Hamm (57578)');
insert into city(region_id, name) values (388, 'Hasselbach (56289)');
insert into city(region_id, name) values (388, 'Haloch');
insert into city(region_id, name) values (388, 'Heimbach');
insert into city(region_id, name) values (388, 'Hermeskeil');
insert into city(region_id, name) values (388, 'Herxheim bei Landau/Pfalz');
insert into city(region_id, name) values (388, 'Hettenleidelheim');
insert into city(region_id, name) values (388, 'Hochspeyer');
insert into city(region_id, name) values (388, 'Hof');
insert into city(region_id, name) values (388, 'Hhr-Grenzhausen');
insert into city(region_id, name) values (388, 'Holzappel');
insert into city(region_id, name) values (388, 'Homberg (67745)');
insert into city(region_id, name) values (388, 'Horhausen (56594)');
insert into city(region_id, name) values (388, 'Idar-Oberstein');
insert into city(region_id, name) values (388, 'Ingelheim am Rhein');
insert into city(region_id, name) values (388, 'Kaisersesch');
insert into city(region_id, name) values (388, 'Kaiserslautern');
insert into city(region_id, name) values (388, 'Kalt');
insert into city(region_id, name) values (388, 'Kandel');
insert into city(region_id, name) values (388, 'Karlshausen');
insert into city(region_id, name) values (388, 'Kasel');
insert into city(region_id, name) values (388, 'Kastellaun');
insert into city(region_id, name) values (388, 'Kelberg');
insert into city(region_id, name) values (388, 'Kestert');
insert into city(region_id, name) values (388, 'Kirchberg');
insert into city(region_id, name) values (388, 'Kirchen');
insert into city(region_id, name) values (388, 'Kirchheimbolanden');
insert into city(region_id, name) values (388, 'Kirn');
insert into city(region_id, name) values (388, 'Koblenz');
insert into city(region_id, name) values (388, 'Konz');
insert into city(region_id, name) values (388, 'Krv');
insert into city(region_id, name) values (388, 'Kruft');
insert into city(region_id, name) values (388, 'Kusel');
insert into city(region_id, name) values (388, 'Lahnstein');
insert into city(region_id, name) values (388, 'Lambsheim');
insert into city(region_id, name) values (388, 'Landau in der Pfalz');
insert into city(region_id, name) values (388, 'Landstuhl');
insert into city(region_id, name) values (388, 'Lemberg');
insert into city(region_id, name) values (388, 'Limburgerhof');
insert into city(region_id, name) values (388, 'Linz am Rhein');
insert into city(region_id, name) values (388, 'Ludwigshafen am Rhein');
insert into city(region_id, name) values (388, 'Ludwigshhe');
insert into city(region_id, name) values (388, 'Lutzerath');
insert into city(region_id, name) values (388, 'Mainz');
insert into city(region_id, name) values (388, 'Manderscheid (54532)');
insert into city(region_id, name) values (388, 'Marnheim');
insert into city(region_id, name) values (388, 'Mayen');
insert into city(region_id, name) values (388, 'Meckenheim');
insert into city(region_id, name) values (388, 'Meinborn');
insert into city(region_id, name) values (388, 'Mendig');
insert into city(region_id, name) values (388, 'Miellen');
insert into city(region_id, name) values (388, 'Montabaur');
insert into city(region_id, name) values (388, 'Morbach');
insert into city(region_id, name) values (388, 'Mrsbach');
insert into city(region_id, name) values (388, 'Mden');
insert into city(region_id, name) values (388, 'Mlheim');
insert into city(region_id, name) values (388, 'Mlheim-Krlich');
insert into city(region_id, name) values (388, 'Mutterstadt');
insert into city(region_id, name) values (388, 'Nassau');
insert into city(region_id, name) values (388, 'Nasttten');
insert into city(region_id, name) values (388, 'Neuerburg');
insert into city(region_id, name) values (388, 'Neuerkirch');
insert into city(region_id, name) values (388, 'Neuhofen');
insert into city(region_id, name) values (388, 'Neustadt (Westerwald)');
insert into city(region_id, name) values (388, 'Neustadt (Wied)');
insert into city(region_id, name) values (388, 'Neustadt an der Weinstrae');
insert into city(region_id, name) values (388, 'Neuwied');
insert into city(region_id, name) values (388, 'Nieder-Olm');
insert into city(region_id, name) values (388, 'Niedersohren');
insert into city(region_id, name) values (388, 'Oberhonnefeld-Gierend');
insert into city(region_id, name) values (388, 'Oberwesel');
insert into city(region_id, name) values (388, 'Offenbach an der Queich');
insert into city(region_id, name) values (388, 'Oppenheim');
insert into city(region_id, name) values (388, 'Osthofen');
insert into city(region_id, name) values (388, 'Otterberg');
insert into city(region_id, name) values (388, 'Pirmasens');
insert into city(region_id, name) values (388, 'Polch');
insert into city(region_id, name) values (388, 'Prm');
insert into city(region_id, name) values (388, 'Puderbach');
insert into city(region_id, name) values (388, 'Ramstein-Miesenbach');
insert into city(region_id, name) values (388, 'Ransbach-Baumbach');
insert into city(region_id, name) values (388, 'Remagen');
insert into city(region_id, name) values (388, 'Rennerod');
insert into city(region_id, name) values (388, 'Rheinbrohl');
insert into city(region_id, name) values (388, 'Rockenhausen');
insert into city(region_id, name) values (388, 'Rosenheim');
insert into city(region_id, name) values (388, 'Roth (57540)');
insert into city(region_id, name) values (388, 'Rlzheim');
insert into city(region_id, name) values (388, 'Saarburg');
insert into city(region_id, name) values (388, 'Sankt Julian');
insert into city(region_id, name) values (388, 'Schifferstadt');
insert into city(region_id, name) values (388, 'Schnenberg-Kbelberg');
insert into city(region_id, name) values (388, 'Schwegenheim');
insert into city(region_id, name) values (388, 'Sellerich');
insert into city(region_id, name) values (388, 'Selters');
insert into city(region_id, name) values (388, 'Sessenhausen');
insert into city(region_id, name) values (388, 'Simmern (55470)');
insert into city(region_id, name) values (388, 'Simmertal');
insert into city(region_id, name) values (388, 'Sinzig');
insert into city(region_id, name) values (388, 'Sohren');
insert into city(region_id, name) values (388, 'Speyer');
insert into city(region_id, name) values (388, 'Trier');
insert into city(region_id, name) values (388, 'Trimbs');
insert into city(region_id, name) values (388, 'Ulmen');
insert into city(region_id, name) values (388, 'Vallendar');
insert into city(region_id, name) values (388, 'Waldmohr');
insert into city(region_id, name) values (388, 'Wallmerod');
insert into city(region_id, name) values (388, 'Walsdorf');
insert into city(region_id, name) values (388, 'Weiden');
insert into city(region_id, name) values (388, 'Weilerbach');
insert into city(region_id, name) values (388, 'Weienthurm');
insert into city(region_id, name) values (388, 'Westerburg');
insert into city(region_id, name) values (388, 'Windhagen');
insert into city(region_id, name) values (388, 'Winnweiler');
insert into city(region_id, name) values (388, 'Wirges');
insert into city(region_id, name) values (388, 'Wissen');
insert into city(region_id, name) values (388, 'Wittlich');
insert into city(region_id, name) values (388, 'Worms');
insert into city(region_id, name) values (388, 'Wrth am Rhein');
insert into city(region_id, name) values (388, 'Zell');
insert into city(region_id, name) values (388, 'Zerf');
insert into city(region_id, name) values (388, 'Zweibrcken');
insert into city(region_id, name) values (388, 'Zweifelscheid');
insert into city(region_id, name) values (403, 'stros');
insert into city(region_id, name) values (403, 'Leondi');
insert into city(region_id, name) values (403, 'Megalpolis');
insert into city(region_id, name) values (403, 'Trpoli');
insert into city(region_id, name) values (403, 'Trpolis');
insert into city(region_id, name) values (454, 'Aakirkeby');
insert into city(region_id, name) values (454, 'Aalse');
insert into city(region_id, name) values (454, 'Aarsballe');
insert into city(region_id, name) values (454, 'lse');
insert into city(region_id, name) values (454, 'Bodilskirke');
insert into city(region_id, name) values (454, 'Blshavn');
insert into city(region_id, name) values (454, 'Brohuse');
insert into city(region_id, name) values (454, 'Sletteenge');
insert into city(region_id, name) values (454, 'Svaneke');
insert into city(region_id, name) values (469, 'Сент-Элье');
insert into region(id, country_id, name) values (470, 64, 'Джибути');
insert into city(region_id, name) values (64, 'Агеево');
insert into city(region_id, name) values (64, 'Алексин');
insert into city(region_id, name) values (64, 'Арсеньево');
insert into city(region_id, name) values (64, 'Барсуки');
insert into city(region_id, name) values (64, 'Белев');
insert into city(region_id, name) values (64, 'Богородицк');
insert into city(region_id, name) values (64, 'Болохово');
insert into city(region_id, name) values (64, 'Велегож');
insert into city(region_id, name) values (64, 'Венев');
insert into city(region_id, name) values (64, 'Волово');
insert into city(region_id, name) values (64, 'Горелки');
insert into city(region_id, name) values (64, 'Донской');
insert into city(region_id, name) values (64, 'Дубна (Тульская обл.)');
insert into city(region_id, name) values (64, 'Епифань');
insert into city(region_id, name) values (64, 'Ефремов');
insert into city(region_id, name) values (64, 'Заокский');
insert into city(region_id, name) values (64, 'Казановка');
insert into city(region_id, name) values (64, 'Кимовск');
insert into city(region_id, name) values (64, 'Киреевск');
insert into city(region_id, name) values (64, 'Куркино');
insert into city(region_id, name) values (64, 'Ленинский');
insert into city(region_id, name) values (64, 'Лянтор');
insert into city(region_id, name) values (64, 'Новомосковск');
insert into city(region_id, name) values (64, 'Одоев');
insert into city(region_id, name) values (64, 'Плавск');
insert into city(region_id, name) values (64, 'Советск (Тульская обл.)');
insert into city(region_id, name) values (64, 'Суворов');
insert into city(region_id, name) values (64, 'Тула');
insert into city(region_id, name) values (64, 'Узловая');
insert into city(region_id, name) values (64, 'Щекино');
insert into city(region_id, name) values (64, 'Ясногорск');
insert into city(region_id, name) values (389, 'Beckingen');
insert into city(region_id, name) values (389, 'Bexbach');
insert into city(region_id, name) values (389, 'Blieskastel');
insert into city(region_id, name) values (389, 'Bous');
insert into city(region_id, name) values (389, 'Dillingen');
insert into city(region_id, name) values (389, 'Ensdorf');
insert into city(region_id, name) values (389, 'Eppelborn');
insert into city(region_id, name) values (389, 'Friedrichsthal');
insert into city(region_id, name) values (389, 'Gersheim');
insert into city(region_id, name) values (389, 'Heusweiler');
insert into city(region_id, name) values (389, 'Homburg');
insert into city(region_id, name) values (389, 'Illingen');
insert into city(region_id, name) values (389, 'Kirkel');
insert into city(region_id, name) values (389, 'Kleinblittersdorf');
insert into city(region_id, name) values (389, 'Lebach');
insert into city(region_id, name) values (389, 'Losheim am See');
insert into city(region_id, name) values (389, 'Mandelbachtal');
insert into city(region_id, name) values (389, 'Marpingen');
insert into city(region_id, name) values (389, 'Merchweiler');
insert into city(region_id, name) values (389, 'Merzig');
insert into city(region_id, name) values (389, 'Mettlach');
insert into city(region_id, name) values (389, 'Nalbach');
insert into city(region_id, name) values (389, 'Namborn');
insert into city(region_id, name) values (389, 'Neunkirchen/Saar');
insert into city(region_id, name) values (389, 'Nonnweiler');
insert into city(region_id, name) values (389, 'Oberthal');
insert into city(region_id, name) values (389, 'Ottweiler');
insert into city(region_id, name) values (389, 'Perl');
insert into city(region_id, name) values (389, 'Pttlingen');
insert into city(region_id, name) values (389, 'Quierschied');
insert into city(region_id, name) values (389, 'Rehlingen-Siersburg');
insert into city(region_id, name) values (389, 'Riegelsberg');
insert into city(region_id, name) values (389, 'Saarbrcken');
insert into city(region_id, name) values (389, 'Saarlouis');
insert into city(region_id, name) values (389, 'Saarwellingen');
insert into city(region_id, name) values (389, 'Sankt Ingbert');
insert into city(region_id, name) values (389, 'Sankt Wendel');
insert into city(region_id, name) values (389, 'Schmelz');
insert into city(region_id, name) values (389, 'Schwalbach');
insert into city(region_id, name) values (389, 'Spiesen-Elversberg');
insert into city(region_id, name) values (389, 'Sulzbach/Saar');
insert into city(region_id, name) values (389, 'Tholey');
insert into city(region_id, name) values (389, 'berherrn');
insert into city(region_id, name) values (389, 'Vlklingen');
insert into city(region_id, name) values (389, 'Wadern');
insert into city(region_id, name) values (389, 'Wadgassen');
insert into city(region_id, name) values (389, 'Wallerfangen');
insert into city(region_id, name) values (389, 'Weiskirchen');
insert into city(region_id, name) values (404, 'Aga Trida');
insert into city(region_id, name) values (404, 'Aga Tris');
insert into city(region_id, name) values (404, 'gios Ionnis');
insert into city(region_id, name) values (404, 'Alni');
insert into city(region_id, name) values (404, 'rta');
insert into city(region_id, name) values (404, 'Gianntsi');
insert into city(region_id, name) values (404, 'Mlos Pap');
insert into city(region_id, name) values (455, 'Allerd');
insert into city(region_id, name) values (455, 'Bastrup');
insert into city(region_id, name) values (455, 'Birkerd');
insert into city(region_id, name) values (455, 'Dronningmlle');
insert into city(region_id, name) values (455, 'Fredensborg');
insert into city(region_id, name) values (455, 'Frederikssund');
insert into city(region_id, name) values (455, 'Frederiksvrk');
insert into city(region_id, name) values (455, 'Gilleleje');
insert into city(region_id, name) values (455, 'Helsinge');
insert into city(region_id, name) values (455, 'Helsingr');
insert into city(region_id, name) values (455, 'Herlev');
insert into city(region_id, name) values (455, 'Hillerd');
insert into city(region_id, name) values (455, 'Hundested');
insert into city(region_id, name) values (455, 'lstykke');
insert into city(region_id, name) values (470, 'Джибути');
insert into region(id, country_id, name) values (471, 65, 'Санто-доминго');
insert into city(region_id, name) values (65, 'Яр-Сале');
insert into city(region_id, name) values (65, 'Абатский');
insert into city(region_id, name) values (65, 'Аган');
insert into city(region_id, name) values (65, 'Аксарка');
insert into city(region_id, name) values (65, 'Армизонское');
insert into city(region_id, name) values (65, 'Аромашево');
insert into city(region_id, name) values (65, 'Белоярский (Тюменская обл.)');
insert into city(region_id, name) values (65, 'Бердюжье');
insert into city(region_id, name) values (65, 'Березово');
insert into city(region_id, name) values (65, 'Большое Сорокино');
insert into city(region_id, name) values (65, 'Вагай');
insert into city(region_id, name) values (65, 'Викулово');
insert into city(region_id, name) values (65, 'Винзили');
insert into city(region_id, name) values (65, 'Голышманово');
insert into city(region_id, name) values (65, 'Губкинский (Тюменская обл.)');
insert into city(region_id, name) values (65, 'Заводопетровский');
insert into city(region_id, name) values (65, 'Заводоуковск');
insert into city(region_id, name) values (65, 'Игрим');
insert into city(region_id, name) values (65, 'Излучинск');
insert into city(region_id, name) values (65, 'Исетское');
insert into city(region_id, name) values (65, 'Ишим');
insert into city(region_id, name) values (65, 'Казанское');
insert into city(region_id, name) values (65, 'Казым-Мыс');
insert into city(region_id, name) values (65, 'Когалым (Тюменская обл.)');
insert into city(region_id, name) values (65, 'Кондинское');
insert into city(region_id, name) values (65, 'Красноселькуп');
insert into city(region_id, name) values (65, 'Лабытнанги');
insert into city(region_id, name) values (65, 'Лангепас');
insert into city(region_id, name) values (65, 'Ларьяк');
insert into city(region_id, name) values (65, 'Лянторский');
insert into city(region_id, name) values (65, 'Мегион');
insert into city(region_id, name) values (65, 'Междуреченский');
insert into city(region_id, name) values (65, 'Мужи');
insert into city(region_id, name) values (65, 'Муравленко (Тюменская обл.)');
insert into city(region_id, name) values (65, 'Надым (Тюменская обл.)');
insert into city(region_id, name) values (65, 'Находка (Тюменская обл.)');
insert into city(region_id, name) values (65, 'Нефтеюганск');
insert into city(region_id, name) values (65, 'Нижневартовск');
insert into city(region_id, name) values (65, 'Нижняя Тавда');
insert into city(region_id, name) values (65, 'Новоаганск');
insert into city(region_id, name) values (65, 'Новый Уренгой (Тюменская обл.)');
insert into city(region_id, name) values (65, 'Ноябрьск (Тюменская обл.)');
insert into city(region_id, name) values (65, 'Нягань');
insert into city(region_id, name) values (65, 'Октябрьское (Тюменская обл.)');
insert into city(region_id, name) values (65, 'Омутинский');
insert into city(region_id, name) values (65, 'Покачи (Тюменская обл.)');
insert into city(region_id, name) values (65, 'Приобье');
insert into city(region_id, name) values (65, 'Пыть-Ях');
insert into city(region_id, name) values (65, 'Радужный (Ханты-Мансийский АО)');
insert into city(region_id, name) values (65, 'Салехард');
insert into city(region_id, name) values (65, 'Сладково');
insert into city(region_id, name) values (65, 'Советский (Тюменская обл.)');
insert into city(region_id, name) values (65, 'Сургут');
insert into city(region_id, name) values (65, 'Тазовский');
insert into city(region_id, name) values (65, 'Тобольск');
insert into city(region_id, name) values (65, 'Тюмень');
insert into city(region_id, name) values (65, 'Уват');
insert into city(region_id, name) values (65, 'Унъюган');
insert into city(region_id, name) values (65, 'Упорово');
insert into city(region_id, name) values (65, 'Урай');
insert into city(region_id, name) values (65, 'Ханты-Мансийск');
insert into city(region_id, name) values (65, 'Югорск');
insert into city(region_id, name) values (65, 'Юрибей');
insert into city(region_id, name) values (65, 'Ялуторовск');
insert into city(region_id, name) values (65, 'Ярково');
insert into city(region_id, name) values (390, 'Adorf');
insert into city(region_id, name) values (390, 'Altenberg');
insert into city(region_id, name) values (390, 'Altmittweida');
insert into city(region_id, name) values (390, 'Amtsberg');
insert into city(region_id, name) values (390, 'Annaberg-Buchholz');
insert into city(region_id, name) values (390, 'Aue');
insert into city(region_id, name) values (390, 'Auerbach');
insert into city(region_id, name) values (390, 'Auerbach/Vogtland');
insert into city(region_id, name) values (390, 'Augustusburg');
insert into city(region_id, name) values (390, 'Bad Dben');
insert into city(region_id, name) values (390, 'Bad Elster');
insert into city(region_id, name) values (390, 'Bad Muskau');
insert into city(region_id, name) values (390, 'Bahretal');
insert into city(region_id, name) values (390, 'Bannewitz');
insert into city(region_id, name) values (390, 'Bautzen');
insert into city(region_id, name) values (390, 'Beiersdorf');
insert into city(region_id, name) values (390, 'Beilrode');
insert into city(region_id, name) values (390, 'Belgershain');
insert into city(region_id, name) values (390, 'Bischofswerda');
insert into city(region_id, name) values (390, 'Bockelwitz');
insert into city(region_id, name) values (390, 'Borna');
insert into city(region_id, name) values (390, 'Brnichen/Erzgebirge');
insert into city(region_id, name) values (390, 'Burgstdt');
insert into city(region_id, name) values (390, 'Burkau');
insert into city(region_id, name) values (390, 'Cavertitz');
insert into city(region_id, name) values (390, 'Chemnitz');
insert into city(region_id, name) values (390, 'Claunitz');
insert into city(region_id, name) values (390, 'Coswig');
insert into city(region_id, name) values (390, 'Crimmitschau');
insert into city(region_id, name) values (390, 'Delitzsch');
insert into city(region_id, name) values (390, 'Dennheritz');
insert into city(region_id, name) values (390, 'Deutschneudorf');
insert into city(region_id, name) values (390, 'Dippoldiswalde');
insert into city(region_id, name) values (390, 'Dbeln');
insert into city(region_id, name) values (390, 'Dresden');
insert into city(region_id, name) values (390, 'Drrrhrsdorf-Dittersbach');
insert into city(region_id, name) values (390, 'Falkenstein/Vogtland');
insert into city(region_id, name) values (390, 'Flha');
insert into city(region_id, name) values (390, 'Freiberg');
insert into city(region_id, name) values (390, 'Freital');
insert into city(region_id, name) values (390, 'Glauchau');
insert into city(region_id, name) values (390, 'Grlitz');
insert into city(region_id, name) values (390, 'Grimma');
insert into city(region_id, name) values (390, 'Grditz');
insert into city(region_id, name) values (390, 'Groenhain');
insert into city(region_id, name) values (390, 'Heidenau');
insert into city(region_id, name) values (390, 'Hoyerswerda');
insert into city(region_id, name) values (390, 'Johanngeorgenstadt');
insert into city(region_id, name) values (390, 'Jonsdorf');
insert into city(region_id, name) values (390, 'Kamenz');
insert into city(region_id, name) values (390, 'Klingenthal/Sachsen');
insert into city(region_id, name) values (390, 'Lauig');
insert into city(region_id, name) values (390, 'Leipzig');
insert into city(region_id, name) values (390, 'Limbach-Oberfrohna');
insert into city(region_id, name) values (390, 'Lbau');
insert into city(region_id, name) values (390, 'Lnitz');
insert into city(region_id, name) values (390, 'Lugau/Erzgebirge');
insert into city(region_id, name) values (390, 'Marienberg');
insert into city(region_id, name) values (390, 'Markkleeberg');
insert into city(region_id, name) values (390, 'Meerane');
insert into city(region_id, name) values (390, 'Meien');
insert into city(region_id, name) values (390, 'Mittweida');
insert into city(region_id, name) values (390, 'Neusalza-Spremberg');
insert into city(region_id, name) values (390, 'Neustadt in Sachsen');
insert into city(region_id, name) values (390, 'Niesky');
insert into city(region_id, name) values (390, 'Oelsnitz');
insert into city(region_id, name) values (390, 'Ohorn');
insert into city(region_id, name) values (390, 'Otterwisch');
insert into city(region_id, name) values (390, 'Pirna');
insert into city(region_id, name) values (390, 'Plauen');
insert into city(region_id, name) values (390, 'Pulsnitz');
insert into city(region_id, name) values (390, 'Radeberg');
insert into city(region_id, name) values (390, 'Radebeul');
insert into city(region_id, name) values (390, 'Reichenbach/Vogtland');
insert into city(region_id, name) values (390, 'Riesa');
insert into city(region_id, name) values (390, 'Rodewisch');
insert into city(region_id, name) values (390, 'Rothenburg/Oberlausitz');
insert into city(region_id, name) values (390, 'Schlema');
insert into city(region_id, name) values (390, 'Schneeberg');
insert into city(region_id, name) values (390, 'Stollberg/Erzgebirge');
insert into city(region_id, name) values (390, 'Syrau');
insert into city(region_id, name) values (390, 'Torgau');
insert into city(region_id, name) values (390, 'Treuen');
insert into city(region_id, name) values (390, 'Waldheim');
insert into city(region_id, name) values (390, 'Weiwasser');
insert into city(region_id, name) values (390, 'Werdau');
insert into city(region_id, name) values (390, 'Wilkau-Halau');
insert into city(region_id, name) values (390, 'Wurzen');
insert into city(region_id, name) values (390, 'Zittau');
insert into city(region_id, name) values (390, 'Zschopau');
insert into city(region_id, name) values (390, 'Zwickau');
insert into city(region_id, name) values (405, 'Aegina');
insert into city(region_id, name) values (405, 'Afini');
insert into city(region_id, name) values (405, 'gioi');
insert into city(region_id, name) values (405, 'Agina');
insert into city(region_id, name) values (405, 'Arpis');
insert into city(region_id, name) values (405, 'Atene');
insert into city(region_id, name) values (405, 'Athen');
insert into city(region_id, name) values (405, 'Athenai');
insert into city(region_id, name) values (405, 'Athnes');
insert into city(region_id, name) values (405, 'Athens');
insert into city(region_id, name) values (405, 'Athna');
insert into city(region_id, name) values (405, 'Athnai');
insert into city(region_id, name) values (405, 'Athinia');
insert into city(region_id, name) values (405, 'Elefsna');
insert into city(region_id, name) values (405, 'Elefss');
insert into city(region_id, name) values (405, 'Eleusis');
insert into city(region_id, name) values (405, 'Glifdha');
insert into city(region_id, name) values (405, 'Glyfda');
insert into city(region_id, name) values (405, 'kalithea');
insert into city(region_id, name) values (405, 'Keratsni');
insert into city(region_id, name) values (405, 'Keratsinou');
insert into city(region_id, name) values (405, 'Palokia');
insert into city(region_id, name) values (405, 'Peiraeus');
insert into city(region_id, name) values (405, 'Peirai');
insert into city(region_id, name) values (405, 'Prama');
insert into city(region_id, name) values (405, 'Piraeus');
insert into city(region_id, name) values (405, 'Pireo');
insert into city(region_id, name) values (405, 'Pros');
insert into city(region_id, name) values (405, 'Potams');
insert into city(region_id, name) values (456, '');
insert into city(region_id, name) values (456, 'Aarslev');
insert into city(region_id, name) values (456, 'rslev');
insert into city(region_id, name) values (456, 'Assens');
insert into city(region_id, name) values (456, 'sum');
insert into city(region_id, name) values (456, 'Bogense');
insert into city(region_id, name) values (456, 'Brenderup');
insert into city(region_id, name) values (456, 'Faaborg');
insert into city(region_id, name) values (456, 'Gislev Holme');
insert into city(region_id, name) values (456, 'Horne');
insert into city(region_id, name) values (456, 'Korinth');
insert into city(region_id, name) values (456, 'Middelfart');
insert into city(region_id, name) values (456, 'Nyborg');
insert into city(region_id, name) values (456, 'Odense');
insert into city(region_id, name) values (456, 'rsted');
insert into city(region_id, name) values (456, 'Ringe');
insert into city(region_id, name) values (456, 'Rudkbing');
insert into city(region_id, name) values (456, 'Svendborg');
insert into city(region_id, name) values (456, 'Svindinge');
insert into city(region_id, name) values (456, 'Tommerup');
insert into city(region_id, name) values (456, 'Vester Hsinge');
insert into city(region_id, name) values (471, 'Санто-доминго');
insert into region(id, country_id, name) values (472, 66, 'Аль-Кахира');
insert into region(id, country_id, name) values (473, 66, 'Асуан');
insert into region(id, country_id, name) values (474, 66, 'Асьют');
insert into region(id, country_id, name) values (475, 66, 'Бени-Суэйф');
insert into region(id, country_id, name) values (476, 66, 'Гарбия');
insert into region(id, country_id, name) values (477, 66, 'Думьят');
insert into region(id, country_id, name) values (478, 66, 'Египет');
insert into region(id, country_id, name) values (479, 66, 'Синай');
insert into city(region_id, name) values (66, 'Алнаши');
insert into city(region_id, name) values (66, 'Балезино');
insert into city(region_id, name) values (66, 'Вавож');
insert into city(region_id, name) values (66, 'Воткинск');
insert into city(region_id, name) values (66, 'Глазов');
insert into city(region_id, name) values (66, 'Грахово');
insert into city(region_id, name) values (66, 'Дебесы');
insert into city(region_id, name) values (66, 'Завьялово');
insert into city(region_id, name) values (66, 'Игра');
insert into city(region_id, name) values (66, 'Ижевск');
insert into city(region_id, name) values (66, 'Кама');
insert into city(region_id, name) values (66, 'Камбарка');
insert into city(region_id, name) values (66, 'Каракулино');
insert into city(region_id, name) values (66, 'Кез');
insert into city(region_id, name) values (66, 'Кизнер');
insert into city(region_id, name) values (66, 'Киясово');
insert into city(region_id, name) values (66, 'Красногорское (Удмуртия)');
insert into city(region_id, name) values (66, 'Можга');
insert into city(region_id, name) values (66, 'Сарапул');
insert into city(region_id, name) values (66, 'Селты');
insert into city(region_id, name) values (66, 'Сюмси');
insert into city(region_id, name) values (66, 'Ува');
insert into city(region_id, name) values (66, 'Устинов');
insert into city(region_id, name) values (66, 'Шаркан');
insert into city(region_id, name) values (66, 'Юкаменское');
insert into city(region_id, name) values (66, 'Якшур-Бодья');
insert into city(region_id, name) values (66, 'Яр');
insert into city(region_id, name) values (391, 'Abbenrode');
insert into city(region_id, name) values (391, 'Ahlsdorf');
insert into city(region_id, name) values (391, 'Allrode');
insert into city(region_id, name) values (391, 'Alterode');
insert into city(region_id, name) values (391, 'Aschersleben');
insert into city(region_id, name) values (391, 'Bad Drrenberg');
insert into city(region_id, name) values (391, 'Bad Ksen');
insert into city(region_id, name) values (391, 'Barby');
insert into city(region_id, name) values (391, 'Beelitz');
insert into city(region_id, name) values (391, 'Bernburg');
insert into city(region_id, name) values (391, 'Bitterfeld');
insert into city(region_id, name) values (391, 'Blankenburg');
insert into city(region_id, name) values (391, 'Born');
insert into city(region_id, name) values (391, 'Braunsbedra');
insert into city(region_id, name) values (391, 'Burg');
insert into city(region_id, name) values (391, 'Dessau');
insert into city(region_id, name) values (391, 'Ditfurt');
insert into city(region_id, name) values (391, 'Domnitz');
insert into city(region_id, name) values (391, 'Eilsleben');
insert into city(region_id, name) values (391, 'Gardelegen');
insert into city(region_id, name) values (391, 'Genthin');
insert into city(region_id, name) values (391, 'Grfenhainichen');
insert into city(region_id, name) values (391, 'Grana');
insert into city(region_id, name) values (391, 'Gsten');
insert into city(region_id, name) values (391, 'Halberstadt');
insert into city(region_id, name) values (391, 'Haldensleben');
insert into city(region_id, name) values (391, 'Halle');
insert into city(region_id, name) values (391, 'Hettstedt');
insert into city(region_id, name) values (391, 'Hohenmlsen');
insert into city(region_id, name) values (391, 'Hohenthurm');
insert into city(region_id, name) values (391, 'Htensleben');
insert into city(region_id, name) values (391, 'Jessen (Elster)');
insert into city(region_id, name) values (391, 'Jenitz');
insert into city(region_id, name) values (391, 'Kthen');
insert into city(region_id, name) values (391, 'Kthen');
insert into city(region_id, name) values (391, 'Leuna');
insert into city(region_id, name) values (391, 'Luso');
insert into city(region_id, name) values (391, 'Lutherstadt Eisleben');
insert into city(region_id, name) values (391, 'Lutherstadt Wittenberg');
insert into city(region_id, name) values (391, 'Magdeburg');
insert into city(region_id, name) values (391, 'Menz');
insert into city(region_id, name) values (391, 'Merseburg');
insert into city(region_id, name) values (391, 'Milzau');
insert into city(region_id, name) values (391, 'Naumburg');
insert into city(region_id, name) values (391, 'Nessa');
insert into city(region_id, name) values (391, 'Oschersleben');
insert into city(region_id, name) values (391, 'Quedlinburg');
insert into city(region_id, name) values (391, 'Salzwedel');
insert into city(region_id, name) values (391, 'Sangerhausen');
insert into city(region_id, name) values (391, 'Schnebeck (Elbe)');
insert into city(region_id, name) values (391, 'Stafurt');
insert into city(region_id, name) values (391, 'Stendal');
insert into city(region_id, name) values (391, 'Sten');
insert into city(region_id, name) values (391, 'Thale');
insert into city(region_id, name) values (391, 'Weienfels');
insert into city(region_id, name) values (391, 'Wernigerode');
insert into city(region_id, name) values (391, 'Wohlmirstedt');
insert into city(region_id, name) values (391, 'Wolfen');
insert into city(region_id, name) values (391, 'Wolmirstedt');
insert into city(region_id, name) values (391, 'Zeitz');
insert into city(region_id, name) values (391, 'Zerbst');
insert into city(region_id, name) values (391, 'Zrbig');
insert into city(region_id, name) values (406, 'Afntou');
insert into city(region_id, name) values (406, 'Krpathos');
insert into city(region_id, name) values (406, 'Kos');
insert into city(region_id, name) values (406, 'Rdhos');
insert into city(region_id, name) values (406, 'Rdos');
insert into city(region_id, name) values (406, 'Smi');
insert into city(region_id, name) values (457, 'Aagerup');
insert into city(region_id, name) values (457, 'gerup');
insert into city(region_id, name) values (457, 'Avedre');
insert into city(region_id, name) values (457, 'Ballerup');
insert into city(region_id, name) values (457, 'Brndby Strand');
insert into city(region_id, name) values (457, 'Buddinge');
insert into city(region_id, name) values (457, 'Charlottenlund');
insert into city(region_id, name) values (457, 'Dragr');
insert into city(region_id, name) values (457, 'Gentofte');
insert into city(region_id, name) values (457, 'Gladsakse');
insert into city(region_id, name) values (457, 'Gladsaxe');
insert into city(region_id, name) values (457, 'Glostrup');
insert into city(region_id, name) values (457, 'Hedehusene');
insert into city(region_id, name) values (457, 'Hellerup');
insert into city(region_id, name) values (457, 'Holte');
insert into city(region_id, name) values (457, 'Hje Tstrup');
insert into city(region_id, name) values (457, 'Hvidovre');
insert into city(region_id, name) values (457, 'Ishj');
insert into city(region_id, name) values (457, 'Jgersborg');
insert into city(region_id, name) values (457, 'Kallerup');
insert into city(region_id, name) values (457, 'Kastrup');
insert into city(region_id, name) values (457, 'Klampenborg');
insert into city(region_id, name) values (457, 'Kongens Lyngby');
insert into city(region_id, name) values (457, 'Lyngby');
insert into city(region_id, name) values (457, 'Risby');
insert into city(region_id, name) values (457, 'Rdovre');
insert into city(region_id, name) values (457, 'Skodsborg');
insert into city(region_id, name) values (457, 'Sborg');
insert into city(region_id, name) values (457, 'Taastrup');
insert into city(region_id, name) values (457, 'Taastrup Valby');
insert into city(region_id, name) values (457, 'Torslunde');
insert into city(region_id, name) values (457, 'Vrlse');
insert into city(region_id, name) values (457, 'West Brndby');
insert into city(region_id, name) values (472, 'Каир');
insert into region(id, country_id, name) values (480, 67, 'Замбия');
insert into city(region_id, name) values (67, 'Базарный Сызган');
insert into city(region_id, name) values (67, 'Барыш');
insert into city(region_id, name) values (67, 'Большое Нагаткино');
insert into city(region_id, name) values (67, 'Вешкайма');
insert into city(region_id, name) values (67, 'Глотовка');
insert into city(region_id, name) values (67, 'Димитровград');
insert into city(region_id, name) values (67, 'Игнатовка');
insert into city(region_id, name) values (67, 'Измайлово');
insert into city(region_id, name) values (67, 'Инза');
insert into city(region_id, name) values (67, 'Ишеевка');
insert into city(region_id, name) values (67, 'Канадей');
insert into city(region_id, name) values (67, 'Карсун');
insert into city(region_id, name) values (67, 'Кузоватово');
insert into city(region_id, name) values (67, 'Майна');
insert into city(region_id, name) values (67, 'Новая Малыкла');
insert into city(region_id, name) values (67, 'Новоспасское');
insert into city(region_id, name) values (67, 'Новоульяновск');
insert into city(region_id, name) values (67, 'Павловка');
insert into city(region_id, name) values (67, 'Радищево');
insert into city(region_id, name) values (67, 'Сенгилей');
insert into city(region_id, name) values (67, 'Старая Кулатка');
insert into city(region_id, name) values (67, 'Старая Майна');
insert into city(region_id, name) values (67, 'Сурское');
insert into city(region_id, name) values (67, 'Тереньга');
insert into city(region_id, name) values (67, 'Ульяновск');
insert into city(region_id, name) values (67, 'Чердаклы');
insert into city(region_id, name) values (392, 'Ahneby');
insert into city(region_id, name) values (392, 'Ahrensbk');
insert into city(region_id, name) values (392, 'Ahrensburg');
insert into city(region_id, name) values (392, 'Albersdorf');
insert into city(region_id, name) values (392, 'Almdorf');
insert into city(region_id, name) values (392, 'Alt Duvenstedt');
insert into city(region_id, name) values (392, 'Alt Mlln');
insert into city(region_id, name) values (392, 'Altenholz');
insert into city(region_id, name) values (392, 'Averlak');
insert into city(region_id, name) values (392, 'Bad Bramstedt');
insert into city(region_id, name) values (392, 'Bad Oldesloe');
insert into city(region_id, name) values (392, 'Bad Schwartau');
insert into city(region_id, name) values (392, 'Bad Segeberg');
insert into city(region_id, name) values (392, 'Bk');
insert into city(region_id, name) values (392, 'Barmstedt');
insert into city(region_id, name) values (392, 'Blunk');
insert into city(region_id, name) values (392, 'Bokel (24803)');
insert into city(region_id, name) values (392, 'Bklund');
insert into city(region_id, name) values (392, 'Bordesholm');
insert into city(region_id, name) values (392, 'Bornhved');
insert into city(region_id, name) values (392, 'Breiholz');
insert into city(region_id, name) values (392, 'Brunsbttel');
insert into city(region_id, name) values (392, 'Bdelsdorf');
insert into city(region_id, name) values (392, 'Burg (Dithmarschen)');
insert into city(region_id, name) values (392, 'Bsum');
insert into city(region_id, name) values (392, 'Dagebll');
insert into city(region_id, name) values (392, 'Dgeling');
insert into city(region_id, name) values (392, 'Dannewerk');
insert into city(region_id, name) values (392, 'Dchelsdorf');
insert into city(region_id, name) values (392, 'Eckernfrde');
insert into city(region_id, name) values (392, 'Elmenhorst (23870)');
insert into city(region_id, name) values (392, 'Elmshorn');
insert into city(region_id, name) values (392, 'Eutin');
insert into city(region_id, name) values (392, 'Fahrdorf');
insert into city(region_id, name) values (392, 'Flensburg');
insert into city(region_id, name) values (392, 'Glcksburg');
insert into city(region_id, name) values (392, 'Glckstadt');
insert into city(region_id, name) values (392, 'Grmitz');
insert into city(region_id, name) values (392, 'Gro Grnau');
insert into city(region_id, name) values (392, 'Handewitt');
insert into city(region_id, name) values (392, 'Harrislee');
insert into city(region_id, name) values (392, 'Heide');
insert into city(region_id, name) values (392, 'Heiligenhafen');
insert into city(region_id, name) values (392, 'Henstedt-Ulzburg');
insert into city(region_id, name) values (392, 'Hohenwestedt');
insert into city(region_id, name) values (392, 'Hohn');
insert into city(region_id, name) values (392, 'Husum');
insert into city(region_id, name) values (392, 'Itzehoe');
insert into city(region_id, name) values (392, 'Kaltenkirchen');
insert into city(region_id, name) values (392, 'Kampen');
insert into city(region_id, name) values (392, 'Kappeln');
insert into city(region_id, name) values (392, 'Kiel');
insert into city(region_id, name) values (392, 'Krempe');
insert into city(region_id, name) values (392, 'Kropp');
insert into city(region_id, name) values (392, 'Leck');
insert into city(region_id, name) values (392, 'Lbeck');
insert into city(region_id, name) values (392, 'Ltjenburg');
insert into city(region_id, name) values (392, 'Malente');
insert into city(region_id, name) values (392, 'Marne');
insert into city(region_id, name) values (392, 'Meldorf');
insert into city(region_id, name) values (392, 'Mlln');
insert into city(region_id, name) values (392, 'Neukirchen (23780)');
insert into city(region_id, name) values (392, 'Neumnster');
insert into city(region_id, name) values (392, 'Neustadt in Holstein');
insert into city(region_id, name) values (392, 'Niebll');
insert into city(region_id, name) values (392, 'Norderstedt');
insert into city(region_id, name) values (392, 'Nortorf (24590)');
insert into city(region_id, name) values (392, 'Oldenburg in Holstein');
insert into city(region_id, name) values (392, 'Padenstedt');
insert into city(region_id, name) values (392, 'Pinneberg');
insert into city(region_id, name) values (392, 'Pln');
insert into city(region_id, name) values (392, 'Preetz');
insert into city(region_id, name) values (392, 'Raisdorf');
insert into city(region_id, name) values (392, 'Ratekau');
insert into city(region_id, name) values (392, 'Ratzeburg');
insert into city(region_id, name) values (392, 'Reinbek');
insert into city(region_id, name) values (392, 'Reinfeld (Holstein)');
insert into city(region_id, name) values (392, 'Rendsburg');
insert into city(region_id, name) values (392, 'Satrup');
insert into city(region_id, name) values (392, 'Schacht-Audorf');
insert into city(region_id, name) values (392, 'Scharbeutz');
insert into city(region_id, name) values (392, 'Schierensee');
insert into city(region_id, name) values (392, 'Schleswig');
insert into city(region_id, name) values (392, 'Schwarzenbek');
insert into city(region_id, name) values (392, 'Sterup');
insert into city(region_id, name) values (392, 'Stockelsdorf');
insert into city(region_id, name) values (392, 'Sderbrarup');
insert into city(region_id, name) values (392, 'Tarp');
insert into city(region_id, name) values (392, 'Timmendorfer Strand');
insert into city(region_id, name) values (392, 'Tornesch');
insert into city(region_id, name) values (392, 'Trappenkamp');
insert into city(region_id, name) values (392, 'Uetersen');
insert into city(region_id, name) values (392, 'Wahlstedt');
insert into city(region_id, name) values (392, 'Warnau');
insert into city(region_id, name) values (392, 'Wedel');
insert into city(region_id, name) values (392, 'Westerland');
insert into city(region_id, name) values (392, 'Wilster');
insert into city(region_id, name) values (392, 'Wyk auf Fhr');
insert into city(region_id, name) values (407, 'Dhrma');
insert into city(region_id, name) values (407, 'Drma');
insert into city(region_id, name) values (407, 'Exoch');
insert into city(region_id, name) values (407, 'Exokh');
insert into city(region_id, name) values (458, 'Smidstrup');
insert into city(region_id, name) values (473, 'Асуан');
insert into city(region_id, name) values (480, 'Китве-Нкана');
insert into city(region_id, name) values (480, 'Лусака');
insert into city(region_id, name) values (480, 'Ндола');
insert into region(id, country_id, name) values (481, 68, 'Западная Сахара');
insert into city(region_id, name) values (68, 'Аксай (Уральская обл.)');
insert into city(region_id, name) values (68, 'Дарьинское');
insert into city(region_id, name) values (68, 'Деркул');
insert into city(region_id, name) values (68, 'Джамбейты');
insert into city(region_id, name) values (68, 'Переметное');
insert into city(region_id, name) values (68, 'Уральск');
insert into city(region_id, name) values (68, 'Федоровка (Уральская обл.)');
insert into city(region_id, name) values (68, 'Фурманово');
insert into city(region_id, name) values (68, 'Чапаев');
insert into city(region_id, name) values (393, 'Abtsbessingen');
insert into city(region_id, name) values (393, 'Ahlstdt');
insert into city(region_id, name) values (393, 'Albersdorf');
insert into city(region_id, name) values (393, 'Allendorf');
insert into city(region_id, name) values (393, 'Altenburg');
insert into city(region_id, name) values (393, 'Altkirchen');
insert into city(region_id, name) values (393, 'Anrode');
insert into city(region_id, name) values (393, 'Apolda');
insert into city(region_id, name) values (393, 'Arnsgereuth');
insert into city(region_id, name) values (393, 'Arnstadt');
insert into city(region_id, name) values (393, 'Artern');
insert into city(region_id, name) values (393, 'Aspach');
insert into city(region_id, name) values (393, 'Auleben');
insert into city(region_id, name) values (393, 'Bachfeld');
insert into city(region_id, name) values (393, 'Bad Berka');
insert into city(region_id, name) values (393, 'Bad Blankenburg');
insert into city(region_id, name) values (393, 'Bad Langensalza');
insert into city(region_id, name) values (393, 'Bad Liebenstein');
insert into city(region_id, name) values (393, 'Bad Salzungen');
insert into city(region_id, name) values (393, 'Bad Sulza');
insert into city(region_id, name) values (393, 'Ballstdt');
insert into city(region_id, name) values (393, 'Ballstedt');
insert into city(region_id, name) values (393, 'Bischofferode');
insert into city(region_id, name) values (393, 'Creuzburg');
insert into city(region_id, name) values (393, 'Dingelstdt');
insert into city(region_id, name) values (393, 'Drogen');
insert into city(region_id, name) values (393, 'Eisenach');
insert into city(region_id, name) values (393, 'Eisenberg');
insert into city(region_id, name) values (393, 'Eisfeld');
insert into city(region_id, name) values (393, 'Erbenhausen');
insert into city(region_id, name) values (393, 'Erfurt');
insert into city(region_id, name) values (393, 'Gera');
insert into city(region_id, name) values (393, 'Gotha');
insert into city(region_id, name) values (393, 'Greiz');
insert into city(region_id, name) values (393, 'Hausen');
insert into city(region_id, name) values (393, 'Heilbad Heiligenstadt');
insert into city(region_id, name) values (393, 'Hermsdorf');
insert into city(region_id, name) values (393, 'Hildburghausen');
insert into city(region_id, name) values (393, 'Ilmenau');
insert into city(region_id, name) values (393, 'Jena');
insert into city(region_id, name) values (393, 'Kahla');
insert into city(region_id, name) values (393, 'Kamsdorf');
insert into city(region_id, name) values (393, 'Klleda');
insert into city(region_id, name) values (393, 'Krlpa');
insert into city(region_id, name) values (393, 'Leinefelde');
insert into city(region_id, name) values (393, 'Leutenberg');
insert into city(region_id, name) values (393, 'Lobenstein');
insert into city(region_id, name) values (393, 'Meiningen');
insert into city(region_id, name) values (393, 'Meuselwitz');
insert into city(region_id, name) values (393, 'Mhlberg');
insert into city(region_id, name) values (393, 'Mhlhausen');
insert into city(region_id, name) values (393, 'Mlverstedt');
insert into city(region_id, name) values (393, 'Nordhausen');
insert into city(region_id, name) values (393, 'Pneck');
insert into city(region_id, name) values (393, 'Ringleben (99190)');
insert into city(region_id, name) values (393, 'Rosendorf');
insert into city(region_id, name) values (393, 'Rudolstadt');
insert into city(region_id, name) values (393, 'Ruhla');
insert into city(region_id, name) values (393, 'Saalfeld/Saale');
insert into city(region_id, name) values (393, 'Schklen');
insert into city(region_id, name) values (393, 'Schleiz');
insert into city(region_id, name) values (393, 'Schmalkalden');
insert into city(region_id, name) values (393, 'Schmlln');
insert into city(region_id, name) values (393, 'Sitzendorf');
insert into city(region_id, name) values (393, 'Smmerda');
insert into city(region_id, name) values (393, 'Sondershausen');
insert into city(region_id, name) values (393, 'Sonneberg');
insert into city(region_id, name) values (393, 'Stadtilm');
insert into city(region_id, name) values (393, 'Steinbach-Hallenberg');
insert into city(region_id, name) values (393, 'Suhl');
insert into city(region_id, name) values (393, 'Vachdorf');
insert into city(region_id, name) values (393, 'Veilsdorf');
insert into city(region_id, name) values (393, 'Weida');
insert into city(region_id, name) values (393, 'Weimar');
insert into city(region_id, name) values (393, 'Zella');
insert into city(region_id, name) values (393, 'Zella-Mehlis');
insert into city(region_id, name) values (393, 'Zeulenroda');
insert into city(region_id, name) values (393, 'Zimmern');
insert into city(region_id, name) values (393, 'Zwinge');
insert into city(region_id, name) values (408, 'gios Antnios');
insert into city(region_id, name) values (408, 'grafa');
insert into city(region_id, name) values (459, 'Aalbk');
insert into city(region_id, name) values (459, 'Aalborg');
insert into city(region_id, name) values (459, 'Aars');
insert into city(region_id, name) values (459, 'lborg');
insert into city(region_id, name) values (459, 'Arden');
insert into city(region_id, name) values (459, 'rs');
insert into city(region_id, name) values (459, 'Brovst');
insert into city(region_id, name) values (459, 'Brnderslev');
insert into city(region_id, name) values (459, 'Fars');
insert into city(region_id, name) values (459, 'Fjerritslev');
insert into city(region_id, name) values (459, 'Frederikshavn');
insert into city(region_id, name) values (459, 'Grindsted');
insert into city(region_id, name) values (459, 'Hadsund');
insert into city(region_id, name) values (459, 'Hirtshals');
insert into city(region_id, name) values (459, 'Hjrring');
insert into city(region_id, name) values (459, 'Hobro');
insert into city(region_id, name) values (459, 'Hornum');
insert into city(region_id, name) values (459, 'Horsens');
insert into city(region_id, name) values (459, 'Hurup');
insert into city(region_id, name) values (459, 'Jerslev');
insert into city(region_id, name) values (459, 'Lgstr');
insert into city(region_id, name) values (459, 'Lkken');
insert into city(region_id, name) values (459, 'Nibe');
insert into city(region_id, name) values (459, 'Rebild');
insert into city(region_id, name) values (459, 'Saltum');
insert into city(region_id, name) values (459, 'Sby');
insert into city(region_id, name) values (459, 'Skagen');
insert into city(region_id, name) values (459, 'Tisted');
insert into city(region_id, name) values (459, 'Vegger');
insert into city(region_id, name) values (474, 'Асыут');
insert into city(region_id, name) values (481, 'Нуадибу');
insert into city(region_id, name) values (481, 'Эль-Аюн');
insert into region(id, country_id, name) values (482, 69, 'Зимбабве');
insert into city(region_id, name) values (69, 'Амурск');
insert into city(region_id, name) values (69, 'Аян');
insert into city(region_id, name) values (69, 'Березовый');
insert into city(region_id, name) values (69, 'Бикин');
insert into city(region_id, name) values (69, 'Бира');
insert into city(region_id, name) values (69, 'Биракан');
insert into city(region_id, name) values (69, 'Богородское (Хабаровский край)');
insert into city(region_id, name) values (69, 'Ванино');
insert into city(region_id, name) values (69, 'Волочаевка Вторая');
insert into city(region_id, name) values (69, 'Высокогорный');
insert into city(region_id, name) values (69, 'Вяземский');
insert into city(region_id, name) values (69, 'Горный');
insert into city(region_id, name) values (69, 'Гурское');
insert into city(region_id, name) values (69, 'Дормидонтовка');
insert into city(region_id, name) values (69, 'Заветы Ильича');
insert into city(region_id, name) values (69, 'Известковый');
insert into city(region_id, name) values (69, 'Иннокентьевка');
insert into city(region_id, name) values (69, 'Комсомольск-на-Амуре');
insert into city(region_id, name) values (69, 'Ленинское');
insert into city(region_id, name) values (69, 'Нелькан');
insert into city(region_id, name) values (69, 'Николаевск-на-Амуре');
insert into city(region_id, name) values (69, 'Облучье');
insert into city(region_id, name) values (69, 'Охотск');
insert into city(region_id, name) values (69, 'Переяславка');
insert into city(region_id, name) values (69, 'Смидович');
insert into city(region_id, name) values (69, 'Советская Гавань');
insert into city(region_id, name) values (69, 'Софийск');
insert into city(region_id, name) values (69, 'Троицкое');
insert into city(region_id, name) values (69, 'Тугур');
insert into city(region_id, name) values (69, 'Хабаровск');
insert into city(region_id, name) values (69, 'Чегдомын');
insert into city(region_id, name) values (69, 'Чумикан');
insert into city(region_id, name) values (409, 'Alexandhropolis');
insert into city(region_id, name) values (409, 'Alexandropoli');
insert into city(region_id, name) values (409, 'Alexandropolis');
insert into city(region_id, name) values (409, 'Dhidhimtikhon');
insert into city(region_id, name) values (409, 'Didymteicho');
insert into city(region_id, name) values (409, 'Dlofos');
insert into city(region_id, name) values (409, 'Fres');
insert into city(region_id, name) values (409, 'Orestida');
insert into city(region_id, name) values (409, 'Soufl');
insert into city(region_id, name) values (460, 'dal');
insert into city(region_id, name) values (460, 'rre');
insert into city(region_id, name) values (460, 'Astrup');
insert into city(region_id, name) values (460, 'Billund');
insert into city(region_id, name) values (460, 'Bramming');
insert into city(region_id, name) values (460, 'Bryndumdam');
insert into city(region_id, name) values (460, 'Donslund');
insert into city(region_id, name) values (460, 'Esbjrg');
insert into city(region_id, name) values (460, 'Esbjerg');
insert into city(region_id, name) values (460, 'Grding');
insert into city(region_id, name) values (460, 'Grindsted');
insert into city(region_id, name) values (460, 'Holsted');
insert into city(region_id, name) values (460, 'Hovborg');
insert into city(region_id, name) values (460, 'Lintrup');
insert into city(region_id, name) values (460, 'Lunde');
insert into city(region_id, name) values (460, 'Nrre Nebel');
insert into city(region_id, name) values (460, 'lgod');
insert into city(region_id, name) values (460, 'Ribe');
insert into city(region_id, name) values (460, 'Roager');
insert into city(region_id, name) values (460, 'Store Darum');
insert into city(region_id, name) values (460, 'Varde');
insert into city(region_id, name) values (460, 'Vejen');
insert into city(region_id, name) values (460, 'Vester Vejrup');
insert into city(region_id, name) values (475, 'Бени Суэф');
insert into city(region_id, name) values (482, 'Булавайо');
insert into city(region_id, name) values (482, 'Хараре');
insert into region(id, country_id, name) values (483, 70, 'Вади-Ара');
insert into region(id, country_id, name) values (484, 70, 'Иерусалим');
insert into region(id, country_id, name) values (485, 70, 'Рамат ХаГолан');
insert into region(id, country_id, name) values (486, 70, 'Тель-Авив');
insert into region(id, country_id, name) values (487, 70, 'Хадаром');
insert into region(id, country_id, name) values (488, 70, 'Хайфа');
insert into region(id, country_id, name) values (489, 70, 'Хамерказ');
insert into region(id, country_id, name) values (490, 70, 'Хацафон');
insert into city(region_id, name) values (70, 'Абакан');
insert into city(region_id, name) values (70, 'Саяногорск');
insert into city(region_id, name) values (70, 'Черногорск');
insert into city(region_id, name) values (410, 'Chalkda');
insert into city(region_id, name) values (410, 'Chalks');
insert into city(region_id, name) values (410, 'Istiaa');
insert into city(region_id, name) values (410, 'Kristos');
insert into city(region_id, name) values (410, 'Mantodion');
insert into city(region_id, name) values (461, 'dum');
insert into city(region_id, name) values (461, 'Agerskov');
insert into city(region_id, name) values (461, 'Aulum');
insert into city(region_id, name) values (461, 'Barde');
insert into city(region_id, name) values (461, 'Borris');
insert into city(region_id, name) values (461, 'Bvlingbjerg');
insert into city(region_id, name) values (461, 'Brande');
insert into city(region_id, name) values (461, 'Brorstrup');
insert into city(region_id, name) values (461, 'Finderup');
insert into city(region_id, name) values (461, 'Herborg');
insert into city(region_id, name) values (461, 'Herning');
insert into city(region_id, name) values (461, 'Holstebro');
insert into city(region_id, name) values (461, 'Hoven');
insert into city(region_id, name) values (461, 'Hvide Sande');
insert into city(region_id, name) values (461, 'Kibk');
insert into city(region_id, name) values (461, 'Lem');
insert into city(region_id, name) values (461, 'Lemvig');
insert into city(region_id, name) values (461, 'Lind');
insert into city(region_id, name) values (461, 'Lnborg');
insert into city(region_id, name) values (461, 'Mborg');
insert into city(region_id, name) values (461, 'rnhj');
insert into city(region_id, name) values (461, 'Ringkjbing');
insert into city(region_id, name) values (461, 'Ringkbing');
insert into city(region_id, name) values (461, 'Skern');
insert into city(region_id, name) values (461, 'Skjern');
insert into city(region_id, name) values (461, 'Struer');
insert into city(region_id, name) values (461, 'Tarm');
insert into city(region_id, name) values (461, 'Tim');
insert into city(region_id, name) values (461, 'Ulfborg');
insert into city(region_id, name) values (461, 'Videbk');
insert into city(region_id, name) values (461, 'Vilbjerg');
insert into city(region_id, name) values (461, 'Vildbjerg');
insert into city(region_id, name) values (461, 'Vinderup');
insert into city(region_id, name) values (476, 'Танта');
insert into city(region_id, name) values (483, 'Хариш');
insert into city(region_id, name) values (483, 'Кацир');
insert into region(id, country_id, name) values (491, 71, 'Bangla');
insert into region(id, country_id, name) values (492, 71, 'Chhattisgarh');
insert into region(id, country_id, name) values (493, 71, 'Karnataka');
insert into region(id, country_id, name) values (494, 71, 'Андхра-Прадеш');
insert into region(id, country_id, name) values (495, 71, 'Ассам');
insert into region(id, country_id, name) values (496, 71, 'Бихар');
insert into region(id, country_id, name) values (497, 71, 'Гуджарат');
insert into region(id, country_id, name) values (498, 71, 'Джамму и Кашмир');
insert into region(id, country_id, name) values (499, 71, 'Индия');
insert into region(id, country_id, name) values (500, 71, 'Керала');
insert into region(id, country_id, name) values (501, 71, 'Мадхья-Прадеш');
insert into region(id, country_id, name) values (502, 71, 'Манипур');
insert into region(id, country_id, name) values (503, 71, 'Махараштра');
insert into region(id, country_id, name) values (504, 71, 'Орисса');
insert into region(id, country_id, name) values (505, 71, 'Пенджаб');
insert into region(id, country_id, name) values (506, 71, 'Пондишери');
insert into region(id, country_id, name) values (507, 71, 'Раджастхан');
insert into region(id, country_id, name) values (508, 71, 'Тамилнад');
insert into region(id, country_id, name) values (509, 71, 'Трипура');
insert into region(id, country_id, name) values (510, 71, 'Уттар-Прадеш');
insert into region(id, country_id, name) values (511, 71, 'Харьяна');
insert into region(id, country_id, name) values (512, 71, 'Чандигарх');
insert into city(region_id, name) values (71, 'Агаповка');
insert into city(region_id, name) values (71, 'Аргаяш');
insert into city(region_id, name) values (71, 'Аша');
insert into city(region_id, name) values (71, 'Бакал');
insert into city(region_id, name) values (71, 'Бреды');
insert into city(region_id, name) values (71, 'Варна');
insert into city(region_id, name) values (71, 'Верхнеуральск');
insert into city(region_id, name) values (71, 'Верхний Уфалей');
insert into city(region_id, name) values (71, 'Еманжелинск');
insert into city(region_id, name) values (71, 'Златоуст');
insert into city(region_id, name) values (71, 'Карабаш');
insert into city(region_id, name) values (71, 'Карталы');
insert into city(region_id, name) values (71, 'Касли');
insert into city(region_id, name) values (71, 'Катав-Ивановск');
insert into city(region_id, name) values (71, 'Копейск');
insert into city(region_id, name) values (71, 'Коркино');
insert into city(region_id, name) values (71, 'Красногорский');
insert into city(region_id, name) values (71, 'Кунашак');
insert into city(region_id, name) values (71, 'Куса');
insert into city(region_id, name) values (71, 'Кыштым');
insert into city(region_id, name) values (71, 'Магнитогорск');
insert into city(region_id, name) values (71, 'Миасс');
insert into city(region_id, name) values (71, 'Миньяр');
insert into city(region_id, name) values (71, 'Озерск(Челябинская обл.)');
insert into city(region_id, name) values (71, 'Октябрьское (Челябинская обл.)');
insert into city(region_id, name) values (71, 'Пласт');
insert into city(region_id, name) values (71, 'Сатка');
insert into city(region_id, name) values (71, 'Сим');
insert into city(region_id, name) values (71, 'Снежинск (Челябинская обл.)');
insert into city(region_id, name) values (71, 'Трехгорный');
insert into city(region_id, name) values (71, 'Троицк');
insert into city(region_id, name) values (71, 'Увельский');
insert into city(region_id, name) values (71, 'Уйское');
insert into city(region_id, name) values (71, 'Усть-Катав');
insert into city(region_id, name) values (71, 'Фершампенуаз');
insert into city(region_id, name) values (71, 'Чебаркуль');
insert into city(region_id, name) values (71, 'Челябинск');
insert into city(region_id, name) values (71, 'Чесма');
insert into city(region_id, name) values (71, 'Южно-Уральск');
insert into city(region_id, name) values (71, 'Юрюзань');
insert into city(region_id, name) values (411, 'Flrina');
insert into city(region_id, name) values (411, 'Nvista');
insert into city(region_id, name) values (411, 'Opa');
insert into city(region_id, name) values (411, 'Plorina');
insert into city(region_id, name) values (411, 'Vvani');
insert into city(region_id, name) values (462, 'Algestrup');
insert into city(region_id, name) values (462, 'Assendlse');
insert into city(region_id, name) values (462, 'Gadstrup');
insert into city(region_id, name) values (462, 'Hvals');
insert into city(region_id, name) values (462, 'Kirke Sonnerup');
insert into city(region_id, name) values (462, 'Kge');
insert into city(region_id, name) values (462, 'Lidemark');
insert into city(region_id, name) values (462, 'Lyngby');
insert into city(region_id, name) values (462, 'Roskilde');
insert into city(region_id, name) values (462, 'Solrd Strand');
insert into city(region_id, name) values (462, 'Viby');
insert into city(region_id, name) values (477, 'Думият');
insert into city(region_id, name) values (484, 'Бейт-шемеш');
insert into city(region_id, name) values (484, 'Иерусалим');
insert into city(region_id, name) values (484, 'Модиин');
insert into city(region_id, name) values (491, 'Асансол');
insert into city(region_id, name) values (491, 'Байдьябати');
insert into city(region_id, name) values (491, 'Даржилинг');
insert into city(region_id, name) values (491, 'Дум-Дум');
insert into city(region_id, name) values (491, 'Кришнанагар');
insert into region(id, country_id, name) values (513, 72, 'Индонезия');
insert into city(region_id, name) values (72, 'Аргун');
insert into city(region_id, name) values (72, 'Грозный');
insert into city(region_id, name) values (72, 'Гудермес');
insert into city(region_id, name) values (72, 'Знаменское');
insert into city(region_id, name) values (72, 'Малгобек');
insert into city(region_id, name) values (72, 'Назрань');
insert into city(region_id, name) values (72, 'Наурская');
insert into city(region_id, name) values (72, 'Ножай-Юрт');
insert into city(region_id, name) values (72, 'Орджоникидзевская');
insert into city(region_id, name) values (72, 'Советское (Чечено-Ингушетия)');
insert into city(region_id, name) values (72, 'Урус-Мартан');
insert into city(region_id, name) values (72, 'Шали');
insert into city(region_id, name) values (412, 'Atalnti');
insert into city(region_id, name) values (412, 'Lama');
insert into city(region_id, name) values (463, 'Aabenraa');
insert into city(region_id, name) values (463, 'benr');
insert into city(region_id, name) values (463, 'Aller');
insert into city(region_id, name) values (463, 'Ballum');
insert into city(region_id, name) values (463, 'Bevtoft');
insert into city(region_id, name) values (463, 'Branderup');
insert into city(region_id, name) values (463, 'Bredebro');
insert into city(region_id, name) values (463, 'Drengsted');
insert into city(region_id, name) values (463, 'Grsten');
insert into city(region_id, name) values (463, 'Haderslev');
insert into city(region_id, name) values (463, 'Hjrup');
insert into city(region_id, name) values (463, 'Kliplev');
insert into city(region_id, name) values (463, 'Magstrup');
insert into city(region_id, name) values (463, 'Nordborg');
insert into city(region_id, name) values (463, 'Padborg');
insert into city(region_id, name) values (463, 'Randerup');
insert into city(region_id, name) values (463, 'Rangstrup');
insert into city(region_id, name) values (463, 'Rdding');
insert into city(region_id, name) values (463, 'Rdekro');
insert into city(region_id, name) values (463, 'Snderborg');
insert into city(region_id, name) values (463, 'Tinglev');
insert into city(region_id, name) values (463, 'Toftlund');
insert into city(region_id, name) values (463, 'Tnder');
insert into city(region_id, name) values (463, 'Visby');
insert into city(region_id, name) values (463, 'Vojens');
insert into city(region_id, name) values (478, 'Александрия');
insert into city(region_id, name) values (478, 'Хургада');
insert into city(region_id, name) values (485, 'Невве-Атив');
insert into city(region_id, name) values (492, 'Биласпур');
insert into city(region_id, name) values (492, 'Раипур');
insert into city(region_id, name) values (513, 'Джакарта');
insert into region(id, country_id, name) values (514, 73, 'Иордания');
insert into city(region_id, name) values (73, 'Агинское');
insert into city(region_id, name) values (73, 'Аксеново-Зиловское');
insert into city(region_id, name) values (73, 'Акша');
insert into city(region_id, name) values (73, 'Арбагар');
insert into city(region_id, name) values (73, 'Атамановка');
insert into city(region_id, name) values (73, 'Балей');
insert into city(region_id, name) values (73, 'Борзя');
insert into city(region_id, name) values (73, 'Букачача');
insert into city(region_id, name) values (73, 'Газимурский Завод');
insert into city(region_id, name) values (73, 'Давенда');
insert into city(region_id, name) values (73, 'Дарасун');
insert into city(region_id, name) values (73, 'Домна');
insert into city(region_id, name) values (73, 'Дровяная');
insert into city(region_id, name) values (73, 'Дульдурга');
insert into city(region_id, name) values (73, 'Забайкальск');
insert into city(region_id, name) values (73, 'Карымское');
insert into city(region_id, name) values (73, 'Ключевский');
insert into city(region_id, name) values (73, 'Кокуй');
insert into city(region_id, name) values (73, 'Краснокаменск');
insert into city(region_id, name) values (73, 'Красный Чикой');
insert into city(region_id, name) values (73, 'Кыра');
insert into city(region_id, name) values (73, 'Моготуй');
insert into city(region_id, name) values (73, 'Могоча');
insert into city(region_id, name) values (73, 'Нерчинск');
insert into city(region_id, name) values (73, 'Нерчинский Завод');
insert into city(region_id, name) values (73, 'Нижний Цасучей');
insert into city(region_id, name) values (73, 'Оловянная');
insert into city(region_id, name) values (73, 'Первомайский (Читинская обл.)');
insert into city(region_id, name) values (73, 'Петровск-Забайкальский');
insert into city(region_id, name) values (73, 'Приаргунск');
insert into city(region_id, name) values (73, 'Сретенск');
insert into city(region_id, name) values (73, 'Тупик');
insert into city(region_id, name) values (73, 'Улеты');
insert into city(region_id, name) values (73, 'Хилок');
insert into city(region_id, name) values (73, 'Чара');
insert into city(region_id, name) values (73, 'Чернышевск');
insert into city(region_id, name) values (73, 'Чита');
insert into city(region_id, name) values (73, 'Шелопугино');
insert into city(region_id, name) values (73, 'Шилка');
insert into city(region_id, name) values (413, 'Arpi');
insert into city(region_id, name) values (413, 'Georgtsa');
insert into city(region_id, name) values (413, 'Greven');
insert into city(region_id, name) values (464, 'Amager Flled');
insert into city(region_id, name) values (464, 'Amagerbro');
insert into city(region_id, name) values (464, 'Copenhagen');
insert into city(region_id, name) values (464, 'Kjobenhavn');
insert into city(region_id, name) values (464, 'Kbenhavn');
insert into city(region_id, name) values (464, 'Vanlse');
insert into city(region_id, name) values (479, 'Дахаб');
insert into city(region_id, name) values (479, 'Шарм эль шейх');
insert into city(region_id, name) values (486, 'Бат-Ям');
insert into city(region_id, name) values (486, 'Герцелия');
insert into city(region_id, name) values (486, 'Гиватаим');
insert into city(region_id, name) values (486, 'Кирьят-Оно');
insert into city(region_id, name) values (486, 'Лод');
insert into city(region_id, name) values (486, 'Петах Тиква');
insert into city(region_id, name) values (486, 'Рамат-Ган');
insert into city(region_id, name) values (486, 'Рамат-Хашарон');
insert into city(region_id, name) values (486, 'Тель-Авив');
insert into city(region_id, name) values (486, 'Холон');
insert into city(region_id, name) values (493, 'Багалкот');
insert into city(region_id, name) values (493, 'Банглори');
insert into city(region_id, name) values (493, 'Мангалор');
insert into city(region_id, name) values (514, 'Амман');
insert into region(id, country_id, name) values (515, 74, 'Багдад');
insert into region(id, country_id, name) values (516, 74, 'Басра');
insert into region(id, country_id, name) values (517, 74, 'Мосул');
insert into city(region_id, name) values (74, 'Алатырь');
insert into city(region_id, name) values (74, 'Аликово');
insert into city(region_id, name) values (74, 'Батырева');
insert into city(region_id, name) values (74, 'Буинск');
insert into city(region_id, name) values (74, 'Вурнары');
insert into city(region_id, name) values (74, 'Ибреси');
insert into city(region_id, name) values (74, 'Канаш');
insert into city(region_id, name) values (74, 'Киря');
insert into city(region_id, name) values (74, 'Комсомольское');
insert into city(region_id, name) values (74, 'Красноармейское (Чувашия)');
insert into city(region_id, name) values (74, 'Красные Четаи');
insert into city(region_id, name) values (74, 'Кугеси');
insert into city(region_id, name) values (74, 'Мариинский Посад');
insert into city(region_id, name) values (74, 'Моргауши');
insert into city(region_id, name) values (74, 'Новочебоксарск');
insert into city(region_id, name) values (74, 'Порецкое');
insert into city(region_id, name) values (74, 'Урмары');
insert into city(region_id, name) values (74, 'Цивильск');
insert into city(region_id, name) values (74, 'Чебоксары');
insert into city(region_id, name) values (74, 'Шемурша');
insert into city(region_id, name) values (74, 'Шумерля');
insert into city(region_id, name) values (74, 'Ядрин');
insert into city(region_id, name) values (74, 'Яльчики');
insert into city(region_id, name) values (74, 'Янтиково');
insert into city(region_id, name) values (414, 'Amalida');
insert into city(region_id, name) values (414, 'no Manols');
insert into city(region_id, name) values (414, 'Katkolon');
insert into city(region_id, name) values (414, 'Killni');
insert into city(region_id, name) values (414, 'Kyllni');
insert into city(region_id, name) values (414, 'Manolda');
insert into city(region_id, name) values (414, 'Prgos');
insert into city(region_id, name) values (465, 'geby');
insert into city(region_id, name) values (465, 'Dannemare');
insert into city(region_id, name) values (465, 'Eskilstrup');
insert into city(region_id, name) values (465, 'Maribo');
insert into city(region_id, name) values (465, 'Nakskov');
insert into city(region_id, name) values (465, 'Nstved');
insert into city(region_id, name) values (465, 'Nrre Alslev');
insert into city(region_id, name) values (465, 'Nykjobing');
insert into city(region_id, name) values (465, 'Nykbing');
insert into city(region_id, name) values (465, 'Stege');
insert into city(region_id, name) values (465, 'Stokkemarke');
insert into city(region_id, name) values (465, 'Vinderup');
insert into city(region_id, name) values (465, 'Vordingborg');
insert into city(region_id, name) values (487, 'Арад');
insert into city(region_id, name) values (487, 'Ашдод');
insert into city(region_id, name) values (487, 'Ашкелон');
insert into city(region_id, name) values (487, 'Бээр-Шева');
insert into city(region_id, name) values (487, 'Димона');
insert into city(region_id, name) values (487, 'Кирьят-Гат');
insert into city(region_id, name) values (487, 'Кирьят-Малахи');
insert into city(region_id, name) values (487, 'Нетивот');
insert into city(region_id, name) values (487, 'Сдерот');
insert into city(region_id, name) values (487, 'Эйлат');
insert into city(region_id, name) values (494, 'Анакапал');
insert into city(region_id, name) values (494, 'Анантапур');
insert into city(region_id, name) values (494, 'Визианагарам');
insert into city(region_id, name) values (494, 'Вияиавада');
insert into city(region_id, name) values (494, 'Гунтур');
insert into city(region_id, name) values (494, 'Элуру');
insert into city(region_id, name) values (515, 'Багдад');
insert into region(id, country_id, name) values (518, 75, 'Azarbayjan-e Khavari');
insert into region(id, country_id, name) values (519, 75, 'Esfahan');
insert into region(id, country_id, name) values (520, 75, 'Hamadan');
insert into region(id, country_id, name) values (521, 75, 'Kordestan');
insert into region(id, country_id, name) values (522, 75, 'Yazd');
insert into region(id, country_id, name) values (523, 75, 'Керман');
insert into region(id, country_id, name) values (524, 75, 'Керманшахан');
insert into region(id, country_id, name) values (525, 75, 'Мазендеран');
insert into region(id, country_id, name) values (526, 75, 'Тегеран');
insert into region(id, country_id, name) values (527, 75, 'Фарс');
insert into region(id, country_id, name) values (528, 75, 'Хорасан');
insert into region(id, country_id, name) values (529, 75, 'Хузистан');
insert into city(region_id, name) values (75, 'Анадырь (Чукотский АО)');
insert into city(region_id, name) values (75, 'Билибино');
insert into city(region_id, name) values (75, 'ПЕВЕК');
insert into city(region_id, name) values (415, 'Alexndreia');
insert into city(region_id, name) values (415, 'Alexndria');
insert into city(region_id, name) values (415, 'rachos');
insert into city(region_id, name) values (415, 'Kra Vrsi');
insert into city(region_id, name) values (415, 'Makrokhri');
insert into city(region_id, name) values (415, 'Nousa');
insert into city(region_id, name) values (415, 'Veria');
insert into city(region_id, name) values (415, 'Vroia');
insert into city(region_id, name) values (466, 'Aadal');
insert into city(region_id, name) values (466, 'Aagaard');
insert into city(region_id, name) values (466, 'Agtrup');
insert into city(region_id, name) values (466, 'Barrit');
insert into city(region_id, name) values (466, 'Blling');
insert into city(region_id, name) values (466, 'Brkop');
insert into city(region_id, name) values (466, 'Brunde');
insert into city(region_id, name) values (466, 'Egtved');
insert into city(region_id, name) values (466, 'Ejstrupholm');
insert into city(region_id, name) values (466, 'Fredericia');
insert into city(region_id, name) values (466, 'Give');
insert into city(region_id, name) values (466, 'Herslev');
insert into city(region_id, name) values (466, 'Horsens');
insert into city(region_id, name) values (466, 'Hosby');
insert into city(region_id, name) values (466, 'Jelling');
insert into city(region_id, name) values (466, 'Kolding');
insert into city(region_id, name) values (466, 'Thyregod');
insert into city(region_id, name) values (466, 'Vamdrup');
insert into city(region_id, name) values (466, 'Vejle');
insert into city(region_id, name) values (466, 'Viv');
insert into city(region_id, name) values (488, 'Далият-Эль-Кармэль');
insert into city(region_id, name) values (488, 'Зихрон-Яаков');
insert into city(region_id, name) values (488, 'Кирьят-Бялик');
insert into city(region_id, name) values (488, 'Кирьят-Моцкин');
insert into city(region_id, name) values (488, 'Кирьят-Ям');
insert into city(region_id, name) values (488, 'Наария');
insert into city(region_id, name) values (488, 'Нэшэр');
insert into city(region_id, name) values (488, 'Ор-Акива');
insert into city(region_id, name) values (488, 'Пардэс-Ханна');
insert into city(region_id, name) values (488, 'Тират-Кармэль');
insert into city(region_id, name) values (488, 'Хайфа');
insert into city(region_id, name) values (488, 'Хефа-Хариш');
insert into city(region_id, name) values (488, 'Хэдэра');
insert into city(region_id, name) values (495, 'Дибругарх');
insert into city(region_id, name) values (495, 'Силчар');
insert into city(region_id, name) values (516, 'Басра');
insert into city(region_id, name) values (518, 'Марагех');
insert into city(region_id, name) values (518, 'Тебриз');
insert into region(id, country_id, name) values (530, 76, 'Carlow');
insert into region(id, country_id, name) values (531, 76, 'Cavan');
insert into region(id, country_id, name) values (532, 76, 'Clare');
insert into region(id, country_id, name) values (533, 76, 'Cork');
insert into region(id, country_id, name) values (534, 76, 'Donegal');
insert into region(id, country_id, name) values (535, 76, 'Dublin');
insert into region(id, country_id, name) values (536, 76, 'Galway');
insert into region(id, country_id, name) values (537, 76, 'Kerry');
insert into region(id, country_id, name) values (538, 76, 'Kildare');
insert into region(id, country_id, name) values (539, 76, 'Kilkenny');
insert into region(id, country_id, name) values (540, 76, 'Laois');
insert into region(id, country_id, name) values (541, 76, 'Leitrim');
insert into region(id, country_id, name) values (542, 76, 'Limerick');
insert into region(id, country_id, name) values (543, 76, 'Longford');
insert into region(id, country_id, name) values (544, 76, 'Louth');
insert into region(id, country_id, name) values (545, 76, 'Mayo');
insert into region(id, country_id, name) values (546, 76, 'Meath');
insert into region(id, country_id, name) values (547, 76, 'Monaghan');
insert into region(id, country_id, name) values (548, 76, 'Offaly');
insert into region(id, country_id, name) values (549, 76, 'Roscommon');
insert into region(id, country_id, name) values (550, 76, 'Sligo');
insert into region(id, country_id, name) values (551, 76, 'Tipperary');
insert into region(id, country_id, name) values (552, 76, 'Waterford');
insert into region(id, country_id, name) values (553, 76, 'Westmeath');
insert into region(id, country_id, name) values (554, 76, 'Wexford');
insert into region(id, country_id, name) values (555, 76, 'Wicklow');
insert into city(region_id, name) values (76, 'Губкинский (Ямало-Ненецкий АО)');
insert into city(region_id, name) values (76, 'Заполярный (Ямало-Ненецкий АО)');
insert into city(region_id, name) values (76, 'Муравленко');
insert into city(region_id, name) values (76, 'Надым');
insert into city(region_id, name) values (76, 'Новый Уренгой');
insert into city(region_id, name) values (76, 'Ноябрьск');
insert into city(region_id, name) values (76, 'Пангоды');
insert into city(region_id, name) values (76, 'Пуровск');
insert into city(region_id, name) values (76, 'Салехард');
insert into city(region_id, name) values (76, 'Тазовский');
insert into city(region_id, name) values (76, 'Тарко-Сале');
insert into city(region_id, name) values (416, 'Iliokhrion');
insert into city(region_id, name) values (416, 'Ionnina');
insert into city(region_id, name) values (467, 'Dalby');
insert into city(region_id, name) values (467, 'Godthaab');
insert into city(region_id, name) values (467, 'Holbk');
insert into city(region_id, name) values (467, 'Hollbk');
insert into city(region_id, name) values (467, 'Hng');
insert into city(region_id, name) values (467, 'Jyderup');
insert into city(region_id, name) values (467, 'Kallundborg');
insert into city(region_id, name) values (467, 'Kalundborg');
insert into city(region_id, name) values (467, 'Kastrup');
insert into city(region_id, name) values (467, 'Korsr');
insert into city(region_id, name) values (467, 'rslev');
insert into city(region_id, name) values (467, 'Ringsted');
insert into city(region_id, name) values (467, 'Slagelse');
insert into city(region_id, name) values (467, 'Sor');
insert into city(region_id, name) values (467, 'Uglerup');
insert into city(region_id, name) values (489, 'Ариэль');
insert into city(region_id, name) values (489, 'Бнэй-Брак');
insert into city(region_id, name) values (489, 'Гэдера');
insert into city(region_id, name) values (489, 'Кфар Саба');
insert into city(region_id, name) values (489, 'Лод');
insert into city(region_id, name) values (489, 'Натания');
insert into city(region_id, name) values (489, 'Нэс-Циона');
insert into city(region_id, name) values (489, 'Од-а Шарон');
insert into city(region_id, name) values (489, 'Пэтах-Тиква');
insert into city(region_id, name) values (489, 'Раанана');
insert into city(region_id, name) values (489, 'Рамла');
insert into city(region_id, name) values (489, 'Реховот');
insert into city(region_id, name) values (489, 'Ришон-ЛеЦион');
insert into city(region_id, name) values (489, 'Рош-ха-Аин');
insert into city(region_id, name) values (489, 'Явне');
insert into city(region_id, name) values (496, 'Патна');
insert into city(region_id, name) values (517, 'Мосул');
insert into city(region_id, name) values (519, 'Кашан');
insert into city(region_id, name) values (530, 'Carlow');
insert into city(region_id, name) values (530, 'Muine Bheag');
insert into city(region_id, name) values (530, 'Tullow');
insert into region(id, country_id, name) values (556, 77, 'Arnessysla');
insert into region(id, country_id, name) values (557, 77, 'Austur-Hunavatnssysla');
insert into region(id, country_id, name) values (558, 77, 'Borgarfjardarsysla');
insert into region(id, country_id, name) values (559, 77, 'Eyjafjardarsysla');
insert into region(id, country_id, name) values (560, 77, 'Gullbringusysla');
insert into region(id, country_id, name) values (561, 77, 'Myrasysla');
insert into region(id, country_id, name) values (562, 77, 'None');
insert into region(id, country_id, name) values (563, 77, 'Nordur-Tingeyjarsysla');
insert into region(id, country_id, name) values (564, 77, 'Strandasysla');
insert into region(id, country_id, name) values (565, 77, 'Sudur-Mulasysla');
insert into region(id, country_id, name) values (566, 77, 'Vestur-Bardastrandarsysla');
insert into city(region_id, name) values (77, 'Андропов');
insert into city(region_id, name) values (77, 'Берендеево');
insert into city(region_id, name) values (77, 'Большое Село');
insert into city(region_id, name) values (77, 'Борисоглебский');
insert into city(region_id, name) values (77, 'Брейтово');
insert into city(region_id, name) values (77, 'Бурмакино');
insert into city(region_id, name) values (77, 'Варегово');
insert into city(region_id, name) values (77, 'Волга');
insert into city(region_id, name) values (77, 'Гаврилов Ям');
insert into city(region_id, name) values (77, 'Данилов');
insert into city(region_id, name) values (77, 'Любим');
insert into city(region_id, name) values (77, 'Мышкин');
insert into city(region_id, name) values (77, 'Некрасовское');
insert into city(region_id, name) values (77, 'Новый Некоуз');
insert into city(region_id, name) values (77, 'Переславль-Залесский');
insert into city(region_id, name) values (77, 'Пошехонье-Володарск');
insert into city(region_id, name) values (77, 'Ростов');
insert into city(region_id, name) values (77, 'Рыбинск');
insert into city(region_id, name) values (77, 'Тутаев');
insert into city(region_id, name) values (77, 'Углич');
insert into city(region_id, name) values (77, 'Ярославль');
insert into city(region_id, name) values (417, 'Alikarnasss');
insert into city(region_id, name) values (417, 'Erakleion');
insert into city(region_id, name) values (417, 'Govai');
insert into city(region_id, name) values (417, 'Herkleion');
insert into city(region_id, name) values (417, 'Heraklion');
insert into city(region_id, name) values (417, 'Iraclion');
insert into city(region_id, name) values (417, 'Irkleio');
insert into city(region_id, name) values (417, 'Irkleion');
insert into city(region_id, name) values (417, 'Irklion');
insert into city(region_id, name) values (417, 'Mores');
insert into city(region_id, name) values (468, 'Agerskov');
insert into city(region_id, name) values (468, 'lestrup');
insert into city(region_id, name) values (468, 'Balling');
insert into city(region_id, name) values (468, 'Bjerregrav');
insert into city(region_id, name) values (468, 'Bjerringbro');
insert into city(region_id, name) values (468, 'Bodum');
insert into city(region_id, name) values (468, 'Dover');
insert into city(region_id, name) values (468, 'Durup');
insert into city(region_id, name) values (468, 'Foulum');
insert into city(region_id, name) values (468, 'Frederiks');
insert into city(region_id, name) values (468, 'Frstrup');
insert into city(region_id, name) values (468, 'Glyngre');
insert into city(region_id, name) values (468, 'Grnhj');
insert into city(region_id, name) values (468, 'Hvidding');
insert into city(region_id, name) values (468, 'Jebjerg');
insert into city(region_id, name) values (468, 'Karup');
insert into city(region_id, name) values (468, 'Kjellerup');
insert into city(region_id, name) values (468, 'Lvskal');
insert into city(region_id, name) values (468, 'Nykbing');
insert into city(region_id, name) values (468, 'Nykbing Mors');
insert into city(region_id, name) values (468, 'Oddense');
insert into city(region_id, name) values (468, 'ster Assels');
insert into city(region_id, name) values (468, 'Ravnstrup');
insert into city(region_id, name) values (468, 'Simested');
insert into city(region_id, name) values (468, 'Sjrup');
insert into city(region_id, name) values (468, 'Skals');
insert into city(region_id, name) values (468, 'Skive');
insert into city(region_id, name) values (468, 'Solbjerg');
insert into city(region_id, name) values (468, 'Stoholm');
insert into city(region_id, name) values (468, 'Thisted');
insert into city(region_id, name) values (468, 'Tisted');
insert into city(region_id, name) values (468, 'Ulstrup');
insert into city(region_id, name) values (468, 'Vellev');
insert into city(region_id, name) values (468, 'Viborg');
insert into city(region_id, name) values (490, 'Акко');
insert into city(region_id, name) values (490, 'Акко (порт)');
insert into city(region_id, name) values (490, 'Афула');
insert into city(region_id, name) values (490, 'Кармиэль');
insert into city(region_id, name) values (490, 'Кацрин');
insert into city(region_id, name) values (490, 'Кирьят-Ата');
insert into city(region_id, name) values (490, 'Кирьят-Ата');
insert into city(region_id, name) values (490, 'Кирьят-Тивон');
insert into city(region_id, name) values (490, 'Кирьят-Шмона');
insert into city(region_id, name) values (490, 'Мигдаль аЭмек');
insert into city(region_id, name) values (490, 'Нагария');
insert into city(region_id, name) values (490, 'Нацэрэт');
insert into city(region_id, name) values (490, 'Сахнин');
insert into city(region_id, name) values (490, 'Тверия');
insert into city(region_id, name) values (490, 'Хадера');
insert into city(region_id, name) values (490, 'Хайфа');
insert into city(region_id, name) values (490, 'Цфат');
insert into city(region_id, name) values (497, 'Ахмадабад');
insert into city(region_id, name) values (497, 'Сурат');
insert into city(region_id, name) values (497, 'Сурендранагар');
insert into city(region_id, name) values (520, 'Хамадан');
insert into city(region_id, name) values (531, 'Bailieborough');
insert into city(region_id, name) values (531, 'Belturbet');
insert into city(region_id, name) values (531, 'Cavan');
insert into city(region_id, name) values (531, 'Cootehill');
insert into city(region_id, name) values (531, 'Kingscourt');
insert into city(region_id, name) values (556, 'Brfell');
insert into city(region_id, name) values (556, 'Selfoss');
insert into region(id, country_id, name) values (567, 78, 'A Corua');
insert into region(id, country_id, name) values (568, 78, 'lava');
insert into region(id, country_id, name) values (569, 78, 'Albacete');
insert into region(id, country_id, name) values (570, 78, 'Alicante/Alacant');
insert into region(id, country_id, name) values (571, 78, 'Almera');
insert into region(id, country_id, name) values (572, 78, 'Asturias');
insert into region(id, country_id, name) values (573, 78, 'vila');
insert into region(id, country_id, name) values (574, 78, 'Badajoz');
insert into region(id, country_id, name) values (575, 78, 'Barcelona');
insert into region(id, country_id, name) values (576, 78, 'Burgos');
insert into region(id, country_id, name) values (577, 78, 'Cceres');
insert into region(id, country_id, name) values (578, 78, 'Cdiz');
insert into region(id, country_id, name) values (579, 78, 'Cantabria');
insert into region(id, country_id, name) values (580, 78, 'Castelln/Castell');
insert into region(id, country_id, name) values (581, 78, 'Ceuta');
insert into region(id, country_id, name) values (582, 78, 'Ciudad Real');
insert into region(id, country_id, name) values (583, 78, 'Crdoba');
insert into region(id, country_id, name) values (584, 78, 'Cuenca');
insert into region(id, country_id, name) values (585, 78, 'Girona');
insert into region(id, country_id, name) values (586, 78, 'Granada');
insert into region(id, country_id, name) values (587, 78, 'Guadalajara');
insert into region(id, country_id, name) values (588, 78, 'Guipzcoa');
insert into region(id, country_id, name) values (589, 78, 'Huelva');
insert into region(id, country_id, name) values (590, 78, 'Huesca');
insert into region(id, country_id, name) values (591, 78, 'Illes Balears');
insert into region(id, country_id, name) values (592, 78, 'Jan');
insert into region(id, country_id, name) values (593, 78, 'La Rioja');
insert into region(id, country_id, name) values (594, 78, 'Las Palmas');
insert into region(id, country_id, name) values (595, 78, 'Len');
insert into region(id, country_id, name) values (596, 78, 'Lleida');
insert into region(id, country_id, name) values (597, 78, 'Lugo');
insert into region(id, country_id, name) values (598, 78, 'Madrid');
insert into region(id, country_id, name) values (599, 78, 'Mlaga');
insert into region(id, country_id, name) values (600, 78, 'Melilla');
insert into region(id, country_id, name) values (601, 78, 'Murcia');
insert into region(id, country_id, name) values (602, 78, 'Navarra');
insert into region(id, country_id, name) values (603, 78, 'Ourense');
insert into region(id, country_id, name) values (604, 78, 'Palencia');
insert into region(id, country_id, name) values (605, 78, 'Pontevedra');
insert into region(id, country_id, name) values (606, 78, 'Salamanca');
insert into region(id, country_id, name) values (607, 78, 'Santa Cruz de Tenerife');
insert into region(id, country_id, name) values (608, 78, 'Segovia');
insert into region(id, country_id, name) values (609, 78, 'Sevilla');
insert into region(id, country_id, name) values (610, 78, 'Soria');
insert into region(id, country_id, name) values (611, 78, 'Tarragona');
insert into region(id, country_id, name) values (612, 78, 'Teruel');
insert into region(id, country_id, name) values (613, 78, 'Toledo');
insert into region(id, country_id, name) values (614, 78, 'Valncia');
insert into region(id, country_id, name) values (615, 78, 'Valladolid');
insert into region(id, country_id, name) values (616, 78, 'Vizcaya');
insert into region(id, country_id, name) values (617, 78, 'Zamora');
insert into region(id, country_id, name) values (618, 78, 'Zaragoza');
insert into city(region_id, name) values (78, 'Черкесск');
insert into city(region_id, name) values (418, 'Kardtsa');
insert into city(region_id, name) values (418, 'Kotsouron');
insert into city(region_id, name) values (498, 'Ранчи');
insert into city(region_id, name) values (498, 'Сринагар');
insert into city(region_id, name) values (498, 'Ямму');
insert into city(region_id, name) values (498, 'Ямшедпур');
insert into city(region_id, name) values (521, 'Санандай');
insert into city(region_id, name) values (532, 'Ennis');
insert into city(region_id, name) values (532, 'Shannon');
insert into city(region_id, name) values (557, 'Hof');
insert into city(region_id, name) values (567, 'A Baa');
insert into city(region_id, name) values (567, 'A Barqueira');
insert into city(region_id, name) values (567, 'A Brea');
insert into city(region_id, name) values (567, 'A Corua');
insert into city(region_id, name) values (567, 'A Via');
insert into city(region_id, name) values (567, 'Carballo');
insert into city(region_id, name) values (567, 'Cario');
insert into city(region_id, name) values (567, 'Ferrol');
insert into city(region_id, name) values (567, 'Padrn');
insert into city(region_id, name) values (567, 'Rois');
insert into city(region_id, name) values (567, 'San Marcos');
insert into city(region_id, name) values (567, 'Santiago de Compostela');
insert into city(region_id, name) values (567, 'Vigo');
insert into city(region_id, name) values (567, 'Vimianzo');
insert into region(id, country_id, name) values (619, 79, 'Abruzzo - Chieti');
insert into region(id, country_id, name) values (620, 79, 'Abruzzo - LAquila');
insert into region(id, country_id, name) values (621, 79, 'Abruzzo - Pescara');
insert into region(id, country_id, name) values (622, 79, 'Abruzzo - Teramo');
insert into region(id, country_id, name) values (623, 79, 'Basilicata - Matera');
insert into region(id, country_id, name) values (624, 79, 'Basilicata - Potenza');
insert into region(id, country_id, name) values (625, 79, 'Calabria - Catanzaro');
insert into region(id, country_id, name) values (626, 79, 'Calabria - Cosenza');
insert into region(id, country_id, name) values (627, 79, 'Calabria - Crotone');
insert into region(id, country_id, name) values (628, 79, 'Calabria - Reggio Calabria');
insert into region(id, country_id, name) values (629, 79, 'Calabria - Vibo Valentia');
insert into region(id, country_id, name) values (630, 79, 'Campania - Avellino');
insert into region(id, country_id, name) values (631, 79, 'Campania - Benevento');
insert into region(id, country_id, name) values (632, 79, 'Campania - Caserta');
insert into region(id, country_id, name) values (633, 79, 'Campania - Napoli');
insert into region(id, country_id, name) values (634, 79, 'Campania - Salerno');
insert into region(id, country_id, name) values (635, 79, 'Emilia Romagna - Bologna');
insert into region(id, country_id, name) values (636, 79, 'Emilia Romagna - Ferrara');
insert into region(id, country_id, name) values (637, 79, 'Emilia Romagna - Forl-Cesena');
insert into region(id, country_id, name) values (638, 79, 'Emilia Romagna - Modena');
insert into region(id, country_id, name) values (639, 79, 'Emilia Romagna - Parma');
insert into region(id, country_id, name) values (640, 79, 'Emilia Romagna - Piacenza');
insert into region(id, country_id, name) values (641, 79, 'Emilia Romagna - Ravenna');
insert into region(id, country_id, name) values (642, 79, 'Emilia Romagna - Reggio Emilia');
insert into region(id, country_id, name) values (643, 79, 'Emilia Romagna - Rimini');
insert into region(id, country_id, name) values (644, 79, 'Friuli Venezia Giulia - Gorizia');
insert into region(id, country_id, name) values (645, 79, 'Friuli Venezia Giulia - Pordenone');
insert into region(id, country_id, name) values (646, 79, 'Friuli Venezia Giulia - Trieste');
insert into region(id, country_id, name) values (647, 79, 'Friuli Venezia Giulia - Udine');
insert into region(id, country_id, name) values (648, 79, 'Lazio - Frosinone');
insert into region(id, country_id, name) values (649, 79, 'Lazio - Latina');
insert into region(id, country_id, name) values (650, 79, 'Lazio - Rieti');
insert into region(id, country_id, name) values (651, 79, 'Lazio - Roma');
insert into region(id, country_id, name) values (652, 79, 'Lazio - Viterbo');
insert into region(id, country_id, name) values (653, 79, 'Liguria - Genova');
insert into region(id, country_id, name) values (654, 79, 'Liguria - Imperia');
insert into region(id, country_id, name) values (655, 79, 'Liguria - La Spezia');
insert into region(id, country_id, name) values (656, 79, 'Liguria - Savona');
insert into region(id, country_id, name) values (657, 79, 'Lombardia - Bergamo');
insert into region(id, country_id, name) values (658, 79, 'Lombardia - Brescia');
insert into region(id, country_id, name) values (659, 79, 'Lombardia - Como');
insert into region(id, country_id, name) values (660, 79, 'Lombardia - Cremona');
insert into region(id, country_id, name) values (661, 79, 'Lombardia - Lecco');
insert into region(id, country_id, name) values (662, 79, 'Lombardia - Lodi');
insert into region(id, country_id, name) values (663, 79, 'Lombardia - Mantova');
insert into region(id, country_id, name) values (664, 79, 'Lombardia - Milano');
insert into region(id, country_id, name) values (665, 79, 'Lombardia - Pavia');
insert into region(id, country_id, name) values (666, 79, 'Lombardia - Sondrio');
insert into region(id, country_id, name) values (667, 79, 'Lombardia - Varese');
insert into region(id, country_id, name) values (668, 79, 'Marche - Ancona');
insert into region(id, country_id, name) values (669, 79, 'Marche - Ascoli Piceno');
insert into region(id, country_id, name) values (670, 79, 'Marche - Macerata');
insert into region(id, country_id, name) values (671, 79, 'Marche - Pesaro - Urbino');
insert into region(id, country_id, name) values (672, 79, 'Molise - Campobasso');
insert into region(id, country_id, name) values (673, 79, 'Molise - Isernia');
insert into region(id, country_id, name) values (674, 79, 'Piemonte - Alessandria');
insert into region(id, country_id, name) values (675, 79, 'Piemonte - Biella');
insert into region(id, country_id, name) values (676, 79, 'Piemonte - Cuneo');
insert into region(id, country_id, name) values (677, 79, 'Piemonte - Novara');
insert into region(id, country_id, name) values (678, 79, 'Piemonte - Torino');
insert into region(id, country_id, name) values (679, 79, 'Piemonte - Verbania');
insert into region(id, country_id, name) values (680, 79, 'Piemonte - Vercelli');
insert into region(id, country_id, name) values (681, 79, 'Puglia - Bari');
insert into region(id, country_id, name) values (682, 79, 'Puglia - Brindisi');
insert into region(id, country_id, name) values (683, 79, 'Puglia - Foggia');
insert into region(id, country_id, name) values (684, 79, 'Puglia - Lecce');
insert into region(id, country_id, name) values (685, 79, 'Puglia - Taranto');
insert into region(id, country_id, name) values (686, 79, 'Sardegna - Cagliari');
insert into region(id, country_id, name) values (687, 79, 'Sardegna - Nuoro');
insert into region(id, country_id, name) values (688, 79, 'Sardegna - Oristano');
insert into region(id, country_id, name) values (689, 79, 'Sardegna - Sassari');
insert into region(id, country_id, name) values (690, 79, 'Sicilia - Agrigento');
insert into region(id, country_id, name) values (691, 79, 'Sicilia - Catania');
insert into region(id, country_id, name) values (692, 79, 'Sicilia - Messina');
insert into region(id, country_id, name) values (693, 79, 'Sicilia - Palermo');
insert into region(id, country_id, name) values (694, 79, 'Sicilia - Ragusa');
insert into region(id, country_id, name) values (695, 79, 'Sicilia - Siracusa');
insert into region(id, country_id, name) values (696, 79, 'Sicilia - Trapani');
insert into region(id, country_id, name) values (697, 79, 'Toscana - Arezzo');
insert into region(id, country_id, name) values (698, 79, 'Toscana - Firenze');
insert into region(id, country_id, name) values (699, 79, 'Toscana - Grosseto');
insert into region(id, country_id, name) values (700, 79, 'Toscana - Livorno');
insert into region(id, country_id, name) values (701, 79, 'Toscana - Lucca');
insert into region(id, country_id, name) values (702, 79, 'Toscana - Massa Carrara');
insert into region(id, country_id, name) values (703, 79, 'Toscana - Pisa');
insert into region(id, country_id, name) values (704, 79, 'Toscana - Pistoia');
insert into region(id, country_id, name) values (705, 79, 'Toscana - Prato');
insert into region(id, country_id, name) values (706, 79, 'Toscana - Siena');
insert into region(id, country_id, name) values (707, 79, 'Trentino Alto Adige - Bolzano');
insert into region(id, country_id, name) values (708, 79, 'Trentino Alto Adige - Trento');
insert into region(id, country_id, name) values (709, 79, 'Umbria - Perugia');
insert into region(id, country_id, name) values (710, 79, 'Umbria - Terni');
insert into region(id, country_id, name) values (711, 79, 'Valle dAosta - Aosta');
insert into region(id, country_id, name) values (712, 79, 'Veneto - Belluno');
insert into region(id, country_id, name) values (713, 79, 'Veneto - Padova');
insert into region(id, country_id, name) values (714, 79, 'Veneto - Rovigo');
insert into region(id, country_id, name) values (715, 79, 'Veneto - Treviso');
insert into region(id, country_id, name) values (716, 79, 'Veneto - Venezia');
insert into region(id, country_id, name) values (717, 79, 'Veneto - Verona');
insert into region(id, country_id, name) values (718, 79, 'Veneto - Vicenza');
insert into city(region_id, name) values (419, 'Aga nna');
insert into city(region_id, name) values (419, 'Fteli');
insert into city(region_id, name) values (419, 'Kastori');
insert into city(region_id, name) values (419, 'Nki');
insert into city(region_id, name) values (499, 'Бангалор');
insert into city(region_id, name) values (499, 'Бомбей');
insert into city(region_id, name) values (499, 'Дели');
insert into city(region_id, name) values (499, 'Калькутта');
insert into city(region_id, name) values (499, 'Мадрас');
insert into city(region_id, name) values (499, 'Пуна');
insert into city(region_id, name) values (499, 'Хайдарабад');
insert into city(region_id, name) values (522, 'Иезд');
insert into city(region_id, name) values (533, 'Bandon');
insert into city(region_id, name) values (533, 'Bantry');
insert into city(region_id, name) values (533, 'Blarney');
insert into city(region_id, name) values (533, 'Clonakilty');
insert into city(region_id, name) values (533, 'Cork');
insert into city(region_id, name) values (533, 'Dunmanway');
insert into city(region_id, name) values (533, 'Fermoy');
insert into city(region_id, name) values (533, 'Kinsale');
insert into city(region_id, name) values (533, 'Mallow');
insert into city(region_id, name) values (533, 'Midleton');
insert into city(region_id, name) values (533, 'Mitchelstown');
insert into city(region_id, name) values (533, 'Skibbereen');
insert into city(region_id, name) values (533, 'Youghal');
insert into city(region_id, name) values (558, 'Akranes');
insert into city(region_id, name) values (568, 'Abechuco');
insert into city(region_id, name) values (568, 'Llodio');
insert into city(region_id, name) values (568, 'Salvatierra');
insert into city(region_id, name) values (568, 'Viloria');
insert into city(region_id, name) values (568, 'Vitoria');
insert into city(region_id, name) values (619, 'Altino');
insert into city(region_id, name) values (619, 'Archi');
insert into city(region_id, name) values (619, 'Ari');
insert into city(region_id, name) values (619, 'Atessa');
insert into city(region_id, name) values (619, 'Borrello');
insert into city(region_id, name) values (619, 'Casalincontrada');
insert into city(region_id, name) values (619, 'Casoli');
insert into city(region_id, name) values (619, 'Chieti');
insert into city(region_id, name) values (619, 'Lanciano');
insert into city(region_id, name) values (619, 'Rosello');
insert into city(region_id, name) values (619, 'San Buono');
insert into city(region_id, name) values (619, 'San Salvo');
insert into city(region_id, name) values (619, 'Vasto');
insert into region(id, country_id, name) values (719, 80, 'Йемен');
insert into city(region_id, name) values (420, 'Agasma');
insert into city(region_id, name) values (420, 'Cavalla');
insert into city(region_id, name) values (420, 'Chrysopoli');
insert into city(region_id, name) values (420, 'Kaballa');
insert into city(region_id, name) values (420, 'Kalvai');
insert into city(region_id, name) values (420, 'Kavla');
insert into city(region_id, name) values (420, 'Kavlla');
insert into city(region_id, name) values (420, 'Na Pramos');
insert into city(region_id, name) values (420, 'Thsos');
insert into city(region_id, name) values (500, 'Кожикод');
insert into city(region_id, name) values (500, 'Коттэйам');
insert into city(region_id, name) values (523, 'Керман');
insert into city(region_id, name) values (534, 'Ballybofey');
insert into city(region_id, name) values (534, 'Ballyshannon');
insert into city(region_id, name) values (534, 'Buncrana');
insert into city(region_id, name) values (534, 'Carndonagh');
insert into city(region_id, name) values (534, 'Donegal');
insert into city(region_id, name) values (534, 'Killybegs');
insert into city(region_id, name) values (534, 'Letterkenny');
insert into city(region_id, name) values (534, 'Lifford');
insert into city(region_id, name) values (559, 'Akureyri');
insert into city(region_id, name) values (559, 'Migarar');
insert into city(region_id, name) values (569, 'Aguas Nuevas');
insert into city(region_id, name) values (569, 'Albacete');
insert into city(region_id, name) values (569, 'Almansa');
insert into city(region_id, name) values (569, 'Helln');
insert into city(region_id, name) values (569, 'Turilla');
insert into city(region_id, name) values (569, 'Villamalea');
insert into city(region_id, name) values (569, 'Villarrobledo');
insert into city(region_id, name) values (620, 'Avezzano');
insert into city(region_id, name) values (620, 'Canistro');
insert into city(region_id, name) values (620, 'Celano');
insert into city(region_id, name) values (620, 'LAquila');
insert into city(region_id, name) values (719, 'Аден');
insert into city(region_id, name) values (719, 'Сана');
insert into region(id, country_id, name) values (720, 81, 'Кабо-Верде');
insert into city(region_id, name) values (421, 'Argostli');
insert into city(region_id, name) values (421, 'Argostlion');
insert into city(region_id, name) values (501, 'Бхопал');
insert into city(region_id, name) values (501, 'Мау');
insert into city(region_id, name) values (524, 'Керманшах');
insert into city(region_id, name) values (535, 'Balbriggan');
insert into city(region_id, name) values (535, 'Dublin');
insert into city(region_id, name) values (535, 'Dun Laoghaire');
insert into city(region_id, name) values (535, 'Lucan');
insert into city(region_id, name) values (535, 'Lusk');
insert into city(region_id, name) values (535, 'Malahide');
insert into city(region_id, name) values (535, 'Newcastle');
insert into city(region_id, name) values (535, 'Portmarnock');
insert into city(region_id, name) values (535, 'Rush');
insert into city(region_id, name) values (535, 'Skerries');
insert into city(region_id, name) values (535, 'Swords');
insert into city(region_id, name) values (560, 'Kpavogur');
insert into city(region_id, name) values (560, 'Reykjavk');
insert into city(region_id, name) values (570, 'Abio');
insert into city(region_id, name) values (570, 'Agost');
insert into city(region_id, name) values (570, 'Agres');
insert into city(region_id, name) values (570, 'Albatera');
insert into city(region_id, name) values (570, 'Albir');
insert into city(region_id, name) values (570, 'Alborada');
insert into city(region_id, name) values (570, 'Albufereta');
insert into city(region_id, name) values (570, 'Alcoy');
insert into city(region_id, name) values (570, 'Alicante');
insert into city(region_id, name) values (570, 'Almorad');
insert into city(region_id, name) values (570, 'Altabix');
insert into city(region_id, name) values (570, 'Altea');
insert into city(region_id, name) values (570, 'Aspe');
insert into city(region_id, name) values (570, 'Benejzar');
insert into city(region_id, name) values (570, 'Benidorm');
insert into city(region_id, name) values (570, 'Benitachell');
insert into city(region_id, name) values (570, 'Calpe');
insert into city(region_id, name) values (570, 'Casas del Seor');
insert into city(region_id, name) values (570, 'Castalla');
insert into city(region_id, name) values (570, 'Dnia');
insert into city(region_id, name) values (570, 'Dolores');
insert into city(region_id, name) values (570, 'Elche');
insert into city(region_id, name) values (570, 'Elda');
insert into city(region_id, name) values (570, 'Guardamar del Segura');
insert into city(region_id, name) values (570, 'Jvea');
insert into city(region_id, name) values (570, 'La Zenia');
insert into city(region_id, name) values (570, 'Los Montesinos');
insert into city(region_id, name) values (570, 'Ondara');
insert into city(region_id, name) values (570, 'Onil');
insert into city(region_id, name) values (570, 'Orihuela');
insert into city(region_id, name) values (570, 'Pilar de la Horadada');
insert into city(region_id, name) values (570, 'San Juan de Alicante');
insert into city(region_id, name) values (570, 'Santa Pola');
insert into city(region_id, name) values (570, 'Torrevieja');
insert into city(region_id, name) values (621, 'Abbateggio');
insert into city(region_id, name) values (621, 'Citt SantAngelo');
insert into city(region_id, name) values (621, 'Cugnoli');
insert into city(region_id, name) values (621, 'Loreto Aprutino');
insert into city(region_id, name) values (621, 'Montesilvano');
insert into city(region_id, name) values (621, 'Penne');
insert into city(region_id, name) values (621, 'Pescara');
insert into city(region_id, name) values (621, 'Pianella');
insert into city(region_id, name) values (720, 'Прая');
insert into region(id, country_id, name) values (721, 82, 'Акмолинская обл. (Целиноградская обл.)');
insert into region(id, country_id, name) values (722, 82, 'Актюбинская обл.');
insert into region(id, country_id, name) values (723, 82, 'Алма-Атинская обл.');
insert into region(id, country_id, name) values (724, 82, 'Восточно-Казахстанская обл.');
insert into region(id, country_id, name) values (725, 82, 'Гурьевская обл.');
insert into region(id, country_id, name) values (726, 82, 'Джезказганская обл.');
insert into region(id, country_id, name) values (727, 82, 'Жамбылская обл. (Джамбулская обл.)');
insert into region(id, country_id, name) values (728, 82, 'Западно-Казахстанская обл.');
insert into region(id, country_id, name) values (729, 82, 'Казахстан');
insert into region(id, country_id, name) values (730, 82, 'Карагандинская обл.');
insert into region(id, country_id, name) values (731, 82, 'Кзылординская обл.');
insert into region(id, country_id, name) values (732, 82, 'Кокчетавская обл.');
insert into region(id, country_id, name) values (733, 82, 'Кустанайская обл.');
insert into region(id, country_id, name) values (734, 82, 'Мангыстауская (Мангышлакская обл.)');
insert into region(id, country_id, name) values (735, 82, 'Павлодарская обл.');
insert into region(id, country_id, name) values (736, 82, 'Северо-Казахстанская обл.');
insert into region(id, country_id, name) values (737, 82, 'Талды-Курганская обл.');
insert into region(id, country_id, name) values (738, 82, 'Тургайская обл.');
insert into region(id, country_id, name) values (739, 82, 'Чимкентская обл.');
insert into city(region_id, name) values (422, 'Achlleion');
insert into city(region_id, name) values (422, 'fra');
insert into city(region_id, name) values (422, 'Athinio');
insert into city(region_id, name) values (422, 'Corfu');
insert into city(region_id, name) values (422, 'Krkira');
insert into city(region_id, name) values (422, 'Krkyra');
insert into city(region_id, name) values (422, 'Korfu');
insert into city(region_id, name) values (502, 'Имфал');
insert into city(region_id, name) values (525, 'Бабол');
insert into city(region_id, name) values (525, 'Сари');
insert into city(region_id, name) values (536, 'Athenry');
insert into city(region_id, name) values (536, 'Ballinasloe');
insert into city(region_id, name) values (536, 'Galway');
insert into city(region_id, name) values (536, 'Gort');
insert into city(region_id, name) values (536, 'Oranmore');
insert into city(region_id, name) values (536, 'Tuam');
insert into city(region_id, name) values (561, 'Alttanes');
insert into city(region_id, name) values (571, 'Adra');
insert into city(region_id, name) values (571, 'Aguadulce');
insert into city(region_id, name) values (571, 'Albox');
insert into city(region_id, name) values (571, 'Alcaudique');
insert into city(region_id, name) values (571, 'Alhama de Almera');
insert into city(region_id, name) values (571, 'Almera');
insert into city(region_id, name) values (571, 'Almerimar');
insert into city(region_id, name) values (571, 'Arboleas');
insert into city(region_id, name) values (571, 'Balanegra');
insert into city(region_id, name) values (571, 'Balerma');
insert into city(region_id, name) values (571, 'Campohermoso');
insert into city(region_id, name) values (571, 'Cuevas de Almanzora');
insert into city(region_id, name) values (571, 'El Alquian');
insert into city(region_id, name) values (571, 'El Cabo de Gata');
insert into city(region_id, name) values (571, 'El Ejido');
insert into city(region_id, name) values (571, 'El Parador');
insert into city(region_id, name) values (571, 'Garrucha');
insert into city(region_id, name) values (571, 'La Caada de San Urbano');
insert into city(region_id, name) values (571, 'Mojcar');
insert into city(region_id, name) values (571, 'Olula del Ro');
insert into city(region_id, name) values (571, 'Roquetas de Mar');
insert into city(region_id, name) values (571, 'San Isidro de Njar');
insert into city(region_id, name) values (571, 'Vera');
insert into city(region_id, name) values (571, 'Vcar');
insert into city(region_id, name) values (622, 'Alba Adriatica');
insert into city(region_id, name) values (622, 'Ancarano');
insert into city(region_id, name) values (622, 'Bellante');
insert into city(region_id, name) values (622, 'Castellalto');
insert into city(region_id, name) values (622, 'Giulianova');
insert into city(region_id, name) values (622, 'Martinsicuro');
insert into city(region_id, name) values (622, 'Montefino');
insert into city(region_id, name) values (622, 'Nereto');
insert into city(region_id, name) values (622, 'Silvi');
insert into city(region_id, name) values (622, 'Teramo');
insert into city(region_id, name) values (622, 'Tortoreto');
insert into city(region_id, name) values (721, 'Акбеит');
insert into city(region_id, name) values (721, 'Аксу');
insert into city(region_id, name) values (721, 'Алексеевка');
insert into city(region_id, name) values (721, 'Астана');
insert into city(region_id, name) values (721, 'Астраханка');
insert into city(region_id, name) values (721, 'Атбасар');
insert into city(region_id, name) values (721, 'Балкашино');
insert into city(region_id, name) values (721, 'Бестобе');
insert into city(region_id, name) values (721, 'Вишневка');
insert into city(region_id, name) values (721, 'Ерментау');
insert into city(region_id, name) values (721, 'Жалтыр');
insert into city(region_id, name) values (721, 'Жолымбет');
insert into city(region_id, name) values (721, 'Кургальджинский');
insert into city(region_id, name) values (721, 'Макинск');
insert into city(region_id, name) values (721, 'Степногорск');
insert into city(region_id, name) values (721, 'Шортанды');
insert into region(id, country_id, name) values (740, 83, 'Камбоджа');
insert into city(region_id, name) values (423, 'Arnaa');
insert into city(region_id, name) values (423, 'Dfni');
insert into city(region_id, name) values (423, 'Hierissos');
insert into city(region_id, name) values (423, 'Laringvi');
insert into city(region_id, name) values (423, 'Pilyiros');
insert into city(region_id, name) values (423, 'Polyiros');
insert into city(region_id, name) values (423, 'Polgyros');
insert into city(region_id, name) values (503, 'Акола');
insert into city(region_id, name) values (503, 'Ахмаднагар');
insert into city(region_id, name) values (503, 'Вардха');
insert into city(region_id, name) values (503, 'Колхапур');
insert into city(region_id, name) values (503, 'Нагпур');
insert into city(region_id, name) values (503, 'Тана');
insert into city(region_id, name) values (526, 'Тегеран');
insert into city(region_id, name) values (537, 'Ballybunion');
insert into city(region_id, name) values (537, 'Dingle');
insert into city(region_id, name) values (537, 'Killarney');
insert into city(region_id, name) values (537, 'Killorglin');
insert into city(region_id, name) values (537, 'Listowel');
insert into city(region_id, name) values (537, 'Tralee');
insert into city(region_id, name) values (562, 'br');
insert into city(region_id, name) values (562, 'gur');
insert into city(region_id, name) values (572, 'Armada');
insert into city(region_id, name) values (572, 'Avils');
insert into city(region_id, name) values (572, 'Cedemonio');
insert into city(region_id, name) values (572, 'Gijn');
insert into city(region_id, name) values (572, 'Luanco');
insert into city(region_id, name) values (572, 'Lugones');
insert into city(region_id, name) values (572, 'Mieres');
insert into city(region_id, name) values (572, 'Oviedo');
insert into city(region_id, name) values (572, 'Pravia');
insert into city(region_id, name) values (572, 'Villaviciosa');
insert into city(region_id, name) values (623, 'Colobraro');
insert into city(region_id, name) values (623, 'Ferrandina');
insert into city(region_id, name) values (623, 'Matera');
insert into city(region_id, name) values (623, 'Policoro');
insert into city(region_id, name) values (623, 'Salandra');
insert into city(region_id, name) values (722, 'Актобе (Актюбинск)');
insert into city(region_id, name) values (722, 'Акшам');
insert into city(region_id, name) values (722, 'Алга');
insert into city(region_id, name) values (722, 'Байганин');
insert into city(region_id, name) values (722, 'Батамшинский');
insert into city(region_id, name) values (722, 'Иргиз');
insert into city(region_id, name) values (722, 'Карабутак');
insert into city(region_id, name) values (722, 'Мартук');
insert into city(region_id, name) values (722, 'Новоалексеевка');
insert into city(region_id, name) values (722, 'Октябрьск');
insert into city(region_id, name) values (722, 'Уил');
insert into city(region_id, name) values (722, 'Хромтау');
insert into city(region_id, name) values (722, 'Челкар');
insert into city(region_id, name) values (722, 'Шубаркудук');
insert into city(region_id, name) values (722, 'Эмба');
insert into city(region_id, name) values (740, 'Пномпень');
insert into region(id, country_id, name) values (741, 84, 'Littoral');
insert into region(id, country_id, name) values (742, 84, 'Sudouest');
insert into region(id, country_id, name) values (743, 84, 'Северная');
insert into region(id, country_id, name) values (744, 84, 'Центральная');
insert into city(region_id, name) values (424, 'Canea');
insert into city(region_id, name) values (424, 'Chani');
insert into city(region_id, name) values (424, 'Khani');
insert into city(region_id, name) values (424, 'Kssamos');
insert into city(region_id, name) values (424, 'Loutr');
insert into city(region_id, name) values (424, 'Palaiochra');
insert into city(region_id, name) values (424, 'Sphinari');
insert into city(region_id, name) values (504, 'Пури');
insert into city(region_id, name) values (504, 'Рауркела');
insert into city(region_id, name) values (527, 'Абадан');
insert into city(region_id, name) values (527, 'Шираз');
insert into city(region_id, name) values (538, 'Athy');
insert into city(region_id, name) values (538, 'Celbridge');
insert into city(region_id, name) values (538, 'Clane');
insert into city(region_id, name) values (538, 'Kilcullen');
insert into city(region_id, name) values (538, 'Kildare');
insert into city(region_id, name) values (538, 'Leixlip');
insert into city(region_id, name) values (538, 'Maynooth');
insert into city(region_id, name) values (538, 'Naas');
insert into city(region_id, name) values (538, 'Newbridge');
insert into city(region_id, name) values (563, 'Saudhanes');
insert into city(region_id, name) values (573, 'vila');
insert into city(region_id, name) values (573, 'El Tiemblo');
insert into city(region_id, name) values (624, 'Baragiano');
insert into city(region_id, name) values (624, 'Bella');
insert into city(region_id, name) values (624, 'Calvera');
insert into city(region_id, name) values (624, 'Maratea');
insert into city(region_id, name) values (624, 'Melfi');
insert into city(region_id, name) values (624, 'Potenza');
insert into city(region_id, name) values (624, 'Rapolla');
insert into city(region_id, name) values (624, 'SantArcangelo');
insert into city(region_id, name) values (624, 'Venosa');
insert into city(region_id, name) values (723, 'Алматы (Алма-Ата)');
insert into city(region_id, name) values (723, 'Баканас');
insert into city(region_id, name) values (723, 'Бурундай');
insert into city(region_id, name) values (723, 'Иссык');
insert into city(region_id, name) values (723, 'Капчагай');
insert into city(region_id, name) values (723, 'Каскелен');
insert into city(region_id, name) values (723, 'Нарынкол');
insert into city(region_id, name) values (723, 'Талгар');
insert into city(region_id, name) values (723, 'Узунагач');
insert into city(region_id, name) values (723, 'Чилик');
insert into city(region_id, name) values (723, 'Чунджа');
insert into city(region_id, name) values (741, 'Дуала');
insert into region(id, country_id, name) values (745, 85, 'Alberta');
insert into region(id, country_id, name) values (746, 85, 'British Columbia');
insert into region(id, country_id, name) values (747, 85, 'Manitoba');
insert into region(id, country_id, name) values (748, 85, 'New Brunswick');
insert into region(id, country_id, name) values (749, 85, 'Newfoundland');
insert into region(id, country_id, name) values (750, 85, 'Northwest Territories');
insert into region(id, country_id, name) values (751, 85, 'Nova Scotia');
insert into region(id, country_id, name) values (752, 85, 'Nunavut');
insert into region(id, country_id, name) values (753, 85, 'Ontario');
insert into region(id, country_id, name) values (754, 85, 'Prince Edward Island');
insert into region(id, country_id, name) values (755, 85, 'Quebec');
insert into region(id, country_id, name) values (756, 85, 'Saskatchewan');
insert into region(id, country_id, name) values (757, 85, 'Yukon Territory');
insert into city(region_id, name) values (425, 'Afrodsia');
insert into city(region_id, name) values (425, 'Chalkein');
insert into city(region_id, name) values (425, 'Hios');
insert into city(region_id, name) values (425, 'Karfs');
insert into city(region_id, name) values (425, 'Karia');
insert into city(region_id, name) values (505, 'Амритсар');
insert into city(region_id, name) values (505, 'Лудхиана');
insert into city(region_id, name) values (528, 'Бендер-Аббас');
insert into city(region_id, name) values (539, 'Kilkenny');
insert into city(region_id, name) values (564, 'rnes');
insert into city(region_id, name) values (564, 'Norurfjrur');
insert into city(region_id, name) values (564, 'Reykjarnes');
insert into city(region_id, name) values (574, 'Almendralejo');
insert into city(region_id, name) values (574, 'Badajoz');
insert into city(region_id, name) values (574, 'Don Benito');
insert into city(region_id, name) values (574, 'Mrida');
insert into city(region_id, name) values (574, 'Talarrubias');
insert into city(region_id, name) values (625, 'Amaroni');
insert into city(region_id, name) values (625, 'Catanzaro');
insert into city(region_id, name) values (625, 'Jacurso');
insert into city(region_id, name) values (625, 'Lamezia Terme');
insert into city(region_id, name) values (625, 'Satriano');
insert into city(region_id, name) values (625, 'Soverato');
insert into city(region_id, name) values (625, 'Taverna');
insert into city(region_id, name) values (724, 'Акжар');
insert into city(region_id, name) values (724, 'Аксуат');
insert into city(region_id, name) values (724, 'Асубулак');
insert into city(region_id, name) values (724, 'Ауэзов');
insert into city(region_id, name) values (724, 'Аягуз');
insert into city(region_id, name) values (724, 'Баршатас');
insert into city(region_id, name) values (724, 'Белогорский');
insert into city(region_id, name) values (724, 'Боко');
insert into city(region_id, name) values (724, 'Большая Владимировка');
insert into city(region_id, name) values (724, 'Бородулиха');
insert into city(region_id, name) values (724, 'Верхнеберезовский');
insert into city(region_id, name) values (724, 'Георгиевка');
insert into city(region_id, name) values (724, 'Глубокое');
insert into city(region_id, name) values (724, 'Жангизтобе');
insert into city(region_id, name) values (724, 'Жарма');
insert into city(region_id, name) values (724, 'Жезкент');
insert into city(region_id, name) values (724, 'Зайсан');
insert into city(region_id, name) values (724, 'Зыряновск');
insert into city(region_id, name) values (724, 'Катон-Карагай');
insert into city(region_id, name) values (724, 'Кокпекты');
insert into city(region_id, name) values (724, 'Курчум');
insert into city(region_id, name) values (724, 'Маканчи');
insert into city(region_id, name) values (724, 'Новая Шульба');
insert into city(region_id, name) values (724, 'Риддер (Лениногорск)');
insert into city(region_id, name) values (724, 'Самарское');
insert into city(region_id, name) values (724, 'Семипалатинск');
insert into city(region_id, name) values (724, 'Серебрянск');
insert into city(region_id, name) values (724, 'Таскескен');
insert into city(region_id, name) values (724, 'Урджар');
insert into city(region_id, name) values (724, 'Усть-Каменогорск');
insert into city(region_id, name) values (724, 'Чарск');
insert into city(region_id, name) values (724, 'Шемонаиха');
insert into city(region_id, name) values (724, 'Шульбинск');
insert into city(region_id, name) values (742, 'Виктория');
insert into city(region_id, name) values (745, 'Abee');
insert into city(region_id, name) values (745, 'Acadia Valley');
insert into city(region_id, name) values (745, 'Acme');
insert into city(region_id, name) values (745, 'Aden');
insert into city(region_id, name) values (745, 'Airdrie');
insert into city(region_id, name) values (745, 'Alberta Beach');
insert into city(region_id, name) values (745, 'Alix');
insert into city(region_id, name) values (745, 'Alliance');
insert into city(region_id, name) values (745, 'Andrew');
insert into city(region_id, name) values (745, 'Athabasca');
insert into city(region_id, name) values (745, 'Atikameg');
insert into city(region_id, name) values (745, 'Atmore');
insert into city(region_id, name) values (745, 'Balzac');
insert into city(region_id, name) values (745, 'Barrhead');
insert into city(region_id, name) values (745, 'Blueberry Mountain');
insert into city(region_id, name) values (745, 'Brooks');
insert into city(region_id, name) values (745, 'Buffalo');
insert into city(region_id, name) values (745, 'Calgary');
insert into city(region_id, name) values (745, 'Camrose');
insert into city(region_id, name) values (745, 'Edmonton');
insert into city(region_id, name) values (745, 'Eureka River');
insert into city(region_id, name) values (745, 'Fort Mackay');
insert into city(region_id, name) values (745, 'Fort McMurray');
insert into city(region_id, name) values (745, 'Grande Prairie');
insert into city(region_id, name) values (745, 'Hinton');
insert into city(region_id, name) values (745, 'Jasper');
insert into city(region_id, name) values (745, 'Leduc');
insert into city(region_id, name) values (745, 'Lethbridge');
insert into city(region_id, name) values (745, 'Medicine Hat');
insert into city(region_id, name) values (745, 'Monarch');
insert into city(region_id, name) values (745, 'Nevis');
insert into city(region_id, name) values (745, 'Oyen');
insert into city(region_id, name) values (745, 'Red Deer');
insert into city(region_id, name) values (745, 'Robb');
insert into city(region_id, name) values (745, 'Sherwood Park');
insert into city(region_id, name) values (745, 'Torrington');
insert into city(region_id, name) values (745, 'Vegreville');
insert into region(id, country_id, name) values (758, 86, 'Доха');
insert into city(region_id, name) values (426, 'Admas');
insert into city(region_id, name) values (426, 'Fir');
insert into city(region_id, name) values (426, 'Mkonos');
insert into city(region_id, name) values (426, 'Mlos');
insert into city(region_id, name) values (426, 'Mkonos');
insert into city(region_id, name) values (426, 'Nxos');
insert into city(region_id, name) values (426, 'Pros');
insert into city(region_id, name) values (426, 'Thra');
insert into city(region_id, name) values (506, 'Пондичерри');
insert into city(region_id, name) values (529, 'Ахваз');
insert into city(region_id, name) values (529, 'Хоррамшахр');
insert into city(region_id, name) values (540, 'Abbeyleix');
insert into city(region_id, name) values (540, 'Mountmellick');
insert into city(region_id, name) values (540, 'Mountrath');
insert into city(region_id, name) values (540, 'Portarlington');
insert into city(region_id, name) values (540, 'Portlaoise');
insert into city(region_id, name) values (540, 'Rathdowney');
insert into city(region_id, name) values (540, 'Stradbally');
insert into city(region_id, name) values (565, 'Reyarfjrur');
insert into city(region_id, name) values (575, 'Abrera');
insert into city(region_id, name) values (575, 'Aiguafreda (2)');
insert into city(region_id, name) values (575, 'Alou');
insert into city(region_id, name) values (575, 'Antius');
insert into city(region_id, name) values (575, 'Arenys de Munt');
insert into city(region_id, name) values (575, 'Avi');
insert into city(region_id, name) values (575, 'Badalona');
insert into city(region_id, name) values (575, 'Balsareny');
insert into city(region_id, name) values (575, 'Barcelona');
insert into city(region_id, name) values (575, 'Begues');
insert into city(region_id, name) values (575, 'Berga');
insert into city(region_id, name) values (575, 'Bergus');
insert into city(region_id, name) values (575, 'Bonavista');
insert into city(region_id, name) values (575, 'Cabrils');
insert into city(region_id, name) values (575, 'Calaf');
insert into city(region_id, name) values (575, 'Calella');
insert into city(region_id, name) values (575, 'Camps');
insert into city(region_id, name) values (575, 'Cardona');
insert into city(region_id, name) values (575, 'Castellar de nhug');
insert into city(region_id, name) values (575, 'Castelldefels');
insert into city(region_id, name) values (575, 'Cerdanyola');
insert into city(region_id, name) values (575, 'Clint el');
insert into city(region_id, name) values (575, 'Granollers');
insert into city(region_id, name) values (575, 'L Hospitalet de Llobregat');
insert into city(region_id, name) values (575, 'La Molina');
insert into city(region_id, name) values (575, 'La Panadella');
insert into city(region_id, name) values (575, 'Malgrat de Mar');
insert into city(region_id, name) values (575, 'Manresa');
insert into city(region_id, name) values (575, 'Matar');
insert into city(region_id, name) values (575, 'Mollet');
insert into city(region_id, name) values (575, 'Montcada i Reixac');
insert into city(region_id, name) values (575, 'Poliny');
insert into city(region_id, name) values (575, 'Sabadell');
insert into city(region_id, name) values (575, 'Sant Boi de Llobregat');
insert into city(region_id, name) values (575, 'Sant Juli de Vilatorta');
insert into city(region_id, name) values (575, 'Sant Pol de Mar');
insert into city(region_id, name) values (575, 'Santa Susanna');
insert into city(region_id, name) values (575, 'Sitges');
insert into city(region_id, name) values (575, 'Terrassa');
insert into city(region_id, name) values (575, 'Vic');
insert into city(region_id, name) values (575, 'Vilafranca del Peneds');
insert into city(region_id, name) values (575, 'Vilanova i la Geltr');
insert into city(region_id, name) values (575, 'Viver');
insert into city(region_id, name) values (626, 'Acquappesa');
insert into city(region_id, name) values (626, 'Acri');
insert into city(region_id, name) values (626, 'Amantea');
insert into city(region_id, name) values (626, 'Belvedere Marittimo');
insert into city(region_id, name) values (626, 'Bocchigliero');
insert into city(region_id, name) values (626, 'Cariati');
insert into city(region_id, name) values (626, 'Corigliano Calabro');
insert into city(region_id, name) values (626, 'Cosenza');
insert into city(region_id, name) values (626, 'Crosia');
insert into city(region_id, name) values (626, 'Fuscaldo');
insert into city(region_id, name) values (626, 'Rende');
insert into city(region_id, name) values (626, 'Rossano');
insert into city(region_id, name) values (626, 'San Lucido');
insert into city(region_id, name) values (626, 'San Vincenzo La Costa');
insert into city(region_id, name) values (626, 'Santa Maria del Cedro');
insert into city(region_id, name) values (626, 'Scalea');
insert into city(region_id, name) values (626, 'Tortora');
insert into city(region_id, name) values (725, 'Атырау(Гурьев)');
insert into city(region_id, name) values (725, 'Байчунас');
insert into city(region_id, name) values (725, 'Балыкши');
insert into city(region_id, name) values (725, 'Ганюшкино');
insert into city(region_id, name) values (725, 'Доссор');
insert into city(region_id, name) values (725, 'Индерборский');
insert into city(region_id, name) values (725, 'Каратон');
insert into city(region_id, name) values (725, 'Кульсары');
insert into city(region_id, name) values (725, 'Макат');
insert into city(region_id, name) values (725, 'Миялы');
insert into city(region_id, name) values (743, 'Гаруа');
insert into city(region_id, name) values (746, '101 Mile House');
insert into city(region_id, name) values (746, 'Abbotsford');
insert into city(region_id, name) values (746, 'Altona');
insert into city(region_id, name) values (746, 'Anahim Lake');
insert into city(region_id, name) values (746, 'Argenta');
insert into city(region_id, name) values (746, 'Armstrong');
insert into city(region_id, name) values (746, 'Belcarra');
insert into city(region_id, name) values (746, 'Bella Bella');
insert into city(region_id, name) values (746, 'Boston Bar');
insert into city(region_id, name) values (746, 'Burnaby');
insert into city(region_id, name) values (746, 'Burns Lake');
insert into city(region_id, name) values (746, 'Campbell River');
insert into city(region_id, name) values (746, 'Coquitlam');
insert into city(region_id, name) values (746, 'Cranbrook');
insert into city(region_id, name) values (746, 'Duncan');
insert into city(region_id, name) values (746, 'Egmont');
insert into city(region_id, name) values (746, 'Falkland');
insert into city(region_id, name) values (746, 'Fort St John');
insert into city(region_id, name) values (746, 'Kamloops');
insert into city(region_id, name) values (746, 'Kelowna');
insert into city(region_id, name) values (746, 'Kitimat');
insert into city(region_id, name) values (746, 'Madeira Park');
insert into city(region_id, name) values (746, 'Nanaimo');
insert into city(region_id, name) values (746, 'Penticton');
insert into city(region_id, name) values (746, 'Prince George');
insert into city(region_id, name) values (746, 'Radium Hot Springs');
insert into city(region_id, name) values (746, 'Revelstoke');
insert into city(region_id, name) values (746, 'Richmond');
insert into city(region_id, name) values (746, 'Sidney');
insert into city(region_id, name) values (746, 'Surrey');
insert into city(region_id, name) values (746, 'Tofino');
insert into city(region_id, name) values (746, 'Vancouver');
insert into city(region_id, name) values (746, 'Victoria');
insert into city(region_id, name) values (746, 'West Vancouver');
insert into city(region_id, name) values (746, 'Whistler');
insert into city(region_id, name) values (758, 'Доха');
insert into region(id, country_id, name) values (759, 87, 'Central');
insert into region(id, country_id, name) values (760, 87, 'Coast');
insert into region(id, country_id, name) values (761, 87, 'Nairobi Area');
insert into region(id, country_id, name) values (762, 87, 'North-Eastern');
insert into region(id, country_id, name) values (763, 87, 'Western');
insert into city(region_id, name) values (427, 'Atl');
insert into city(region_id, name) values (427, 'Axiopoli');
insert into city(region_id, name) values (427, 'Galliks');
insert into city(region_id, name) values (427, 'Kalndhria');
insert into city(region_id, name) values (427, 'Kilks');
insert into city(region_id, name) values (427, 'Libhovon');
insert into city(region_id, name) values (427, 'Polkastro');
insert into city(region_id, name) values (427, 'Skhovon');
insert into city(region_id, name) values (507, 'Аймер');
insert into city(region_id, name) values (507, 'Альвар');
insert into city(region_id, name) values (507, 'Кота');
insert into city(region_id, name) values (507, 'Удаипур');
insert into city(region_id, name) values (541, 'Carrick on Shannon');
insert into city(region_id, name) values (566, 'Vatneyri');
insert into city(region_id, name) values (576, 'Ages');
insert into city(region_id, name) values (576, 'Alba');
insert into city(region_id, name) values (576, 'Alcocero de mola');
insert into city(region_id, name) values (576, 'Aranda de Duero');
insert into city(region_id, name) values (576, 'Burgos');
insert into city(region_id, name) values (576, 'Caizar de amaya');
insert into city(region_id, name) values (576, 'Covarrubias');
insert into city(region_id, name) values (576, 'Miranda de Ebro');
insert into city(region_id, name) values (627, 'Crotone');
insert into city(region_id, name) values (627, 'Crucoli');
insert into city(region_id, name) values (627, 'Isola di Capo Rizzuto');
insert into city(region_id, name) values (627, 'Melissa');
insert into city(region_id, name) values (726, 'Агадырь');
insert into city(region_id, name) values (726, 'Акжал');
insert into city(region_id, name) values (726, 'Атасу');
insert into city(region_id, name) values (726, 'Балхаш');
insert into city(region_id, name) values (726, 'Гульшад');
insert into city(region_id, name) values (726, 'Дарьинский');
insert into city(region_id, name) values (726, 'Джамбул');
insert into city(region_id, name) values (726, 'Джезды');
insert into city(region_id, name) values (726, 'Джезказган');
insert into city(region_id, name) values (726, 'Жарык');
insert into city(region_id, name) values (726, 'Каражал');
insert into city(region_id, name) values (726, 'Приозерск');
insert into city(region_id, name) values (726, 'Сатпаев (Никольский)');
insert into city(region_id, name) values (726, 'Тараз');
insert into city(region_id, name) values (726, 'Улытау');
insert into city(region_id, name) values (744, 'Яунде');
insert into city(region_id, name) values (747, 'Alexander');
insert into city(region_id, name) values (747, 'Alonsa');
insert into city(region_id, name) values (747, 'Altona');
insert into city(region_id, name) values (747, 'Austin');
insert into city(region_id, name) values (747, 'Beaconia');
insert into city(region_id, name) values (747, 'Belmont');
insert into city(region_id, name) values (747, 'Brandon');
insert into city(region_id, name) values (747, 'Kenton');
insert into city(region_id, name) values (747, 'Manson');
insert into city(region_id, name) values (747, 'Minitonas');
insert into city(region_id, name) values (747, 'Morris');
insert into city(region_id, name) values (747, 'Neepawa');
insert into city(region_id, name) values (747, 'Roblin');
insert into city(region_id, name) values (747, 'Steinbach');
insert into city(region_id, name) values (747, 'Wanipigow');
insert into city(region_id, name) values (747, 'Winkler');
insert into city(region_id, name) values (747, 'Winnipeg');
insert into city(region_id, name) values (759, 'Fort Hall');
insert into city(region_id, name) values (759, 'Gatei');
insert into city(region_id, name) values (759, 'Gatunguru');
insert into region(id, country_id, name) values (764, 88, 'Government controlled area');
insert into region(id, country_id, name) values (765, 88, 'Turkish controlled area');
insert into city(region_id, name) values (428, 'Corinth');
insert into city(region_id, name) values (428, 'Kito');
insert into city(region_id, name) values (428, 'Kiton');
insert into city(region_id, name) values (428, 'Krinthos');
insert into city(region_id, name) values (508, 'Мадурай');
insert into city(region_id, name) values (542, 'Croom');
insert into city(region_id, name) values (542, 'Limerick');
insert into city(region_id, name) values (542, 'Newcastle');
insert into city(region_id, name) values (542, 'Patrickswell');
insert into city(region_id, name) values (577, 'Cceres');
insert into city(region_id, name) values (577, 'Coria');
insert into city(region_id, name) values (628, 'Bianco');
insert into city(region_id, name) values (628, 'Calanna');
insert into city(region_id, name) values (628, 'Caulonia');
insert into city(region_id, name) values (628, 'Gioia Tauro');
insert into city(region_id, name) values (628, 'Gioiosa Ionica');
insert into city(region_id, name) values (628, 'Monasterace');
insert into city(region_id, name) values (628, 'Reggio di Calabria');
insert into city(region_id, name) values (628, 'Rizziconi');
insert into city(region_id, name) values (628, 'Roccella Ionica');
insert into city(region_id, name) values (628, 'Rosarno');
insert into city(region_id, name) values (628, 'Siderno');
insert into city(region_id, name) values (727, 'Акколь');
insert into city(region_id, name) values (727, 'Байкадам');
insert into city(region_id, name) values (727, 'Бурное');
insert into city(region_id, name) values (727, 'Георгиевка');
insert into city(region_id, name) values (727, 'Гранитогорск');
insert into city(region_id, name) values (727, 'Жанатас');
insert into city(region_id, name) values (727, 'Каратау');
insert into city(region_id, name) values (727, 'Коктал');
insert into city(region_id, name) values (727, 'Луговое');
insert into city(region_id, name) values (727, 'Мерке');
insert into city(region_id, name) values (727, 'Михайловка');
insert into city(region_id, name) values (727, 'Новотроицкое');
insert into city(region_id, name) values (727, 'Отар');
insert into city(region_id, name) values (727, 'Тараз (Джамбул)');
insert into city(region_id, name) values (727, 'Фурмановка');
insert into city(region_id, name) values (727, 'Чиганак');
insert into city(region_id, name) values (727, 'Чу');
insert into city(region_id, name) values (748, 'Acadieville');
insert into city(region_id, name) values (748, 'Allainville');
insert into city(region_id, name) values (748, 'Bas-Caraquet');
insert into city(region_id, name) values (748, 'Forest City');
insert into city(region_id, name) values (748, 'Moncton');
insert into city(region_id, name) values (748, 'Saint John');
insert into city(region_id, name) values (760, 'Balguda');
insert into city(region_id, name) values (760, 'Mombasa');
insert into city(region_id, name) values (760, 'Mombassa');
insert into city(region_id, name) values (764, 'Ларнака');
insert into city(region_id, name) values (764, 'Лимассол');
insert into city(region_id, name) values (764, 'Пафос');
insert into region(id, country_id, name) values (766, 89, 'None');
insert into city(region_id, name) values (429, 'Kozni');
insert into city(region_id, name) values (429, 'Ptolemaida');
insert into city(region_id, name) values (509, 'Агартала');
insert into city(region_id, name) values (543, 'Granard');
insert into city(region_id, name) values (543, 'Longford');
insert into city(region_id, name) values (578, 'Algeciras');
insert into city(region_id, name) values (578, 'Cdiz');
insert into city(region_id, name) values (578, 'Chiclana de la Frontera');
insert into city(region_id, name) values (578, 'El Puerto de Santa Mara');
insert into city(region_id, name) values (578, 'Jerez de la Frontera');
insert into city(region_id, name) values (578, 'La Lnea de la Concepcin');
insert into city(region_id, name) values (578, 'Los Barrios');
insert into city(region_id, name) values (578, 'Palmones');
insert into city(region_id, name) values (578, 'Puerto Real');
insert into city(region_id, name) values (578, 'Rota');
insert into city(region_id, name) values (578, 'San Fernando');
insert into city(region_id, name) values (578, 'San Roque');
insert into city(region_id, name) values (578, 'Sanlcar de Barrameda');
insert into city(region_id, name) values (578, 'Sotogrande');
insert into city(region_id, name) values (578, 'Tarifa');
insert into city(region_id, name) values (629, 'Das');
insert into city(region_id, name) values (629, 'Fabrizia');
insert into city(region_id, name) values (629, 'Pizzo');
insert into city(region_id, name) values (629, 'Soriano Calabro');
insert into city(region_id, name) values (629, 'Vibo Valentia');
insert into city(region_id, name) values (728, 'Аксай');
insert into city(region_id, name) values (728, 'Уральск');
insert into city(region_id, name) values (749, 'Benton');
insert into city(region_id, name) values (749, 'Churchill Falls');
insert into city(region_id, name) values (749, 'Elliston');
insert into city(region_id, name) values (749, 'St. Johns');
insert into city(region_id, name) values (761, 'Harambee');
insert into city(region_id, name) values (761, 'Kilimani Estate');
insert into city(region_id, name) values (761, 'Nairobi');
insert into city(region_id, name) values (761, 'Shauri Moyo');
insert into city(region_id, name) values (765, 'Гирне');
insert into city(region_id, name) values (765, 'Никосия');
insert into city(region_id, name) values (765, 'Фамагуста');
insert into city(region_id, name) values (766, 'Aiaki');
insert into city(region_id, name) values (766, 'Bairiki');
insert into city(region_id, name) values (766, 'Baretoa');
insert into city(region_id, name) values (766, 'King');
insert into city(region_id, name) values (766, 'London');
insert into city(region_id, name) values (766, 'Ooma');
insert into city(region_id, name) values (766, 'Tenanoraoi');
insert into city(region_id, name) values (766, 'Terikai');
insert into city(region_id, name) values (766, 'Tetabuki');
insert into region(id, country_id, name) values (767, 90, 'Anhui');
insert into region(id, country_id, name) values (768, 90, 'Beijing');
insert into region(id, country_id, name) values (769, 90, 'Chongqing');
insert into region(id, country_id, name) values (770, 90, 'Fujian');
insert into region(id, country_id, name) values (771, 90, 'Gansu');
insert into region(id, country_id, name) values (772, 90, 'Guangdong');
insert into region(id, country_id, name) values (773, 90, 'Guangxi');
insert into region(id, country_id, name) values (774, 90, 'Guizhou');
insert into region(id, country_id, name) values (775, 90, 'Hainan');
insert into region(id, country_id, name) values (776, 90, 'Hebei');
insert into region(id, country_id, name) values (777, 90, 'Heilongjiang');
insert into region(id, country_id, name) values (778, 90, 'Henan');
insert into region(id, country_id, name) values (779, 90, 'Hubei');
insert into region(id, country_id, name) values (780, 90, 'Hunan');
insert into region(id, country_id, name) values (781, 90, 'Jiangsu');
insert into region(id, country_id, name) values (782, 90, 'Jiangxi');
insert into region(id, country_id, name) values (783, 90, 'Jilin');
insert into region(id, country_id, name) values (784, 90, 'Liaoning');
insert into region(id, country_id, name) values (785, 90, 'Nei Mongol');
insert into region(id, country_id, name) values (786, 90, 'Ningxia');
insert into region(id, country_id, name) values (787, 90, 'Qinghai');
insert into region(id, country_id, name) values (788, 90, 'Shaanxi');
insert into region(id, country_id, name) values (789, 90, 'Shandong');
insert into region(id, country_id, name) values (790, 90, 'Shanghai');
insert into region(id, country_id, name) values (791, 90, 'Shanxi');
insert into region(id, country_id, name) values (792, 90, 'Sichuan');
insert into region(id, country_id, name) values (793, 90, 'Tianjin');
insert into region(id, country_id, name) values (794, 90, 'Xinjiang');
insert into region(id, country_id, name) values (795, 90, 'Yunnan');
insert into region(id, country_id, name) values (796, 90, 'Zhejiang');
insert into city(region_id, name) values (430, 'Arepolis');
insert into city(region_id, name) values (430, 'Lacedaemon');
insert into city(region_id, name) values (430, 'Nepolis');
insert into city(region_id, name) values (430, 'Skla');
insert into city(region_id, name) values (430, 'Sparta');
insert into city(region_id, name) values (430, 'Sparte');
insert into city(region_id, name) values (430, 'Sprti');
insert into city(region_id, name) values (510, 'Агра');
insert into city(region_id, name) values (510, 'Аллахабад');
insert into city(region_id, name) values (510, 'Варанаси');
insert into city(region_id, name) values (510, 'Гхазиабад');
insert into city(region_id, name) values (510, 'Канпур');
insert into city(region_id, name) values (544, 'Ardee');
insert into city(region_id, name) values (544, 'Drogheda');
insert into city(region_id, name) values (544, 'Dundalk');
insert into city(region_id, name) values (544, 'Dunleer');
insert into city(region_id, name) values (579, 'Agsero');
insert into city(region_id, name) values (579, 'Ajanedo');
insert into city(region_id, name) values (579, 'Alcomba');
insert into city(region_id, name) values (579, 'Comillas');
insert into city(region_id, name) values (579, 'Ganzo');
insert into city(region_id, name) values (579, 'Lamedo');
insert into city(region_id, name) values (579, 'Laredo');
insert into city(region_id, name) values (579, 'Muriedas');
insert into city(region_id, name) values (579, 'Potes');
insert into city(region_id, name) values (579, 'Puente san miguel');
insert into city(region_id, name) values (579, 'Reinosa');
insert into city(region_id, name) values (579, 'San miguel');
insert into city(region_id, name) values (579, 'Santa Cruz de Bezana');
insert into city(region_id, name) values (579, 'Santander');
insert into city(region_id, name) values (579, 'Santoa');
insert into city(region_id, name) values (579, 'Solares');
insert into city(region_id, name) values (579, 'Torrelavega');
insert into city(region_id, name) values (630, 'Altavilla Irpina');
insert into city(region_id, name) values (630, 'Avella');
insert into city(region_id, name) values (630, 'Avellino');
insert into city(region_id, name) values (630, 'Calabritto');
insert into city(region_id, name) values (630, 'Fontanarosa');
insert into city(region_id, name) values (630, 'Forino');
insert into city(region_id, name) values (630, 'Frigento');
insert into city(region_id, name) values (630, 'Gesualdo');
insert into city(region_id, name) values (630, 'Lauro');
insert into city(region_id, name) values (630, 'Mercogliano');
insert into city(region_id, name) values (630, 'Mirabella Eclano');
insert into city(region_id, name) values (630, 'San Michele di Serino');
insert into city(region_id, name) values (729, 'Ак-Коль');
insert into city(region_id, name) values (729, 'Акший');
insert into city(region_id, name) values (729, 'Аршалы');
insert into city(region_id, name) values (729, 'Атбасар');
insert into city(region_id, name) values (729, 'Байконур');
insert into city(region_id, name) values (729, 'Балкашино');
insert into city(region_id, name) values (729, 'Жезказган');
insert into city(region_id, name) values (729, 'Костанай');
insert into city(region_id, name) values (729, 'Курчатов');
insert into city(region_id, name) values (729, 'Кызылорда');
insert into city(region_id, name) values (729, 'Махамбет');
insert into city(region_id, name) values (750, 'Norman Wells');
insert into city(region_id, name) values (750, 'Rae Edzo');
insert into city(region_id, name) values (750, 'Yellowknife');
insert into city(region_id, name) values (762, 'Arda Dadaja');
insert into city(region_id, name) values (767, 'Aikou');
insert into city(region_id, name) values (767, 'Changfeng');
insert into city(region_id, name) values (767, 'Hefei');
insert into city(region_id, name) values (767, 'Quanjiao');
insert into city(region_id, name) values (767, 'Wuhu');
insert into region(id, country_id, name) values (797, 91, 'Amazonas');
insert into region(id, country_id, name) values (798, 91, 'Antioquia');
insert into region(id, country_id, name) values (799, 91, 'Atlntico');
insert into region(id, country_id, name) values (800, 91, 'Casanare');
insert into region(id, country_id, name) values (801, 91, 'Cauca');
insert into region(id, country_id, name) values (802, 91, 'Csar');
insert into region(id, country_id, name) values (803, 91, 'Choc');
insert into region(id, country_id, name) values (804, 91, 'Crdoba');
insert into region(id, country_id, name) values (805, 91, 'Cundinamarca');
insert into region(id, country_id, name) values (806, 91, 'Distrito Especial');
insert into region(id, country_id, name) values (807, 91, 'Huila');
insert into region(id, country_id, name) values (808, 91, 'La Guajira');
insert into region(id, country_id, name) values (809, 91, 'Meta');
insert into region(id, country_id, name) values (810, 91, 'Narino');
insert into region(id, country_id, name) values (811, 91, 'Norte de Santander');
insert into region(id, country_id, name) values (812, 91, 'Quindo');
insert into region(id, country_id, name) values (813, 91, 'Risaralda');
insert into region(id, country_id, name) values (814, 91, 'Santander');
insert into region(id, country_id, name) values (815, 91, 'Tolima');
insert into city(region_id, name) values (431, 'Anatol');
insert into city(region_id, name) values (431, 'Asarlk');
insert into city(region_id, name) values (431, 'Elassna');
insert into city(region_id, name) values (431, 'Frsala');
insert into city(region_id, name) values (431, 'Ita');
insert into city(region_id, name) values (431, 'Kypselochri');
insert into city(region_id, name) values (431, 'Lrisa');
insert into city(region_id, name) values (431, 'Lrissa');
insert into city(region_id, name) values (431, 'Livdi');
insert into city(region_id, name) values (511, 'Амбала');
insert into city(region_id, name) values (511, 'Gurgaon');
insert into city(region_id, name) values (545, 'Ballina');
insert into city(region_id, name) values (545, 'Ballinrobe');
insert into city(region_id, name) values (545, 'Castlebar');
insert into city(region_id, name) values (545, 'Claremorris');
insert into city(region_id, name) values (545, 'Crossmolina');
insert into city(region_id, name) values (545, 'Westport');
insert into city(region_id, name) values (580, 'Ahin');
insert into city(region_id, name) values (580, 'Albocacer');
insert into city(region_id, name) values (580, 'Benicarl');
insert into city(region_id, name) values (580, 'Castelln de la Plana');
insert into city(region_id, name) values (580, 'La Vall dUix');
insert into city(region_id, name) values (580, 'Moncofar');
insert into city(region_id, name) values (580, 'Nules');
insert into city(region_id, name) values (580, 'Oropesa');
insert into city(region_id, name) values (580, 'Pescola');
insert into city(region_id, name) values (580, 'Segorbe');
insert into city(region_id, name) values (580, 'Villarreal');
insert into city(region_id, name) values (580, 'Vinars');
insert into city(region_id, name) values (631, 'Amorosi');
insert into city(region_id, name) values (631, 'Apice');
insert into city(region_id, name) values (631, 'Benevento');
insert into city(region_id, name) values (631, 'Calvi');
insert into city(region_id, name) values (631, 'Faicchio');
insert into city(region_id, name) values (631, 'San Giorgio La Molara');
insert into city(region_id, name) values (730, 'Абай');
insert into city(region_id, name) values (730, 'Актас');
insert into city(region_id, name) values (730, 'Актау');
insert into city(region_id, name) values (730, 'Егиндыбулак');
insert into city(region_id, name) values (730, 'Карагайлы');
insert into city(region_id, name) values (730, 'Караганда');
insert into city(region_id, name) values (730, 'Каркаралинск');
insert into city(region_id, name) values (730, 'Киевка');
insert into city(region_id, name) values (730, 'Осакаровка');
insert into city(region_id, name) values (730, 'Сарань');
insert into city(region_id, name) values (730, 'Темиртау');
insert into city(region_id, name) values (730, 'Токаревка');
insert into city(region_id, name) values (730, 'Топар');
insert into city(region_id, name) values (730, 'Ульяновский');
insert into city(region_id, name) values (730, 'Шахтинск');
insert into city(region_id, name) values (751, 'Arcadia');
insert into city(region_id, name) values (751, 'Arichat');
insert into city(region_id, name) values (751, 'Askilton');
insert into city(region_id, name) values (751, 'Baddeck');
insert into city(region_id, name) values (751, 'Barton');
insert into city(region_id, name) values (751, 'Dartmouth');
insert into city(region_id, name) values (751, 'Halifax');
insert into city(region_id, name) values (751, 'Mira Road');
insert into city(region_id, name) values (751, 'Sydney');
insert into city(region_id, name) values (751, 'Trenton');
insert into city(region_id, name) values (763, 'Busia');
insert into city(region_id, name) values (768, 'Anding');
insert into city(region_id, name) values (768, 'Anting');
insert into city(region_id, name) values (768, 'Badalingzhen');
insert into city(region_id, name) values (768, 'Badaohe');
insert into city(region_id, name) values (768, 'Banbidian');
insert into city(region_id, name) values (768, 'Banqiao');
insert into city(region_id, name) values (768, 'Beijian');
insert into city(region_id, name) values (768, 'Beijing');
insert into city(region_id, name) values (768, 'Beijing Shi');
insert into city(region_id, name) values (768, 'Beiling');
insert into city(region_id, name) values (768, 'Bujiaying');
insert into city(region_id, name) values (768, 'Fengtai');
insert into city(region_id, name) values (768, 'Haidian');
insert into city(region_id, name) values (768, 'Pekin');
insert into city(region_id, name) values (768, 'Peking');
insert into city(region_id, name) values (768, 'Shangyuan');
insert into city(region_id, name) values (768, 'Tongzhou');
insert into city(region_id, name) values (797, 'Abisinia');
insert into city(region_id, name) values (797, 'Amacocha');
insert into region(id, country_id, name) values (816, 92, 'Коморские');
insert into city(region_id, name) values (432, 'gios Niklaos');
insert into city(region_id, name) values (432, 'Lntas');
insert into city(region_id, name) values (512, 'Чандигарх');
insert into city(region_id, name) values (546, 'Ashbourne');
insert into city(region_id, name) values (546, 'Athboy');
insert into city(region_id, name) values (546, 'Dunboyne');
insert into city(region_id, name) values (546, 'Julianstown');
insert into city(region_id, name) values (546, 'Kells');
insert into city(region_id, name) values (546, 'Navan');
insert into city(region_id, name) values (546, 'Trim');
insert into city(region_id, name) values (581, 'Ceuta');
insert into city(region_id, name) values (632, 'Aversa');
insert into city(region_id, name) values (632, 'Calvi Risorta');
insert into city(region_id, name) values (632, 'Capua');
insert into city(region_id, name) values (632, 'Casal di Principe');
insert into city(region_id, name) values (632, 'Casapesenna');
insert into city(region_id, name) values (632, 'Caserta');
insert into city(region_id, name) values (632, 'Castel Volturno');
insert into city(region_id, name) values (632, 'Cellole');
insert into city(region_id, name) values (632, 'Maddaloni');
insert into city(region_id, name) values (632, 'Mondragone');
insert into city(region_id, name) values (632, 'San Gregorio Matese');
insert into city(region_id, name) values (632, 'San Marcellino');
insert into city(region_id, name) values (632, 'SantArpino');
insert into city(region_id, name) values (632, 'Santa Maria Capua Vetere');
insert into city(region_id, name) values (731, 'Аральск');
insert into city(region_id, name) values (731, 'Байконур');
insert into city(region_id, name) values (731, 'Джалагаш');
insert into city(region_id, name) values (731, 'Джусалы');
insert into city(region_id, name) values (731, 'Казалинск');
insert into city(region_id, name) values (731, 'Кзылорда');
insert into city(region_id, name) values (731, 'Новоказалинск');
insert into city(region_id, name) values (731, 'Тасбугет');
insert into city(region_id, name) values (731, 'Чиили');
insert into city(region_id, name) values (731, 'Яныкурган');
insert into city(region_id, name) values (752, 'Hall Beach');
insert into city(region_id, name) values (769, 'Aba');
insert into city(region_id, name) values (769, 'Anfuzhen');
insert into city(region_id, name) values (769, 'Baoshi');
insert into city(region_id, name) values (769, 'Chongning');
insert into city(region_id, name) values (769, 'Guoluo');
insert into city(region_id, name) values (769, 'Hanwangchang');
insert into city(region_id, name) values (769, 'Jiangbei');
insert into city(region_id, name) values (769, 'Luyang');
insert into city(region_id, name) values (798, 'Abejorral');
insert into city(region_id, name) values (798, 'Aguamuerta');
insert into city(region_id, name) values (798, 'Caucasia');
insert into city(region_id, name) values (798, 'La Mesenia');
insert into city(region_id, name) values (798, 'Medelln');
insert into city(region_id, name) values (798, 'Sabaneta');
insert into city(region_id, name) values (798, 'San Vicente');
insert into city(region_id, name) values (816, 'Морони');
insert into region(id, country_id, name) values (817, 93, 'Конго (Brazzaville)');
insert into city(region_id, name) values (433, 'Kallon');
insert into city(region_id, name) values (433, 'Loutr');
insert into city(region_id, name) values (433, 'Mrina');
insert into city(region_id, name) values (433, 'Mthymna');
insert into city(region_id, name) values (433, 'Mitilni');
insert into city(region_id, name) values (433, 'Mitylene');
insert into city(region_id, name) values (547, 'Ballybay');
insert into city(region_id, name) values (547, 'Carrickmacross');
insert into city(region_id, name) values (547, 'Castleblayney');
insert into city(region_id, name) values (547, 'Clones');
insert into city(region_id, name) values (547, 'Monaghan');
insert into city(region_id, name) values (582, 'Alczar de San Juan');
insert into city(region_id, name) values (582, 'Calzada de Calatrava');
insert into city(region_id, name) values (582, 'Ciudad Real');
insert into city(region_id, name) values (582, 'Puertollano');
insert into city(region_id, name) values (582, 'Socullamos');
insert into city(region_id, name) values (582, 'Tomelloso');
insert into city(region_id, name) values (582, 'Valdepeas');
insert into city(region_id, name) values (633, 'Acerra');
insert into city(region_id, name) values (633, 'Afragola');
insert into city(region_id, name) values (633, 'Bacoli');
insert into city(region_id, name) values (633, 'Boscoreale');
insert into city(region_id, name) values (633, 'Brusciano');
insert into city(region_id, name) values (633, 'Caivano');
insert into city(region_id, name) values (633, 'Camposano');
insert into city(region_id, name) values (633, 'Capri');
insert into city(region_id, name) values (633, 'Casalnuovo di Napoli');
insert into city(region_id, name) values (633, 'Casola di Napoli');
insert into city(region_id, name) values (633, 'Castellammare di Stabia');
insert into city(region_id, name) values (633, 'Forio');
insert into city(region_id, name) values (633, 'Ischia');
insert into city(region_id, name) values (633, 'Marano di Napoli');
insert into city(region_id, name) values (633, 'Marigliano');
insert into city(region_id, name) values (633, 'Meta');
insert into city(region_id, name) values (633, 'Monte di Procida');
insert into city(region_id, name) values (633, 'Mugnano di Napoli');
insert into city(region_id, name) values (633, 'Napoli');
insert into city(region_id, name) values (633, 'Nola');
insert into city(region_id, name) values (633, 'Ottaviano');
insert into city(region_id, name) values (633, 'Palma Campania');
insert into city(region_id, name) values (633, 'Poggiomarino');
insert into city(region_id, name) values (633, 'Pompei');
insert into city(region_id, name) values (633, 'Pozzuoli');
insert into city(region_id, name) values (633, 'San Gennaro Vesuviano');
insert into city(region_id, name) values (633, 'San Giuseppe Vesuviano');
insert into city(region_id, name) values (633, 'SantAntonio Abate');
insert into city(region_id, name) values (633, 'Santa Maria la Carit');
insert into city(region_id, name) values (633, 'Saviano');
insert into city(region_id, name) values (633, 'Somma Vesuviana');
insert into city(region_id, name) values (633, 'Sorrento');
insert into city(region_id, name) values (633, 'Torre del Greco');
insert into city(region_id, name) values (633, 'Vico Equense');
insert into city(region_id, name) values (732, 'Айдабул');
insert into city(region_id, name) values (732, 'Алексеевка');
insert into city(region_id, name) values (732, 'Боровое');
insert into city(region_id, name) values (732, 'Володарское');
insert into city(region_id, name) values (732, 'Зеренда');
insert into city(region_id, name) values (732, 'Келлеровка');
insert into city(region_id, name) values (732, 'Кзылту');
insert into city(region_id, name) values (732, 'Кокчетав');
insert into city(region_id, name) values (732, 'Красноармейск');
insert into city(region_id, name) values (732, 'Красный Яр');
insert into city(region_id, name) values (732, 'Куйбышевский');
insert into city(region_id, name) values (732, 'Ленинградское');
insert into city(region_id, name) values (732, 'Рузаевка');
insert into city(region_id, name) values (732, 'Степняк');
insert into city(region_id, name) values (732, 'Талшик');
insert into city(region_id, name) values (732, 'Чистополье');
insert into city(region_id, name) values (732, 'Чкалово');
insert into city(region_id, name) values (732, 'Щучинск');
insert into city(region_id, name) values (753, 'Acton');
insert into city(region_id, name) values (753, 'Addison');
insert into city(region_id, name) values (753, 'Ajax');
insert into city(region_id, name) values (753, 'Alban');
insert into city(region_id, name) values (753, 'Alexandria');
insert into city(region_id, name) values (753, 'Alfred');
insert into city(region_id, name) values (753, 'Algoma Mills');
insert into city(region_id, name) values (753, 'Allenford');
insert into city(region_id, name) values (753, 'Alliston');
insert into city(region_id, name) values (753, 'Alma');
insert into city(region_id, name) values (753, 'Almonte');
insert into city(region_id, name) values (753, 'Alton');
insert into city(region_id, name) values (753, 'Alvinston');
insert into city(region_id, name) values (753, 'Ancaster');
insert into city(region_id, name) values (753, 'Angus');
insert into city(region_id, name) values (753, 'Annan');
insert into city(region_id, name) values (753, 'Arnprior');
insert into city(region_id, name) values (753, 'Astra');
insert into city(region_id, name) values (753, 'Aurora');
insert into city(region_id, name) values (753, 'Baden');
insert into city(region_id, name) values (753, 'Baltimore');
insert into city(region_id, name) values (753, 'Barrie');
insert into city(region_id, name) values (753, 'Barwick');
insert into city(region_id, name) values (753, 'Bearskin Lake');
insert into city(region_id, name) values (753, 'Belle Vallee');
insert into city(region_id, name) values (753, 'Brampton');
insert into city(region_id, name) values (753, 'Brockville');
insert into city(region_id, name) values (753, 'Burlington');
insert into city(region_id, name) values (753, 'Cambridge');
insert into city(region_id, name) values (753, 'Cannington');
insert into city(region_id, name) values (753, 'Concord');
insert into city(region_id, name) values (753, 'Courtland');
insert into city(region_id, name) values (753, 'Dundas');
insert into city(region_id, name) values (753, 'East York');
insert into city(region_id, name) values (753, 'Etobicoke');
insert into city(region_id, name) values (753, 'Fergus');
insert into city(region_id, name) values (753, 'Finch');
insert into city(region_id, name) values (753, 'Guelph');
insert into city(region_id, name) values (753, 'Hamilton');
insert into city(region_id, name) values (753, 'Kanata');
insert into city(region_id, name) values (753, 'Kingston');
insert into city(region_id, name) values (753, 'Kitchener');
insert into city(region_id, name) values (753, 'Lindsay');
insert into city(region_id, name) values (753, 'London');
insert into city(region_id, name) values (753, 'Mactier');
insert into city(region_id, name) values (753, 'Maple');
insert into city(region_id, name) values (753, 'Melbourne');
insert into city(region_id, name) values (753, 'Migisi Sahgaigan');
insert into city(region_id, name) values (753, 'Milton');
insert into city(region_id, name) values (753, 'Mississauga');
insert into city(region_id, name) values (753, 'Monkton');
insert into city(region_id, name) values (753, 'Montreal River Harbour');
insert into city(region_id, name) values (753, 'Nepean');
insert into city(region_id, name) values (753, 'Newmarket');
insert into city(region_id, name) values (753, 'Niagara Falls');
insert into city(region_id, name) values (753, 'North Bay');
insert into city(region_id, name) values (753, 'North York');
insert into city(region_id, name) values (753, 'Oakland');
insert into city(region_id, name) values (753, 'Oakville');
insert into city(region_id, name) values (753, 'Odessa');
insert into city(region_id, name) values (753, 'Oshawa');
insert into city(region_id, name) values (753, 'Ottawa');
insert into city(region_id, name) values (753, 'Owen Sound');
insert into city(region_id, name) values (753, 'Pembroke');
insert into city(region_id, name) values (753, 'Richmond Hill');
insert into city(region_id, name) values (753, 'Scarborough');
insert into city(region_id, name) values (753, 'St Catharines');
insert into city(region_id, name) values (753, 'Stoney Creek');
insert into city(region_id, name) values (753, 'Stouffville');
insert into city(region_id, name) values (753, 'Sudbury');
insert into city(region_id, name) values (753, 'Thornhill');
insert into city(region_id, name) values (753, 'Thornton');
insert into city(region_id, name) values (753, 'Toronto');
insert into city(region_id, name) values (753, 'Vaughan');
insert into city(region_id, name) values (753, 'Warsaw');
insert into city(region_id, name) values (753, 'Waterloo');
insert into city(region_id, name) values (753, 'Wawa');
insert into city(region_id, name) values (753, 'Welland');
insert into city(region_id, name) values (753, 'Wellington');
insert into city(region_id, name) values (753, 'Windsor');
insert into city(region_id, name) values (753, 'Woodbridge');
insert into city(region_id, name) values (753, 'Woodstock');
insert into city(region_id, name) values (753, 'York');
insert into city(region_id, name) values (770, 'Dalian');
insert into city(region_id, name) values (770, 'Fuzhou');
insert into city(region_id, name) values (770, 'Shishi');
insert into city(region_id, name) values (770, 'Xiamen');
insert into city(region_id, name) values (799, 'Alczar');
insert into city(region_id, name) values (799, 'Barranquilla');
insert into city(region_id, name) values (799, 'Colombia');
insert into city(region_id, name) values (817, 'Браззавиль');
insert into city(region_id, name) values (817, 'Кабинда');
insert into city(region_id, name) values (817, 'Пуэнт-Нуар');
insert into region(id, country_id, name) values (818, 94, 'Конго');
insert into city(region_id, name) values (434, 'Lefkda');
insert into city(region_id, name) values (434, 'Levks');
insert into city(region_id, name) values (548, 'Birr');
insert into city(region_id, name) values (548, 'Edenderry');
insert into city(region_id, name) values (548, 'Tullamore');
insert into city(region_id, name) values (583, 'Almedinilla');
insert into city(region_id, name) values (583, 'Aora');
insert into city(region_id, name) values (583, 'Azuel');
insert into city(region_id, name) values (583, 'Castellar el');
insert into city(region_id, name) values (583, 'Crdoba');
insert into city(region_id, name) values (583, 'Llanos de don juan');
insert into city(region_id, name) values (583, 'Lucena');
insert into city(region_id, name) values (583, 'Moriles');
insert into city(region_id, name) values (583, 'Palma del Ro');
insert into city(region_id, name) values (583, 'Pozoblanco');
insert into city(region_id, name) values (583, 'Puente Genil');
insert into city(region_id, name) values (583, 'Villa del Ro');
insert into city(region_id, name) values (583, 'Villarrubia');
insert into city(region_id, name) values (634, 'Agropoli');
insert into city(region_id, name) values (634, 'Amalfi');
insert into city(region_id, name) values (634, 'Angri');
insert into city(region_id, name) values (634, 'Atrani');
insert into city(region_id, name) values (634, 'Battipaglia');
insert into city(region_id, name) values (634, 'Bellizzi');
insert into city(region_id, name) values (634, 'Casal Velino');
insert into city(region_id, name) values (634, 'Castel San Giorgio');
insert into city(region_id, name) values (634, 'Cava de Tirreni');
insert into city(region_id, name) values (634, 'Eboli');
insert into city(region_id, name) values (634, 'Felitto');
insert into city(region_id, name) values (634, 'Mercato San Severino');
insert into city(region_id, name) values (634, 'Nocera Inferiore');
insert into city(region_id, name) values (634, 'Palomonte');
insert into city(region_id, name) values (634, 'Positano');
insert into city(region_id, name) values (634, 'Salento');
insert into city(region_id, name) values (634, 'Salerno');
insert into city(region_id, name) values (634, 'San Valentino Torio');
insert into city(region_id, name) values (634, 'SantEgidio del Monte Albino');
insert into city(region_id, name) values (634, 'Sapri');
insert into city(region_id, name) values (634, 'Sarno');
insert into city(region_id, name) values (634, 'Scafati');
insert into city(region_id, name) values (634, 'Stella Cilento');
insert into city(region_id, name) values (634, 'Teggiano');
insert into city(region_id, name) values (733, 'Боровской');
insert into city(region_id, name) values (733, 'Джетыгара');
insert into city(region_id, name) values (733, 'Затобольск');
insert into city(region_id, name) values (733, 'Камышное');
insert into city(region_id, name) values (733, 'Карасу');
insert into city(region_id, name) values (733, 'Комсомолец');
insert into city(region_id, name) values (733, 'Кустанай');
insert into city(region_id, name) values (733, 'Кушмурун');
insert into city(region_id, name) values (733, 'Ленинское');
insert into city(region_id, name) values (733, 'Лисаковск');
insert into city(region_id, name) values (733, 'Орджоникидзе');
insert into city(region_id, name) values (733, 'Рудный');
insert into city(region_id, name) values (733, 'Семиозерное');
insert into city(region_id, name) values (733, 'Тобол');
insert into city(region_id, name) values (733, 'Урицкий');
insert into city(region_id, name) values (733, 'Успеновка');
insert into city(region_id, name) values (754, 'Albany');
insert into city(region_id, name) values (754, 'Charlottetown');
insert into city(region_id, name) values (754, 'Elmira');
insert into city(region_id, name) values (754, 'Georgetown');
insert into city(region_id, name) values (754, 'Montague');
insert into city(region_id, name) values (754, 'Morell');
insert into city(region_id, name) values (754, 'Vernon Bridge');
insert into city(region_id, name) values (771, 'Aganzhen');
insert into city(region_id, name) values (771, 'Ankou');
insert into city(region_id, name) values (771, 'Daan');
insert into city(region_id, name) values (771, 'Lanzhou');
insert into city(region_id, name) values (771, 'Lanzhou Shi');
insert into city(region_id, name) values (771, 'Linxia');
insert into city(region_id, name) values (800, 'Cachiza');
insert into city(region_id, name) values (818, 'Киншаса');
insert into region(id, country_id, name) values (819, 95, 'Alajuela');
insert into region(id, country_id, name) values (820, 95, 'Cartago');
insert into region(id, country_id, name) values (821, 95, 'Guanacaste');
insert into region(id, country_id, name) values (822, 95, 'Heredia');
insert into region(id, country_id, name) values (823, 95, 'Limn');
insert into region(id, country_id, name) values (824, 95, 'Puntarenas');
insert into region(id, country_id, name) values (825, 95, 'San Jos');
insert into city(region_id, name) values (435, 'Volo');
insert into city(region_id, name) values (435, 'Vlos');
insert into city(region_id, name) values (549, 'Boyle');
insert into city(region_id, name) values (549, 'Roscommon');
insert into city(region_id, name) values (584, 'Alarcon');
insert into city(region_id, name) values (584, 'Cuenca');
insert into city(region_id, name) values (584, 'Minglanilla');
insert into city(region_id, name) values (584, 'Tarancn');
insert into city(region_id, name) values (635, 'Bologna');
insert into city(region_id, name) values (635, 'Borgo Tossignano');
insert into city(region_id, name) values (635, 'Casalecchio di Reno');
insert into city(region_id, name) values (635, 'Castel Maggiore');
insert into city(region_id, name) values (635, 'Castel San Pietro Terme');
insert into city(region_id, name) values (635, 'Castello dArgile');
insert into city(region_id, name) values (635, 'Castello di Serravalle');
insert into city(region_id, name) values (635, 'Imola');
insert into city(region_id, name) values (635, 'San Giovanni in Persiceto');
insert into city(region_id, name) values (635, 'Vergato');
insert into city(region_id, name) values (635, 'Zola Predosa');
insert into city(region_id, name) values (734, 'Актау (Шевченко)');
insert into city(region_id, name) values (734, 'Баутино');
insert into city(region_id, name) values (734, 'Бейнеу');
insert into city(region_id, name) values (734, 'Новый Узень');
insert into city(region_id, name) values (734, 'Форт-Шевченко');
insert into city(region_id, name) values (755, 'Abercorn');
insert into city(region_id, name) values (755, 'Alma');
insert into city(region_id, name) values (755, 'Ange-Gardien');
insert into city(region_id, name) values (755, 'Ascot Corner');
insert into city(region_id, name) values (755, 'Chelsea');
insert into city(region_id, name) values (755, 'Clermont');
insert into city(region_id, name) values (755, 'Dollard-des-Ormeaux');
insert into city(region_id, name) values (755, 'Gatineau');
insert into city(region_id, name) values (755, 'Laval');
insert into city(region_id, name) values (755, 'Longueuil');
insert into city(region_id, name) values (755, 'Matane');
insert into city(region_id, name) values (755, 'Mont-Royal');
insert into city(region_id, name) values (755, 'Mont-Tremblant');
insert into city(region_id, name) values (755, 'Montreal');
insert into city(region_id, name) values (755, 'Montreal-Est');
insert into city(region_id, name) values (755, 'Montreal-Nord');
insert into city(region_id, name) values (755, 'Montreal-Ouest');
insert into city(region_id, name) values (755, 'North Hatley');
insert into city(region_id, name) values (755, 'Ottawa');
insert into city(region_id, name) values (755, 'Pierrefonds');
insert into city(region_id, name) values (755, 'Quebec');
insert into city(region_id, name) values (755, 'Richmond');
insert into city(region_id, name) values (755, 'Saint-Adrien');
insert into city(region_id, name) values (755, 'Saint-Laurent');
insert into city(region_id, name) values (755, 'Sept-Iles');
insert into city(region_id, name) values (755, 'Sherbrooke');
insert into city(region_id, name) values (755, 'Sillery');
insert into city(region_id, name) values (755, 'Victoriaville');
insert into city(region_id, name) values (755, 'Westmount');
insert into city(region_id, name) values (755, 'Yamaska');
insert into city(region_id, name) values (772, 'Chaozhou');
insert into city(region_id, name) values (772, 'Dongguan');
insert into city(region_id, name) values (772, 'Foshan');
insert into city(region_id, name) values (772, 'Guangzhou');
insert into city(region_id, name) values (772, 'Guangzhou Shi');
insert into city(region_id, name) values (772, 'Guanzhuang');
insert into city(region_id, name) values (772, 'Jiangmen');
insert into city(region_id, name) values (772, 'Juncun');
insert into city(region_id, name) values (772, 'Qingyun');
insert into city(region_id, name) values (772, 'Shahezhen');
insert into city(region_id, name) values (772, 'Shantou');
insert into city(region_id, name) values (772, 'Shekou');
insert into city(region_id, name) values (772, 'Shenchen');
insert into city(region_id, name) values (772, 'Shenching');
insert into city(region_id, name) values (772, 'Shenzhen');
insert into city(region_id, name) values (772, 'Zhongshan');
insert into city(region_id, name) values (772, 'Zhuhai');
insert into city(region_id, name) values (801, 'Popayn');
insert into city(region_id, name) values (801, 'Santander de Quilichao');
insert into city(region_id, name) values (819, 'Alajuela');
insert into city(region_id, name) values (819, 'Ciudad Quesada');
insert into city(region_id, name) values (819, 'Fortuna');
insert into city(region_id, name) values (819, 'Grecia');
insert into region(id, country_id, name) values (826, 96, 'Кот-дИвуар');
insert into city(region_id, name) values (436, 'Gargalinoi');
insert into city(region_id, name) values (436, 'Kalamta');
insert into city(region_id, name) values (436, 'Kalamatas');
insert into city(region_id, name) values (436, 'Kalmata');
insert into city(region_id, name) values (436, 'Messeni');
insert into city(region_id, name) values (550, 'Ballymote');
insert into city(region_id, name) values (550, 'Sligo');
insert into city(region_id, name) values (585, 'Banyoles');
insert into city(region_id, name) values (585, 'Bellcaire demporda');
insert into city(region_id, name) values (585, 'Besal');
insert into city(region_id, name) values (585, 'Blanes');
insert into city(region_id, name) values (585, 'Calella');
insert into city(region_id, name) values (585, 'Calonge');
insert into city(region_id, name) values (585, 'Castell dEmpries');
insert into city(region_id, name) values (585, 'Empuria brava');
insert into city(region_id, name) values (585, 'Figueres');
insert into city(region_id, name) values (585, 'Girona');
insert into city(region_id, name) values (585, 'LEscala');
insert into city(region_id, name) values (585, 'La Jonquera');
insert into city(region_id, name) values (585, 'Lloret de Mar');
insert into city(region_id, name) values (585, 'Olot');
insert into city(region_id, name) values (585, 'Palafrugell');
insert into city(region_id, name) values (585, 'Palams');
insert into city(region_id, name) values (585, 'Pals');
insert into city(region_id, name) values (585, 'Platja dharo');
insert into city(region_id, name) values (585, 'Puigcerd');
insert into city(region_id, name) values (585, 'Roses');
insert into city(region_id, name) values (585, 'Salt');
insert into city(region_id, name) values (585, 'Sant antoni de calonge');
insert into city(region_id, name) values (585, 'Sant Feliu de Guxols');
insert into city(region_id, name) values (585, 'Sant Juli de Ramis');
insert into city(region_id, name) values (585, 'Santa Coloma de Farners');
insert into city(region_id, name) values (585, 'Tossa de Mar');
insert into city(region_id, name) values (585, 'Vidrieres');
insert into city(region_id, name) values (636, 'Bondeno');
insert into city(region_id, name) values (636, 'Cento');
insert into city(region_id, name) values (636, 'Codigoro');
insert into city(region_id, name) values (636, 'Ferrara');
insert into city(region_id, name) values (636, 'Ro');
insert into city(region_id, name) values (636, 'Voghiera');
insert into city(region_id, name) values (735, 'Аксу (Ермак)');
insert into city(region_id, name) values (735, 'Баянаул');
insert into city(region_id, name) values (735, 'Железинка');
insert into city(region_id, name) values (735, 'Иртышск');
insert into city(region_id, name) values (735, 'Калкаман');
insert into city(region_id, name) values (735, 'Краснокутск');
insert into city(region_id, name) values (735, 'Лебяжье');
insert into city(region_id, name) values (735, 'Майкаин');
insert into city(region_id, name) values (735, 'Павлодар');
insert into city(region_id, name) values (735, 'Успенка');
insert into city(region_id, name) values (735, 'Щербакты');
insert into city(region_id, name) values (735, 'Экибастуз');
insert into city(region_id, name) values (756, 'Alameda');
insert into city(region_id, name) values (756, 'Estevan');
insert into city(region_id, name) values (756, 'Moose Jaw');
insert into city(region_id, name) values (756, 'North Battleford');
insert into city(region_id, name) values (756, 'Regina');
insert into city(region_id, name) values (756, 'Saskatoon');
insert into city(region_id, name) values (756, 'Tisdale');
insert into city(region_id, name) values (756, 'Warman');
insert into city(region_id, name) values (756, 'Weyburn');
insert into city(region_id, name) values (756, 'Windthorst');
insert into city(region_id, name) values (756, 'Yorkton');
insert into city(region_id, name) values (773, 'Guilin');
insert into city(region_id, name) values (773, 'Nanning');
insert into city(region_id, name) values (802, 'Arauca');
insert into city(region_id, name) values (802, 'Valledupar');
insert into city(region_id, name) values (820, 'Aragn');
insert into city(region_id, name) values (820, 'Arenilla');
insert into city(region_id, name) values (820, 'Cach');
insert into city(region_id, name) values (820, 'Cartago');
insert into city(region_id, name) values (826, 'Абиджан');
insert into city(region_id, name) values (826, 'Ямусукро');
insert into region(id, country_id, name) values (827, 97, 'Camaguey');
insert into region(id, country_id, name) values (828, 97, 'Ciego de Avila');
insert into region(id, country_id, name) values (829, 97, 'Ciudad de la Habana');
insert into region(id, country_id, name) values (830, 97, 'Granma');
insert into region(id, country_id, name) values (831, 97, 'Guantanamo');
insert into region(id, country_id, name) values (832, 97, 'Holguin');
insert into region(id, country_id, name) values (833, 97, 'Isla de la Juventud');
insert into region(id, country_id, name) values (834, 97, 'La Habana');
insert into region(id, country_id, name) values (835, 97, 'Las Tunas');
insert into region(id, country_id, name) values (836, 97, 'Matanzas');
insert into region(id, country_id, name) values (837, 97, 'None');
insert into region(id, country_id, name) values (838, 97, 'Pinar del Rio');
insert into region(id, country_id, name) values (839, 97, 'Sancti Spiritus');
insert into region(id, country_id, name) values (840, 97, 'Santiago de Cuba');
insert into region(id, country_id, name) values (841, 97, 'Villa Clara');
insert into city(region_id, name) values (437, 'Ads');
insert into city(region_id, name) values (437, 'Anaphi');
insert into city(region_id, name) values (437, 'Xina');
insert into city(region_id, name) values (437, 'Zaimi');
insert into city(region_id, name) values (551, 'Cahir');
insert into city(region_id, name) values (551, 'Cashel');
insert into city(region_id, name) values (551, 'Clonmel');
insert into city(region_id, name) values (551, 'Fethard');
insert into city(region_id, name) values (551, 'Nenagh');
insert into city(region_id, name) values (551, 'Roscrea');
insert into city(region_id, name) values (551, 'Thurles');
insert into city(region_id, name) values (551, 'Tipperary');
insert into city(region_id, name) values (586, 'Acula');
insert into city(region_id, name) values (586, 'Albolote');
insert into city(region_id, name) values (586, 'Aldeilla');
insert into city(region_id, name) values (586, 'Almucar');
insert into city(region_id, name) values (586, 'Armilla');
insert into city(region_id, name) values (586, 'Baza');
insert into city(region_id, name) values (586, 'Fuente Vaqueros');
insert into city(region_id, name) values (586, 'Gorafe');
insert into city(region_id, name) values (586, 'Granada');
insert into city(region_id, name) values (586, 'Maracena');
insert into city(region_id, name) values (586, 'Motril');
insert into city(region_id, name) values (586, 'Otura');
insert into city(region_id, name) values (586, 'Santa Fe');
insert into city(region_id, name) values (637, 'Bagno di Romagna');
insert into city(region_id, name) values (637, 'Borghi');
insert into city(region_id, name) values (637, 'Cesena');
insert into city(region_id, name) values (637, 'Cesenatico');
insert into city(region_id, name) values (637, 'Forl');
insert into city(region_id, name) values (637, 'Forlimpopoli');
insert into city(region_id, name) values (637, 'Predappio');
insert into city(region_id, name) values (637, 'Sarsina');
insert into city(region_id, name) values (637, 'Savignano sul Rubicone');
insert into city(region_id, name) values (736, 'Благовещенка');
insert into city(region_id, name) values (736, 'Булаево');
insert into city(region_id, name) values (736, 'Корнеевка');
insert into city(region_id, name) values (736, 'Мамлютка');
insert into city(region_id, name) values (736, 'Петропавловск');
insert into city(region_id, name) values (736, 'Пресновка');
insert into city(region_id, name) values (736, 'Сергеевка');
insert into city(region_id, name) values (736, 'Соколовка');
insert into city(region_id, name) values (736, 'Явленка');
insert into city(region_id, name) values (757, 'Carcross');
insert into city(region_id, name) values (757, 'Dawson');
insert into city(region_id, name) values (757, 'Faro');
insert into city(region_id, name) values (757, 'Whitehorse');
insert into city(region_id, name) values (774, 'Chushui');
insert into city(region_id, name) values (774, 'Guandong');
insert into city(region_id, name) values (774, 'Guanzhou');
insert into city(region_id, name) values (774, 'Yecha');
insert into city(region_id, name) values (803, 'Acos');
insert into city(region_id, name) values (803, 'Las Hamacas');
insert into city(region_id, name) values (803, 'Quibd');
insert into city(region_id, name) values (821, 'Caas');
insert into city(region_id, name) values (821, 'Nicoya');
insert into city(region_id, name) values (827, 'Aguacatico');
insert into city(region_id, name) values (827, 'Camagey');
insert into city(region_id, name) values (827, 'Colonia');
insert into region(id, country_id, name) values (842, 98, 'al-Jahra');
insert into region(id, country_id, name) values (843, 98, 'al-Kuwayt');
insert into city(region_id, name) values (438, 'Aridea');
insert into city(region_id, name) values (438, 'dessa');
insert into city(region_id, name) values (438, 'dhessa');
insert into city(region_id, name) values (438, 'Giannits');
insert into city(region_id, name) values (438, 'Skdra');
insert into city(region_id, name) values (552, 'Dungarvan');
insert into city(region_id, name) values (552, 'Lismore');
insert into city(region_id, name) values (552, 'Waterford');
insert into city(region_id, name) values (587, 'Guadalajara');
insert into city(region_id, name) values (587, 'Villares de jadraque');
insert into city(region_id, name) values (638, 'Carpi');
insert into city(region_id, name) values (638, 'Castelvetro di Modena');
insert into city(region_id, name) values (638, 'Fiorano Modenese');
insert into city(region_id, name) values (638, 'Maranello');
insert into city(region_id, name) values (638, 'Mirandola');
insert into city(region_id, name) values (638, 'Modena');
insert into city(region_id, name) values (638, 'Montefiorino');
insert into city(region_id, name) values (638, 'Pavullo nel Frignano');
insert into city(region_id, name) values (638, 'Polinago');
insert into city(region_id, name) values (638, 'Ravarino');
insert into city(region_id, name) values (638, 'Sassuolo');
insert into city(region_id, name) values (638, 'Soliera');
insert into city(region_id, name) values (638, 'Vignola');
insert into city(region_id, name) values (737, 'Актогай');
insert into city(region_id, name) values (737, 'Андреевка');
insert into city(region_id, name) values (737, 'Джансугуров');
insert into city(region_id, name) values (737, 'Капал');
insert into city(region_id, name) values (737, 'Карабулак');
insert into city(region_id, name) values (737, 'Кировский');
insert into city(region_id, name) values (737, 'Панфилов');
insert into city(region_id, name) values (737, 'Сарканд');
insert into city(region_id, name) values (737, 'Сарыозек');
insert into city(region_id, name) values (737, 'Талды-Курган');
insert into city(region_id, name) values (737, 'Текели');
insert into city(region_id, name) values (737, 'Учарал');
insert into city(region_id, name) values (737, 'Уштобе');
insert into city(region_id, name) values (775, 'Baishacun');
insert into city(region_id, name) values (775, 'Haikou');
insert into city(region_id, name) values (775, 'Hainan');
insert into city(region_id, name) values (775, 'Juntian');
insert into city(region_id, name) values (775, 'Sanjia');
insert into city(region_id, name) values (775, 'Sanya');
insert into city(region_id, name) values (804, 'Aguas Claras');
insert into city(region_id, name) values (804, 'Montera');
insert into city(region_id, name) values (822, 'Heredia');
insert into city(region_id, name) values (822, 'San Antonio de Belen');
insert into city(region_id, name) values (822, 'San Juan Abajo');
insert into city(region_id, name) values (822, 'San Pablo');
insert into city(region_id, name) values (828, 'Adela');
insert into city(region_id, name) values (828, 'Alonzo');
insert into city(region_id, name) values (828, 'Baragu');
insert into city(region_id, name) values (828, 'Habana');
insert into city(region_id, name) values (828, 'Morn');
insert into city(region_id, name) values (842, 'Аль-Яхра');
insert into region(id, country_id, name) values (844, 99, 'Аваруа');
insert into city(region_id, name) values (439, 'Alnia');
insert into city(region_id, name) values (439, 'Kalitea');
insert into city(region_id, name) values (439, 'Katerina');
insert into city(region_id, name) values (439, 'Katerni');
insert into city(region_id, name) values (439, 'Leptokary');
insert into city(region_id, name) values (439, 'Parala');
insert into city(region_id, name) values (439, 'Ptra');
insert into city(region_id, name) values (553, 'Athlone');
insert into city(region_id, name) values (553, 'Moate');
insert into city(region_id, name) values (553, 'Mullingar');
insert into city(region_id, name) values (588, 'Andoain');
insert into city(region_id, name) values (588, 'Arrasate/Mondragn');
insert into city(region_id, name) values (588, 'Beasain');
insert into city(region_id, name) values (588, 'Hernani');
insert into city(region_id, name) values (588, 'Irun');
insert into city(region_id, name) values (588, 'Irura');
insert into city(region_id, name) values (588, 'Ormaiztegi');
insert into city(region_id, name) values (588, 'Renteria');
insert into city(region_id, name) values (588, 'San Sebastin');
insert into city(region_id, name) values (588, 'Tolosa');
insert into city(region_id, name) values (588, 'Txikierdi');
insert into city(region_id, name) values (639, 'Albareto');
insert into city(region_id, name) values (639, 'Collecchio');
insert into city(region_id, name) values (639, 'Colorno');
insert into city(region_id, name) values (639, 'Fidenza');
insert into city(region_id, name) values (639, 'Fontevivo');
insert into city(region_id, name) values (639, 'Fornovo di Taro');
insert into city(region_id, name) values (639, 'Parma');
insert into city(region_id, name) values (639, 'Salsomaggiore Terme');
insert into city(region_id, name) values (738, 'Амангельды');
insert into city(region_id, name) values (738, 'Аркалык');
insert into city(region_id, name) values (738, 'Державинск');
insert into city(region_id, name) values (738, 'Есиль');
insert into city(region_id, name) values (738, 'Жаксы');
insert into city(region_id, name) values (738, 'Октябрьское');
insert into city(region_id, name) values (738, 'Тургай');
insert into city(region_id, name) values (776, 'Baoding');
insert into city(region_id, name) values (776, 'Changtai');
insert into city(region_id, name) values (776, 'Hengshui');
insert into city(region_id, name) values (776, 'Qinhuangdao');
insert into city(region_id, name) values (776, 'Shihjiazhuang');
insert into city(region_id, name) values (776, 'Shijiazhuang');
insert into city(region_id, name) values (776, 'Shijiazhuang Shi');
insert into city(region_id, name) values (805, 'Bogot');
insert into city(region_id, name) values (805, 'Cha');
insert into city(region_id, name) values (805, 'Funza');
insert into city(region_id, name) values (805, 'Fusagasuga');
insert into city(region_id, name) values (805, 'Girardot');
insert into city(region_id, name) values (805, 'Soacha');
insert into city(region_id, name) values (823, 'frica');
insert into city(region_id, name) values (823, 'Agbeta');
insert into city(region_id, name) values (823, 'Altos Herediana');
insert into city(region_id, name) values (823, 'Asuncin');
insert into city(region_id, name) values (823, 'Atlanta');
insert into city(region_id, name) values (823, 'Puerto Viejo');
insert into city(region_id, name) values (829, 'Habana');
insert into city(region_id, name) values (829, 'Havana');
insert into city(region_id, name) values (829, 'La Habana');
insert into city(region_id, name) values (829, 'Nuevo Vedado');
insert into city(region_id, name) values (829, 'Playa');
insert into city(region_id, name) values (843, 'Эль-Кувейт');
insert into city(region_id, name) values (844, 'Аваруа');
insert into region(id, country_id, name) values (845, 100, 'Иссык-Кульская обл.');
insert into region(id, country_id, name) values (846, 100, 'Кыргызстан');
insert into region(id, country_id, name) values (847, 100, 'Нарынская обл.');
insert into region(id, country_id, name) values (848, 100, 'Ошская обл.');
insert into region(id, country_id, name) values (849, 100, 'Таласская обл.');
insert into city(region_id, name) values (440, 'Prveza');
insert into city(region_id, name) values (554, 'Bunclody');
insert into city(region_id, name) values (554, 'Enniscorthy');
insert into city(region_id, name) values (554, 'Gorey');
insert into city(region_id, name) values (554, 'New Ross');
insert into city(region_id, name) values (554, 'Wexford');
insert into city(region_id, name) values (589, 'Aljaraque');
insert into city(region_id, name) values (589, 'Almonte');
insert into city(region_id, name) values (589, 'Alto de la mesa');
insert into city(region_id, name) values (589, 'Bollullos Par del Condado');
insert into city(region_id, name) values (589, 'Cartaya');
insert into city(region_id, name) values (589, 'Huelva');
insert into city(region_id, name) values (589, 'Lepe');
insert into city(region_id, name) values (589, 'Palos de la Frontera');
insert into city(region_id, name) values (589, 'Punta Umbra');
insert into city(region_id, name) values (640, 'Alseno');
insert into city(region_id, name) values (640, 'Besenzone');
insert into city(region_id, name) values (640, 'Farini');
insert into city(region_id, name) values (640, 'Lugagnano Val dArda');
insert into city(region_id, name) values (640, 'Piacenza');
insert into city(region_id, name) values (640, 'Sarmato');
insert into city(region_id, name) values (739, 'Арысь');
insert into city(region_id, name) values (739, 'Байжансай');
insert into city(region_id, name) values (739, 'Белые Воды');
insert into city(region_id, name) values (739, 'Ванновка');
insert into city(region_id, name) values (739, 'Джетысай');
insert into city(region_id, name) values (739, 'Кентау');
insert into city(region_id, name) values (739, 'Ленгер');
insert into city(region_id, name) values (739, 'Мырзакент');
insert into city(region_id, name) values (739, 'Сарыагач');
insert into city(region_id, name) values (739, 'Темирлановка');
insert into city(region_id, name) values (739, 'Туркестан');
insert into city(region_id, name) values (739, 'Чардара');
insert into city(region_id, name) values (739, 'Чаян');
insert into city(region_id, name) values (739, 'Чулаккурган');
insert into city(region_id, name) values (739, 'Шаульдер');
insert into city(region_id, name) values (739, 'Шымкент (Чимкент)');
insert into city(region_id, name) values (777, 'Amuerkhechzhan');
insert into city(region_id, name) values (777, 'Daqing');
insert into city(region_id, name) values (777, 'Dongning');
insert into city(region_id, name) values (777, 'Fuhai');
insert into city(region_id, name) values (777, 'Haerhpin');
insert into city(region_id, name) values (777, 'Harbin');
insert into city(region_id, name) values (777, 'Harbin Shi');
insert into city(region_id, name) values (777, 'Heihe');
insert into city(region_id, name) values (777, 'Jiamusi');
insert into city(region_id, name) values (777, 'Jixi');
insert into city(region_id, name) values (777, 'Mudanjiang');
insert into city(region_id, name) values (777, 'Mutanchiangshih');
insert into city(region_id, name) values (777, 'Qiqihar');
insert into city(region_id, name) values (777, 'Suifenhe');
insert into city(region_id, name) values (777, 'Tongjiang');
insert into city(region_id, name) values (777, 'Tsitsihar');
insert into city(region_id, name) values (806, 'Barrio Boyac');
insert into city(region_id, name) values (806, 'Bravo Pez');
insert into city(region_id, name) values (824, 'Aro');
insert into city(region_id, name) values (824, 'Baja Moras');
insert into city(region_id, name) values (824, 'Jac');
insert into city(region_id, name) values (830, 'Arroz');
insert into city(region_id, name) values (830, 'Manzanillo');
insert into city(region_id, name) values (845, 'Ак-Шыйрак');
insert into city(region_id, name) values (845, 'Ананьево');
insert into city(region_id, name) values (845, 'Боконбаевское');
insert into city(region_id, name) values (845, 'Бостери');
insert into city(region_id, name) values (845, 'Каджи-Сай');
insert into city(region_id, name) values (845, 'Кызыл Туу');
insert into city(region_id, name) values (845, 'Покровка');
insert into city(region_id, name) values (845, 'Пржевальск');
insert into city(region_id, name) values (845, 'Рыбачье');
insert into city(region_id, name) values (845, 'Тюп');
insert into city(region_id, name) values (845, 'Чолпон-Ата');
insert into region(id, country_id, name) values (850, 101, 'Лаос');
insert into city(region_id, name) values (441, 'Prama');
insert into city(region_id, name) values (441, 'Rthimnon');
insert into city(region_id, name) values (441, 'Rthymno');
insert into city(region_id, name) values (441, 'Rthymnon');
insert into city(region_id, name) values (555, 'Arklow');
insert into city(region_id, name) values (555, 'Blessington');
insert into city(region_id, name) values (555, 'Bray');
insert into city(region_id, name) values (555, 'Enniskerry');
insert into city(region_id, name) values (555, 'Wicklow');
insert into city(region_id, name) values (590, 'Fraga');
insert into city(region_id, name) values (590, 'Huesca');
insert into city(region_id, name) values (590, 'Jaca');
insert into city(region_id, name) values (590, 'Monzn');
insert into city(region_id, name) values (590, 'Zaidin');
insert into city(region_id, name) values (641, 'Alfonsine');
insert into city(region_id, name) values (641, 'Cervia');
insert into city(region_id, name) values (641, 'Conselice');
insert into city(region_id, name) values (641, 'Faenza');
insert into city(region_id, name) values (641, 'Lugo');
insert into city(region_id, name) values (641, 'Massa Lombarda');
insert into city(region_id, name) values (641, 'Ravenna');
insert into city(region_id, name) values (641, 'Russi');
insert into city(region_id, name) values (778, 'Caicao');
insert into city(region_id, name) values (778, 'Jiaozuo');
insert into city(region_id, name) values (778, 'Luoyang');
insert into city(region_id, name) values (778, 'Zhengzhou');
insert into city(region_id, name) values (807, 'Arabia');
insert into city(region_id, name) values (807, 'Bogot');
insert into city(region_id, name) values (807, 'Isnos');
insert into city(region_id, name) values (807, 'Mxico');
insert into city(region_id, name) values (807, 'Neiva');
insert into city(region_id, name) values (825, 'Alto');
insert into city(region_id, name) values (825, 'Barrio Escalante');
insert into city(region_id, name) values (825, 'Barrio Urea');
insert into city(region_id, name) values (825, 'Calle Blancos');
insert into city(region_id, name) values (825, 'Curridabat');
insert into city(region_id, name) values (825, 'Escaz');
insert into city(region_id, name) values (825, 'Morado');
insert into city(region_id, name) values (825, 'San Jos');
insert into city(region_id, name) values (825, 'San Pedro');
insert into city(region_id, name) values (831, 'Arena');
insert into city(region_id, name) values (831, 'Cabana');
insert into city(region_id, name) values (831, 'Guantnamo');
insert into city(region_id, name) values (831, 'Guatanamo');
insert into city(region_id, name) values (831, 'Santa Mara');
insert into city(region_id, name) values (846, 'Ак-Суу');
insert into city(region_id, name) values (846, 'Араван');
insert into city(region_id, name) values (846, 'Балыкчи');
insert into city(region_id, name) values (846, 'Беловодское');
insert into city(region_id, name) values (846, 'Бишкек');
insert into city(region_id, name) values (846, 'Боконбаевское');
insert into city(region_id, name) values (846, 'Быстровка');
insert into city(region_id, name) values (846, 'Жалал Абад');
insert into city(region_id, name) values (846, 'Ивановка');
insert into city(region_id, name) values (846, 'Каинды');
insert into city(region_id, name) values (846, 'Кант');
insert into city(region_id, name) values (846, 'Кара-Балта');
insert into city(region_id, name) values (846, 'Караван');
insert into city(region_id, name) values (846, 'Каракол');
insert into city(region_id, name) values (846, 'Кемин');
insert into city(region_id, name) values (846, 'Кербен');
insert into city(region_id, name) values (846, 'Лебединовка');
insert into city(region_id, name) values (846, 'Майлуу-Суу');
insert into city(region_id, name) values (846, 'Нарын');
insert into city(region_id, name) values (846, 'Ош');
insert into city(region_id, name) values (846, 'Пульгон');
insert into city(region_id, name) values (846, 'Соколук');
insert into city(region_id, name) values (846, 'Талас');
insert into city(region_id, name) values (846, 'Таш-Кумыр');
insert into city(region_id, name) values (846, 'Токмак');
insert into city(region_id, name) values (846, 'Чолпон-Ата');
insert into city(region_id, name) values (846, 'Чуй');
insert into city(region_id, name) values (846, 'Эски-Ноокат');
insert into city(region_id, name) values (850, 'Вьентьян');
insert into region(id, country_id, name) values (851, 102, 'Латвия');
insert into city(region_id, name) values (442, 'Gmlcine');
insert into city(region_id, name) values (442, 'Komotine');
insert into city(region_id, name) values (442, 'Komotin');
insert into city(region_id, name) values (442, 'Spes');
insert into city(region_id, name) values (591, 'Arenal s');
insert into city(region_id, name) values (591, 'Art');
insert into city(region_id, name) values (591, 'Binissalem');
insert into city(region_id, name) values (591, 'Can pastilla');
insert into city(region_id, name) values (591, 'Ciutadella de Menorca');
insert into city(region_id, name) values (591, 'Eivissa');
insert into city(region_id, name) values (591, 'Inca');
insert into city(region_id, name) values (591, 'Mahon');
insert into city(region_id, name) values (591, 'Muro');
insert into city(region_id, name) values (591, 'Palma de Mallorca');
insert into city(region_id, name) values (591, 'Palma nova');
insert into city(region_id, name) values (591, 'Sant antoni abat');
insert into city(region_id, name) values (591, 'Santa Eulalia des Riu');
insert into city(region_id, name) values (591, 'Santa pona');
insert into city(region_id, name) values (591, 'Talamanca');
insert into city(region_id, name) values (642, 'Albinea');
insert into city(region_id, name) values (642, 'Brescello');
insert into city(region_id, name) values (642, 'Cavriago');
insert into city(region_id, name) values (642, 'Correggio');
insert into city(region_id, name) values (642, 'Fabbrico');
insert into city(region_id, name) values (642, 'Guastalla');
insert into city(region_id, name) values (642, 'Reggio nellEmilia');
insert into city(region_id, name) values (642, 'San Martino in Rio');
insert into city(region_id, name) values (642, 'Viano');
insert into city(region_id, name) values (779, 'Bingying');
insert into city(region_id, name) values (779, 'Huiwan');
insert into city(region_id, name) values (779, 'Wuchang');
insert into city(region_id, name) values (779, 'Wuhan');
insert into city(region_id, name) values (779, 'Wuxue');
insert into city(region_id, name) values (808, 'Maicao');
insert into city(region_id, name) values (808, 'Rohacha');
insert into city(region_id, name) values (832, 'Cacocn');
insert into city(region_id, name) values (832, 'Holgun');
insert into city(region_id, name) values (847, 'Ат-Баши');
insert into city(region_id, name) values (847, 'Дюрбельджин');
insert into city(region_id, name) values (847, 'Казарман');
insert into city(region_id, name) values (847, 'Кочкорка');
insert into city(region_id, name) values (847, 'Нарын');
insert into city(region_id, name) values (847, 'Чаек');
insert into city(region_id, name) values (851, 'Айзпуте');
insert into city(region_id, name) values (851, 'Айнажи');
insert into city(region_id, name) values (851, 'Алоя');
insert into city(region_id, name) values (851, 'Алсунга');
insert into city(region_id, name) values (851, 'Алуксне');
insert into city(region_id, name) values (851, 'Апе');
insert into city(region_id, name) values (851, 'Ауце');
insert into city(region_id, name) values (851, 'Балви');
insert into city(region_id, name) values (851, 'Балдоне');
insert into city(region_id, name) values (851, 'Баложи');
insert into city(region_id, name) values (851, 'Бауска');
insert into city(region_id, name) values (851, 'Бене');
insert into city(region_id, name) values (851, 'Броцены');
insert into city(region_id, name) values (851, 'Валка');
insert into city(region_id, name) values (851, 'Валмиера');
insert into city(region_id, name) values (851, 'Варакляны');
insert into city(region_id, name) values (851, 'Вентспилс');
insert into city(region_id, name) values (851, 'Виляка');
insert into city(region_id, name) values (851, 'Виляны');
insert into city(region_id, name) values (851, 'Гробиня');
insert into city(region_id, name) values (851, 'Гулбене');
insert into city(region_id, name) values (851, 'Гульбене');
insert into city(region_id, name) values (851, 'Даугавпилс');
insert into city(region_id, name) values (851, 'Добеле');
insert into city(region_id, name) values (851, 'Дундага');
insert into city(region_id, name) values (851, 'Дурбе');
insert into city(region_id, name) values (851, 'Екабпилс');
insert into city(region_id, name) values (851, 'Елгава');
insert into city(region_id, name) values (851, 'Зилупе');
insert into city(region_id, name) values (851, 'Иецава');
insert into city(region_id, name) values (851, 'Илуксте');
insert into city(region_id, name) values (851, 'Калнциемс');
insert into city(region_id, name) values (851, 'Кандава');
insert into city(region_id, name) values (851, 'Карсава');
insert into city(region_id, name) values (851, 'Кегумс');
insert into city(region_id, name) values (851, 'Кокнесе');
insert into city(region_id, name) values (851, 'Колка');
insert into city(region_id, name) values (851, 'Краслава');
insert into city(region_id, name) values (851, 'Кулдига');
insert into city(region_id, name) values (851, 'Ливаны');
insert into city(region_id, name) values (851, 'Лиепая');
insert into city(region_id, name) values (851, 'Лимбажи');
insert into city(region_id, name) values (851, 'Лудза');
insert into city(region_id, name) values (851, 'Мадона');
insert into city(region_id, name) values (851, 'Огре');
insert into city(region_id, name) values (851, 'Плявиняс');
insert into city(region_id, name) values (851, 'Прейли');
insert into city(region_id, name) values (851, 'Резекне');
insert into city(region_id, name) values (851, 'Рига');
insert into city(region_id, name) values (851, 'Салдус');
insert into city(region_id, name) values (851, 'Сигулда');
insert into city(region_id, name) values (851, 'Стучка');
insert into city(region_id, name) values (851, 'Талси');
insert into city(region_id, name) values (851, 'Тукумс');
insert into city(region_id, name) values (851, 'Цесис');
insert into city(region_id, name) values (851, 'Элея');
insert into city(region_id, name) values (851, 'Юрмала');
insert into region(id, country_id, name) values (852, 103, 'Лесото');
insert into city(region_id, name) values (443, 'Aga Kyriak');
insert into city(region_id, name) values (443, 'Rva');
insert into city(region_id, name) values (443, 'Smos');
insert into city(region_id, name) values (443, 'Vath');
insert into city(region_id, name) values (592, 'Arroyo del Ojanco');
insert into city(region_id, name) values (592, 'Aulabar');
insert into city(region_id, name) values (592, 'Baeza');
insert into city(region_id, name) values (592, 'Coto rios');
insert into city(region_id, name) values (592, 'Jan');
insert into city(region_id, name) values (592, 'Linares');
insert into city(region_id, name) values (592, 'Mengbar');
insert into city(region_id, name) values (592, 'Torres');
insert into city(region_id, name) values (592, 'beda');
insert into city(region_id, name) values (643, 'Bellaria-Igea Marina');
insert into city(region_id, name) values (643, 'Cattolica');
insert into city(region_id, name) values (643, 'Mondaino');
insert into city(region_id, name) values (643, 'Morciano di Romagna');
insert into city(region_id, name) values (643, 'Riccione');
insert into city(region_id, name) values (643, 'Rimini');
insert into city(region_id, name) values (643, 'Santarcangelo di Romagna');
insert into city(region_id, name) values (780, 'Anle');
insert into city(region_id, name) values (780, 'Changsha');
insert into city(region_id, name) values (780, 'Hengnan');
insert into city(region_id, name) values (780, 'Huaihua');
insert into city(region_id, name) values (780, 'Sanyi');
insert into city(region_id, name) values (809, 'Berln');
insert into city(region_id, name) values (809, 'Villavicencio');
insert into city(region_id, name) values (833, 'La Palma');
insert into city(region_id, name) values (833, 'Santa Brbara');
insert into city(region_id, name) values (848, 'Ак-Там');
insert into city(region_id, name) values (848, 'Ала-Бука');
insert into city(region_id, name) values (848, 'Араван');
insert into city(region_id, name) values (848, 'Базар-Курган');
insert into city(region_id, name) values (848, 'Баткен');
insert into city(region_id, name) values (848, 'Гульча');
insert into city(region_id, name) values (848, 'Джалал-Абад');
insert into city(region_id, name) values (848, 'Исфана');
insert into city(region_id, name) values (848, 'Кара-Кульджа');
insert into city(region_id, name) values (848, 'Кара-Суу');
insert into city(region_id, name) values (848, 'Караван');
insert into city(region_id, name) values (848, 'Кок-Янгак');
insert into city(region_id, name) values (848, 'Кызыл-Кия');
insert into city(region_id, name) values (848, 'Майли-Сай');
insert into city(region_id, name) values (848, 'Ош');
insert into city(region_id, name) values (848, 'Сары-Таш');
insert into city(region_id, name) values (848, 'Сулюкта');
insert into city(region_id, name) values (848, 'Таш-Кумыр');
insert into city(region_id, name) values (848, 'Узген');
insert into city(region_id, name) values (848, 'Фрунзе');
insert into city(region_id, name) values (848, 'Хайдаркен');
insert into city(region_id, name) values (852, 'Масеру');
insert into region(id, country_id, name) values (853, 104, 'Либерия');
insert into city(region_id, name) values (444, 'Rodpoli');
insert into city(region_id, name) values (444, 'Seres');
insert into city(region_id, name) values (444, 'Srres');
insert into city(region_id, name) values (444, 'Sidhirkastron');
insert into city(region_id, name) values (444, 'Sidirkastro');
insert into city(region_id, name) values (593, 'Arnedo');
insert into city(region_id, name) values (593, 'Calahorra');
insert into city(region_id, name) values (593, 'Logroo');
insert into city(region_id, name) values (644, 'Farra dIsonzo');
insert into city(region_id, name) values (644, 'Gorizia');
insert into city(region_id, name) values (644, 'Gradisca dIsonzo');
insert into city(region_id, name) values (644, 'Grado');
insert into city(region_id, name) values (644, 'Monfalcone');
insert into city(region_id, name) values (644, 'Ronchi dei Legionari');
insert into city(region_id, name) values (644, 'San Lorenzo Isontino');
insert into city(region_id, name) values (781, 'Changzhou');
insert into city(region_id, name) values (781, 'Dinggang');
insert into city(region_id, name) values (781, 'Jinzhuang');
insert into city(region_id, name) values (781, 'Nanjing');
insert into city(region_id, name) values (781, 'Nantong');
insert into city(region_id, name) values (781, 'Suzhou');
insert into city(region_id, name) values (781, 'Tai');
insert into city(region_id, name) values (781, 'Taizhou');
insert into city(region_id, name) values (781, 'Wuxi');
insert into city(region_id, name) values (781, 'Xuzhou');
insert into city(region_id, name) values (781, 'Yangzhou');
insert into city(region_id, name) values (781, 'Zhangjiagang');
insert into city(region_id, name) values (781, 'Zhangjiagang Shi');
insert into city(region_id, name) values (810, 'Bolvar');
insert into city(region_id, name) values (810, 'Tumaco');
insert into city(region_id, name) values (834, 'Abajo');
insert into city(region_id, name) values (834, 'Amistad');
insert into city(region_id, name) values (834, 'Andres');
insert into city(region_id, name) values (834, 'Antiguo Central de Santa Luca');
insert into city(region_id, name) values (834, 'Ave Mara');
insert into city(region_id, name) values (834, 'Buenos Aires');
insert into city(region_id, name) values (834, 'Cardona');
insert into city(region_id, name) values (834, 'Carmen');
insert into city(region_id, name) values (834, 'Casa Blanca');
insert into city(region_id, name) values (834, 'Cervantes');
insert into city(region_id, name) values (834, 'Coca');
insert into city(region_id, name) values (834, 'Habana Libre');
insert into city(region_id, name) values (834, 'La Molina');
insert into city(region_id, name) values (834, 'La Rosa');
insert into city(region_id, name) values (834, 'Los Cocos');
insert into city(region_id, name) values (834, 'Zorrilla');
insert into city(region_id, name) values (849, 'Кара-Куль');
insert into city(region_id, name) values (849, 'Кировское');
insert into city(region_id, name) values (849, 'Ленинполь');
insert into city(region_id, name) values (849, 'Покровка');
insert into city(region_id, name) values (849, 'Талас');
insert into city(region_id, name) values (849, 'Токтогул');
insert into city(region_id, name) values (849, 'Толук');
insert into city(region_id, name) values (853, 'Монровия');
insert into region(id, country_id, name) values (854, 105, 'Бейрут');
insert into city(region_id, name) values (445, 'gios Dimtrios');
insert into city(region_id, name) values (445, 'Trikrifon');
insert into city(region_id, name) values (594, 'Agaete');
insert into city(region_id, name) values (594, 'Arrecife');
insert into city(region_id, name) values (594, 'Arucas');
insert into city(region_id, name) values (594, 'Casillas del angel');
insert into city(region_id, name) values (594, 'Corralejo');
insert into city(region_id, name) values (594, 'Jinamar');
insert into city(region_id, name) values (594, 'Las Palmas');
insert into city(region_id, name) values (594, 'Maspalomas');
insert into city(region_id, name) values (594, 'Mogn');
insert into city(region_id, name) values (594, 'Puerto del Rosario');
insert into city(region_id, name) values (594, 'San Bartolom');
insert into city(region_id, name) values (594, 'San Bartolom de Tirajana');
insert into city(region_id, name) values (594, 'Santa Luca');
insert into city(region_id, name) values (594, 'Tafira alta');
insert into city(region_id, name) values (594, 'Yaiza');
insert into city(region_id, name) values (645, 'Aviano');
insert into city(region_id, name) values (645, 'Azzano Decimo');
insert into city(region_id, name) values (645, 'Montereale Valcellina');
insert into city(region_id, name) values (645, 'Porcia');
insert into city(region_id, name) values (645, 'Pordenone');
insert into city(region_id, name) values (645, 'Pravisdomini');
insert into city(region_id, name) values (645, 'Sacile');
insert into city(region_id, name) values (645, 'San Vito al Tagliamento');
insert into city(region_id, name) values (645, 'Spilimbergo');
insert into city(region_id, name) values (645, 'Travesio');
insert into city(region_id, name) values (645, 'Zoppola');
insert into city(region_id, name) values (782, '.Wanjialing');
insert into city(region_id, name) values (782, 'Fuzhou');
insert into city(region_id, name) values (782, 'Nanchang');
insert into city(region_id, name) values (811, 'Apartadero');
insert into city(region_id, name) values (811, 'Ccuta');
insert into city(region_id, name) values (835, 'La Rosa');
insert into city(region_id, name) values (854, 'Бейрут');
insert into city(region_id, name) values (854, 'Бейрут');
insert into region(id, country_id, name) values (855, 106, 'Tarabulus');
insert into region(id, country_id, name) values (856, 106, 'Бенгази');
insert into city(region_id, name) values (446, 'dendro');
insert into city(region_id, name) values (446, 'dendron');
insert into city(region_id, name) values (446, 'Aga Trida');
insert into city(region_id, name) values (446, 'gios Athansios');
insert into city(region_id, name) values (446, 'gios Pvlos');
insert into city(region_id, name) values (446, 'Avtion');
insert into city(region_id, name) values (446, 'Ampeln');
insert into city(region_id, name) values (446, 'Anatolik');
insert into city(region_id, name) values (446, 'Angelokhri');
insert into city(region_id, name) values (446, 'Angelokhrion');
insert into city(region_id, name) values (446, 'Ankhalos');
insert into city(region_id, name) values (446, 'Arapl');
insert into city(region_id, name) values (446, 'Asprvrysi');
insert into city(region_id, name) values (446, 'Bal');
insert into city(region_id, name) values (446, 'Dhiavat');
insert into city(region_id, name) values (446, 'Diavat');
insert into city(region_id, name) values (446, 'Efkarpa');
insert into city(region_id, name) values (446, 'Evkarpa');
insert into city(region_id, name) values (446, 'vosmo');
insert into city(region_id, name) values (446, 'vosmon');
insert into city(region_id, name) values (446, 'Galni');
insert into city(region_id, name) values (446, 'Gfyra');
insert into city(region_id, name) values (446, 'Kalamari');
insert into city(region_id, name) values (446, 'Kalochri');
insert into city(region_id, name) values (446, 'Kamra');
insert into city(region_id, name) values (446, 'Kardi');
insert into city(region_id, name) values (446, 'Kastani');
insert into city(region_id, name) values (446, 'Kerasi');
insert into city(region_id, name) values (446, 'Kordhelin');
insert into city(region_id, name) values (446, 'Lagkads');
insert into city(region_id, name) values (446, 'Lagyn');
insert into city(region_id, name) values (446, 'Menemni');
insert into city(region_id, name) values (446, 'Na Ioni');
insert into city(region_id, name) values (446, 'Na Michanina');
insert into city(region_id, name) values (446, 'Na Mikhanina');
insert into city(region_id, name) values (446, 'Na Zo');
insert into city(region_id, name) values (446, 'Non Kordelin');
insert into city(region_id, name) values (446, 'Non Kordhelin');
insert into city(region_id, name) values (446, 'Oraikastro');
insert into city(region_id, name) values (446, 'Palikastro');
insert into city(region_id, name) values (446, 'Palikastron');
insert into city(region_id, name) values (446, 'Peraa');
insert into city(region_id, name) values (446, 'Polchni');
insert into city(region_id, name) values (446, 'Salonica');
insert into city(region_id, name) values (446, 'Salonika');
insert into city(region_id, name) values (446, 'Salonki');
insert into city(region_id, name) values (446, 'Selanik');
insert into city(region_id, name) values (446, 'Sikai');
insert into city(region_id, name) values (446, 'Sndos');
insert into city(region_id, name) values (446, 'Stavropoli');
insert into city(region_id, name) values (446, 'Sykai');
insert into city(region_id, name) values (446, 'Thessalonike');
insert into city(region_id, name) values (446, 'Thessalonki');
insert into city(region_id, name) values (446, 'Xirokhrion');
insert into city(region_id, name) values (595, 'Cubillos del sil');
insert into city(region_id, name) values (595, 'Len');
insert into city(region_id, name) values (646, 'Duino-Aurisina');
insert into city(region_id, name) values (646, 'Trieste');
insert into city(region_id, name) values (783, 'Anguan');
insert into city(region_id, name) values (783, 'Antuzhan');
insert into city(region_id, name) values (783, 'Changanpu');
insert into city(region_id, name) values (783, 'Changchuan');
insert into city(region_id, name) values (783, 'Changchun');
insert into city(region_id, name) values (783, 'Changchun Shi');
insert into city(region_id, name) values (783, 'Changchunshih');
insert into city(region_id, name) values (783, 'Huichun');
insert into city(region_id, name) values (783, 'Hunchun');
insert into city(region_id, name) values (783, 'Jilin');
insert into city(region_id, name) values (783, 'Siping');
insert into city(region_id, name) values (783, 'Xukedi');
insert into city(region_id, name) values (783, 'Yanji');
insert into city(region_id, name) values (812, 'Armenia');
insert into city(region_id, name) values (812, 'Crdoba');
insert into city(region_id, name) values (836, 'Amador');
insert into city(region_id, name) values (836, 'Perico');
insert into city(region_id, name) values (836, 'Varadero');
insert into city(region_id, name) values (855, 'Триполи');
insert into region(id, country_id, name) values (857, 107, 'Литва');
insert into city(region_id, name) values (447, 'Achladi');
insert into city(region_id, name) values (447, 'Apostolaka');
insert into city(region_id, name) values (447, 'Borovkos');
insert into city(region_id, name) values (447, 'Kalampka');
insert into city(region_id, name) values (447, 'Trkala');
insert into city(region_id, name) values (596, 'Balaguer');
insert into city(region_id, name) values (596, 'Castellas');
insert into city(region_id, name) values (596, 'Cervera');
insert into city(region_id, name) values (596, 'El Pont de Suert');
insert into city(region_id, name) values (596, 'Guissona');
insert into city(region_id, name) values (596, 'La Seu dUrgell');
insert into city(region_id, name) values (596, 'Lleida');
insert into city(region_id, name) values (596, 'Poal el');
insert into city(region_id, name) values (596, 'Sidamon');
insert into city(region_id, name) values (596, 'Trrega');
insert into city(region_id, name) values (647, 'Aquileia');
insert into city(region_id, name) values (647, 'Latisana');
insert into city(region_id, name) values (647, 'Paularo');
insert into city(region_id, name) values (647, 'Pavia di Udine');
insert into city(region_id, name) values (647, 'Pozzuolo del Friuli');
insert into city(region_id, name) values (647, 'San Daniele del Friuli');
insert into city(region_id, name) values (647, 'San Giovanni al Natisone');
insert into city(region_id, name) values (647, 'Tolmezzo');
insert into city(region_id, name) values (647, 'Treppo Grande');
insert into city(region_id, name) values (647, 'Udine');
insert into city(region_id, name) values (784, 'Anshan');
insert into city(region_id, name) values (784, 'Beijing');
insert into city(region_id, name) values (784, 'Dalian');
insert into city(region_id, name) values (784, 'Dandong');
insert into city(region_id, name) values (784, 'Jinzhou');
insert into city(region_id, name) values (784, 'Langtou');
insert into city(region_id, name) values (784, 'Lshun');
insert into city(region_id, name) values (784, 'Panshan');
insert into city(region_id, name) values (784, 'Shenyang');
insert into city(region_id, name) values (784, 'Shenyang Shi');
insert into city(region_id, name) values (813, 'Belmonte');
insert into city(region_id, name) values (813, 'Boquern');
insert into city(region_id, name) values (813, 'Cartago Viejo');
insert into city(region_id, name) values (813, 'Pereira');
insert into city(region_id, name) values (837, 'Brisas del Mar');
insert into city(region_id, name) values (837, 'Monicas Mora');
insert into city(region_id, name) values (856, 'Бенгази');
insert into city(region_id, name) values (857, 'Адутишкис');
insert into city(region_id, name) values (857, 'Алитус');
insert into city(region_id, name) values (857, 'Аникщчяй');
insert into city(region_id, name) values (857, 'Ариогала');
insert into city(region_id, name) values (857, 'Балтойи-Воке');
insert into city(region_id, name) values (857, 'Бальберишкис');
insert into city(region_id, name) values (857, 'Биржай');
insert into city(region_id, name) values (857, 'Бирштонас');
insert into city(region_id, name) values (857, 'Вабальнинкас');
insert into city(region_id, name) values (857, 'Ванджиогала');
insert into city(region_id, name) values (857, 'Варена');
insert into city(region_id, name) values (857, 'Виевис');
insert into city(region_id, name) values (857, 'Вилкавишкис');
insert into city(region_id, name) values (857, 'Вилькия');
insert into city(region_id, name) values (857, 'Вильно');
insert into city(region_id, name) values (857, 'Вильнюс');
insert into city(region_id, name) values (857, 'Вирбалис');
insert into city(region_id, name) values (857, 'Висагинас');
insert into city(region_id, name) values (857, 'Гаргждай');
insert into city(region_id, name) values (857, 'Гарлява');
insert into city(region_id, name) values (857, 'Даугай');
insert into city(region_id, name) values (857, 'Друскининкай');
insert into city(region_id, name) values (857, 'Дукштас');
insert into city(region_id, name) values (857, 'Дусетос');
insert into city(region_id, name) values (857, 'Ейшишес');
insert into city(region_id, name) values (857, 'Жагаре');
insert into city(region_id, name) values (857, 'Зарасай');
insert into city(region_id, name) values (857, 'Игналина');
insert into city(region_id, name) values (857, 'Ионишкис');
insert into city(region_id, name) values (857, 'Йонава');
insert into city(region_id, name) values (857, 'Казлу-Руда');
insert into city(region_id, name) values (857, 'Кайшядорис');
insert into city(region_id, name) values (857, 'Каунас');
insert into city(region_id, name) values (857, 'Качергине');
insert into city(region_id, name) values (857, 'Кедайняй');
insert into city(region_id, name) values (857, 'Кельме');
insert into city(region_id, name) values (857, 'Кибартай');
insert into city(region_id, name) values (857, 'Клайпеда');
insert into city(region_id, name) values (857, 'Ковно');
insert into city(region_id, name) values (857, 'Кретинга');
insert into city(region_id, name) values (857, 'Кулаутува');
insert into city(region_id, name) values (857, 'куодас');
insert into city(region_id, name) values (857, 'Куршенай');
insert into city(region_id, name) values (857, 'Лаздияй');
insert into city(region_id, name) values (857, 'Лентварис');
insert into city(region_id, name) values (857, 'Мажейкяй');
insert into city(region_id, name) values (857, 'Марьямполе (Капсукас)');
insert into city(region_id, name) values (857, 'Меркине');
insert into city(region_id, name) values (857, 'Молетай');
insert into city(region_id, name) values (857, 'Науйойи-Акмяне');
insert into city(region_id, name) values (857, 'Нида');
insert into city(region_id, name) values (857, 'Пабраде');
insert into city(region_id, name) values (857, 'Пагегяй');
insert into city(region_id, name) values (857, 'Пакруоис');
insert into city(region_id, name) values (857, 'Паланга');
insert into city(region_id, name) values (857, 'Паневежис');
insert into city(region_id, name) values (857, 'Пасвалис');
insert into city(region_id, name) values (857, 'Плунге');
insert into city(region_id, name) values (857, 'Приенай');
insert into city(region_id, name) values (857, 'Радвилишкис');
insert into city(region_id, name) values (857, 'Расейняй');
insert into city(region_id, name) values (857, 'Риетавас');
insert into city(region_id, name) values (857, 'Рокишкис');
insert into city(region_id, name) values (857, 'Симнас');
insert into city(region_id, name) values (857, 'Скаудвиле');
insert into city(region_id, name) values (857, 'Таураге');
insert into city(region_id, name) values (857, 'Тельшяй');
insert into city(region_id, name) values (857, 'Тракай');
insert into city(region_id, name) values (857, 'Укмерге');
insert into city(region_id, name) values (857, 'Утена');
insert into city(region_id, name) values (857, 'Шакяй');
insert into city(region_id, name) values (857, 'Шальчининкай');
insert into city(region_id, name) values (857, 'Швенченеляй');
insert into city(region_id, name) values (857, 'Швенчионис');
insert into city(region_id, name) values (857, 'Шета');
insert into city(region_id, name) values (857, 'Шилале');
insert into city(region_id, name) values (857, 'Шилуте');
insert into city(region_id, name) values (857, 'Ширвинтос');
insert into city(region_id, name) values (857, 'Шяуляй');
insert into city(region_id, name) values (857, 'Эжярелис');
insert into city(region_id, name) values (857, 'Юрбаркас');
insert into region(id, country_id, name) values (858, 108, 'Balzers');
insert into region(id, country_id, name) values (859, 108, 'Eschen');
insert into region(id, country_id, name) values (860, 108, 'Ruggell');
insert into region(id, country_id, name) values (861, 108, 'Schellenberg');
insert into region(id, country_id, name) values (862, 108, 'Triesen');
insert into region(id, country_id, name) values (863, 108, 'Vaduz');
insert into city(region_id, name) values (448, 'Levdeia');
insert into city(region_id, name) values (448, 'Livadei');
insert into city(region_id, name) values (448, 'Thva');
insert into city(region_id, name) values (597, 'A Pobra do Brolln');
insert into city(region_id, name) values (597, 'Lugo');
insert into city(region_id, name) values (597, 'Rabade');
insert into city(region_id, name) values (597, 'Ribadeo');
insert into city(region_id, name) values (648, 'Cassino');
insert into city(region_id, name) values (648, 'Frosinone');
insert into city(region_id, name) values (648, 'SantElia Fiumerapido');
insert into city(region_id, name) values (648, 'Sora');
insert into city(region_id, name) values (785, 'Abag Qi');
insert into city(region_id, name) values (785, 'Ayulhai');
insert into city(region_id, name) values (785, 'Baotou');
insert into city(region_id, name) values (785, 'Hailar');
insert into city(region_id, name) values (785, 'Hohhot');
insert into city(region_id, name) values (785, 'Huhe Hoter');
insert into city(region_id, name) values (785, 'Huhehot');
insert into city(region_id, name) values (785, 'Huhohaote');
insert into city(region_id, name) values (785, 'Manchouli');
insert into city(region_id, name) values (785, 'Manchuria');
insert into city(region_id, name) values (785, 'Manchzhuriya');
insert into city(region_id, name) values (785, 'Manzhouli');
insert into city(region_id, name) values (785, 'Mongol Us');
insert into city(region_id, name) values (785, 'Wuhai');
insert into city(region_id, name) values (814, 'Aguas Claras');
insert into city(region_id, name) values (814, 'Bucaramanga');
insert into city(region_id, name) values (814, 'Floridablanca');
insert into city(region_id, name) values (814, 'San Gil');
insert into city(region_id, name) values (838, 'Aida');
insert into city(region_id, name) values (838, 'Antunes');
insert into city(region_id, name) values (838, 'Bardallo');
insert into city(region_id, name) values (838, 'Buena Vista');
insert into city(region_id, name) values (838, 'Santa Mara');
insert into city(region_id, name) values (858, 'Balzers');
insert into region(id, country_id, name) values (864, 109, 'Diekirch');
insert into region(id, country_id, name) values (865, 109, 'Grevenmacher');
insert into region(id, country_id, name) values (866, 109, 'Luxembourg');
insert into region(id, country_id, name) values (867, 109, 'None');
insert into city(region_id, name) values (449, 'Номос Ксанти');
insert into city(region_id, name) values (449, 'Xanthe');
insert into city(region_id, name) values (449, 'Xnthi');
insert into city(region_id, name) values (598, 'Ajalvir');
insert into city(region_id, name) values (598, 'Alcal de Henares');
insert into city(region_id, name) values (598, 'Alcobendas');
insert into city(region_id, name) values (598, 'Alcorcn');
insert into city(region_id, name) values (598, 'Anchuelo');
insert into city(region_id, name) values (598, 'Barajas');
insert into city(region_id, name) values (598, 'Berzosa del Lozoya');
insert into city(region_id, name) values (598, 'Carabaa');
insert into city(region_id, name) values (598, 'Collado Villalba');
insert into city(region_id, name) values (598, 'Colmenar Viejo');
insert into city(region_id, name) values (598, 'El Escorial');
insert into city(region_id, name) values (598, 'El Molar');
insert into city(region_id, name) values (598, 'Fuenlabrada');
insert into city(region_id, name) values (598, 'Galapagar');
insert into city(region_id, name) values (598, 'Getafe');
insert into city(region_id, name) values (598, 'Humanes de Madrid');
insert into city(region_id, name) values (598, 'Las Rozas');
insert into city(region_id, name) values (598, 'Legans');
insert into city(region_id, name) values (598, 'Madarcos');
insert into city(region_id, name) values (598, 'Madrid');
insert into city(region_id, name) values (598, 'Manjiron');
insert into city(region_id, name) values (598, 'Mejorada del Campo');
insert into city(region_id, name) values (598, 'Mstoles');
insert into city(region_id, name) values (598, 'Navacerrada');
insert into city(region_id, name) values (598, 'Perales del Ro');
insert into city(region_id, name) values (598, 'Rozas de Puerto Real');
insert into city(region_id, name) values (598, 'San Agustn de Guadalix');
insert into city(region_id, name) values (598, 'Torrejn de Ardoz');
insert into city(region_id, name) values (598, 'Torrejn de la Calzada');
insert into city(region_id, name) values (598, 'Valdemoro');
insert into city(region_id, name) values (598, 'Vallecas');
insert into city(region_id, name) values (598, 'Villa del Prado');
insert into city(region_id, name) values (598, 'Villanueva de la Caada');
insert into city(region_id, name) values (598, 'Villaviciosa de Odn');
insert into city(region_id, name) values (598, 'Zarzalejo');
insert into city(region_id, name) values (649, 'Cisterna di Latina');
insert into city(region_id, name) values (649, 'Fondi');
insert into city(region_id, name) values (649, 'Formia');
insert into city(region_id, name) values (649, 'Gaeta');
insert into city(region_id, name) values (649, 'Latina');
insert into city(region_id, name) values (649, 'Maenza');
insert into city(region_id, name) values (649, 'Minturno');
insert into city(region_id, name) values (649, 'Ponza');
insert into city(region_id, name) values (786, 'Yinchuan');
insert into city(region_id, name) values (815, 'Ibagu');
insert into city(region_id, name) values (839, 'Campana');
insert into city(region_id, name) values (839, 'Sancti Spritus');
insert into city(region_id, name) values (859, 'Eschen');
insert into city(region_id, name) values (864, 'Allerborn');
insert into city(region_id, name) values (864, 'Baraques de Troine');
insert into city(region_id, name) values (864, 'Diekirch');
insert into city(region_id, name) values (864, 'Esch');
insert into region(id, country_id, name) values (868, 110, 'Маврикий');
insert into city(region_id, name) values (450, 'yios Niklaos');
insert into city(region_id, name) values (450, 'Zkinthos');
insert into city(region_id, name) values (450, 'Zkynthos');
insert into city(region_id, name) values (450, 'Zante');
insert into city(region_id, name) values (599, 'Alameda');
insert into city(region_id, name) values (599, 'Alhaurn de la Torre');
insert into city(region_id, name) values (599, 'Arenas');
insert into city(region_id, name) values (599, 'Benalmdena');
insert into city(region_id, name) values (599, 'Con');
insert into city(region_id, name) values (599, 'Estepona');
insert into city(region_id, name) values (599, 'Fuengirola');
insert into city(region_id, name) values (599, 'Mlaga');
insert into city(region_id, name) values (599, 'Manilva');
insert into city(region_id, name) values (599, 'Marbella');
insert into city(region_id, name) values (599, 'Mijas');
insert into city(region_id, name) values (599, 'Nerja');
insert into city(region_id, name) values (599, 'Nueva andalucia');
insert into city(region_id, name) values (599, 'Rincn de la Victoria');
insert into city(region_id, name) values (599, 'Riogordo');
insert into city(region_id, name) values (599, 'San pedro de alcantara');
insert into city(region_id, name) values (599, 'Torre del mar');
insert into city(region_id, name) values (599, 'Torremolinos');
insert into city(region_id, name) values (599, 'Vlez-Mlaga');
insert into city(region_id, name) values (650, 'Frasso Sabino');
insert into city(region_id, name) values (650, 'Rieti');
insert into city(region_id, name) values (787, 'Adoi');
insert into city(region_id, name) values (787, 'Jangsib');
insert into city(region_id, name) values (787, 'Qinghaihu');
insert into city(region_id, name) values (840, 'Alto del Villaln');
insert into city(region_id, name) values (840, 'Amelia');
insert into city(region_id, name) values (840, 'Campana');
insert into city(region_id, name) values (840, 'Colonia Nmero 8');
insert into city(region_id, name) values (840, 'Cristo');
insert into city(region_id, name) values (840, 'Dulce Nombre');
insert into city(region_id, name) values (840, 'Guaninao');
insert into city(region_id, name) values (840, 'Quintero');
insert into city(region_id, name) values (840, 'Santiago de Cuba');
insert into city(region_id, name) values (860, 'Ruggell');
insert into city(region_id, name) values (865, 'Assel');
insert into city(region_id, name) values (865, 'Berg-sur-Syre');
insert into city(region_id, name) values (865, 'Lenningen');
insert into city(region_id, name) values (865, 'Remich');
insert into city(region_id, name) values (865, 'Wormeldange');
insert into city(region_id, name) values (868, 'Порт-Луи');
insert into region(id, country_id, name) values (869, 111, 'Мавритания');
insert into city(region_id, name) values (600, 'Melilla');
insert into city(region_id, name) values (651, 'Affile');
insert into city(region_id, name) values (651, 'Allumiere');
insert into city(region_id, name) values (651, 'Anzio');
insert into city(region_id, name) values (651, 'Ardea');
insert into city(region_id, name) values (651, 'Ariccia');
insert into city(region_id, name) values (651, 'Arsoli');
insert into city(region_id, name) values (651, 'Bracciano');
insert into city(region_id, name) values (651, 'Casape');
insert into city(region_id, name) values (651, 'Castel Gandolfo');
insert into city(region_id, name) values (651, 'Castel San Pietro Romano');
insert into city(region_id, name) values (651, 'Cervara di Roma');
insert into city(region_id, name) values (651, 'Ciampino');
insert into city(region_id, name) values (651, 'Cineto Romano');
insert into city(region_id, name) values (651, 'Civitavecchia');
insert into city(region_id, name) values (651, 'Colleferro');
insert into city(region_id, name) values (651, 'Colonna');
insert into city(region_id, name) values (651, 'Fiumicino');
insert into city(region_id, name) values (651, 'Gallicano nel Lazio');
insert into city(region_id, name) values (651, 'Genzano di Roma');
insert into city(region_id, name) values (651, 'Grottaferrata');
insert into city(region_id, name) values (651, 'Licenza');
insert into city(region_id, name) values (651, 'Marino');
insert into city(region_id, name) values (651, 'Monte Porzio Catone');
insert into city(region_id, name) values (651, 'Poli');
insert into city(region_id, name) values (651, 'Pomezia');
insert into city(region_id, name) values (651, 'Ponzano Romano');
insert into city(region_id, name) values (651, 'Roma');
insert into city(region_id, name) values (651, 'Roviano');
insert into city(region_id, name) values (651, 'Santa Marinella');
insert into city(region_id, name) values (651, 'Tivoli');
insert into city(region_id, name) values (651, 'Velletri');
insert into city(region_id, name) values (651, 'Zagarolo');
insert into city(region_id, name) values (788, 'Andin');
insert into city(region_id, name) values (788, 'Xian');
insert into city(region_id, name) values (788, 'Xian Shi');
insert into city(region_id, name) values (841, 'Aguada de Carillo');
insert into city(region_id, name) values (841, 'Anita');
insert into city(region_id, name) values (841, 'Antonia Rosa');
insert into city(region_id, name) values (841, 'Buena Vista');
insert into city(region_id, name) values (841, 'Calabazar de Sagua');
insert into city(region_id, name) values (841, 'La Fortuna');
insert into city(region_id, name) values (841, 'Santa Clara');
insert into city(region_id, name) values (861, 'Schellenberg');
insert into city(region_id, name) values (866, 'Airsain');
insert into city(region_id, name) values (866, 'Angelsberg');
insert into city(region_id, name) values (866, 'Ansembourg');
insert into city(region_id, name) values (866, 'Beggen');
insert into city(region_id, name) values (866, 'Belval');
insert into city(region_id, name) values (866, 'Breldange');
insert into city(region_id, name) values (866, 'Berg');
insert into city(region_id, name) values (866, 'Bertrange');
insert into city(region_id, name) values (866, 'Bettembourg');
insert into city(region_id, name) values (866, 'Bihl');
insert into city(region_id, name) values (866, 'Bivange');
insert into city(region_id, name) values (866, 'Dudelange');
insert into city(region_id, name) values (866, 'Esch');
insert into city(region_id, name) values (866, 'Gaichel');
insert into city(region_id, name) values (866, 'Gras');
insert into city(region_id, name) values (866, 'Italie');
insert into city(region_id, name) values (866, 'Lampertsberg');
insert into city(region_id, name) values (866, 'Limpertsberg');
insert into city(region_id, name) values (866, 'Luxembourg');
insert into city(region_id, name) values (866, 'Luxemburg');
insert into city(region_id, name) values (866, 'Mersch');
insert into city(region_id, name) values (866, 'Neudorf');
insert into city(region_id, name) values (866, 'Schifflange');
insert into city(region_id, name) values (866, 'Schouweiler');
insert into city(region_id, name) values (866, 'Walferdange');
insert into city(region_id, name) values (869, 'Нуакшот');
insert into region(id, country_id, name) values (870, 112, 'Мадагаскар');
insert into city(region_id, name) values (601, 'Abarn');
insert into city(region_id, name) values (601, 'guilas');
insert into city(region_id, name) values (601, 'Alberca la');
insert into city(region_id, name) values (601, 'Alcantarilla');
insert into city(region_id, name) values (601, 'Aledo');
insert into city(region_id, name) values (601, 'Archena');
insert into city(region_id, name) values (601, 'Beniel');
insert into city(region_id, name) values (601, 'Cabo de palos');
insert into city(region_id, name) values (601, 'Caravaca de la Cruz');
insert into city(region_id, name) values (601, 'Cartagena');
insert into city(region_id, name) values (601, 'Cehegn');
insert into city(region_id, name) values (601, 'Cieza');
insert into city(region_id, name) values (601, 'El Palmar');
insert into city(region_id, name) values (601, 'Esparragal');
insert into city(region_id, name) values (601, 'Espinardo');
insert into city(region_id, name) values (601, 'Lorca');
insert into city(region_id, name) values (601, 'Lorqu');
insert into city(region_id, name) values (601, 'Los Alczares');
insert into city(region_id, name) values (601, 'Molina de Segura');
insert into city(region_id, name) values (601, 'Mula');
insert into city(region_id, name) values (601, 'Murcia');
insert into city(region_id, name) values (601, 'Puerto de mazarron');
insert into city(region_id, name) values (601, 'San Pedro del Pinatar');
insert into city(region_id, name) values (601, 'Santiago de la ribera');
insert into city(region_id, name) values (601, 'Torreaguera');
insert into city(region_id, name) values (601, 'Totana');
insert into city(region_id, name) values (652, 'Acquapendente');
insert into city(region_id, name) values (652, 'Bagnoregio');
insert into city(region_id, name) values (652, 'Montefiascone');
insert into city(region_id, name) values (652, 'Soriano nel Cimino');
insert into city(region_id, name) values (652, 'Vetralla');
insert into city(region_id, name) values (652, 'Viterbo');
insert into city(region_id, name) values (789, 'Baijiadian');
insert into city(region_id, name) values (789, 'Dongying');
insert into city(region_id, name) values (789, 'Jiaoqiao');
insert into city(region_id, name) values (789, 'Jinan');
insert into city(region_id, name) values (789, 'Linyi');
insert into city(region_id, name) values (789, 'Longkou');
insert into city(region_id, name) values (789, 'Qiandao');
insert into city(region_id, name) values (789, 'Qingdao');
insert into city(region_id, name) values (789, 'Qingdao Shi');
insert into city(region_id, name) values (789, 'Shidao');
insert into city(region_id, name) values (789, 'Shouguang');
insert into city(region_id, name) values (789, 'Taian');
insert into city(region_id, name) values (789, 'Weifang');
insert into city(region_id, name) values (789, 'Weihai');
insert into city(region_id, name) values (789, 'Yantai');
insert into city(region_id, name) values (789, 'Zibo');
insert into city(region_id, name) values (862, 'Triesen');
insert into city(region_id, name) values (867, 'Acirie');
insert into city(region_id, name) values (867, 'Berg');
insert into city(region_id, name) values (867, 'Birel');
insert into city(region_id, name) values (867, 'Bischenrech');
insert into city(region_id, name) values (870, 'Антананариву');
insert into city(region_id, name) values (870, 'Анцеранана');
insert into city(region_id, name) values (870, 'Анцирабе');
insert into city(region_id, name) values (870, 'Манакара');
insert into city(region_id, name) values (870, 'Туамасина');
insert into city(region_id, name) values (870, 'Фианаранцура');
insert into region(id, country_id, name) values (871, 113, 'Aracinovo');
insert into region(id, country_id, name) values (872, 113, 'Berovo');
insert into region(id, country_id, name) values (873, 113, 'Bitola');
insert into region(id, country_id, name) values (874, 113, 'Bosilovo');
insert into region(id, country_id, name) values (875, 113, 'Dolna Banjica');
insert into region(id, country_id, name) values (876, 113, 'Drugovo');
insert into region(id, country_id, name) values (877, 113, 'Gevgelija');
insert into region(id, country_id, name) values (878, 113, 'Gostivar');
insert into region(id, country_id, name) values (879, 113, 'Karpos');
insert into region(id, country_id, name) values (880, 113, 'Kavadarci');
insert into region(id, country_id, name) values (881, 113, 'Kisela Voda');
insert into region(id, country_id, name) values (882, 113, 'Kumanovo');
insert into region(id, country_id, name) values (883, 113, 'Makedonska Kamenica');
insert into region(id, country_id, name) values (884, 113, 'Negotino');
insert into region(id, country_id, name) values (885, 113, 'Ohrid');
insert into region(id, country_id, name) values (886, 113, 'Prilep');
insert into region(id, country_id, name) values (887, 113, 'Radovis');
insert into region(id, country_id, name) values (888, 113, 'Saraj');
insert into region(id, country_id, name) values (889, 113, 'Star Dojran');
insert into region(id, country_id, name) values (890, 113, 'Struga');
insert into region(id, country_id, name) values (891, 113, 'Strumica');
insert into region(id, country_id, name) values (892, 113, 'Sveti Nikole');
insert into region(id, country_id, name) values (893, 113, 'Tetovo');
insert into region(id, country_id, name) values (894, 113, 'Veles');
insert into city(region_id, name) values (602, 'Ansoin');
insert into city(region_id, name) values (602, 'Aurizberri espinal');
insert into city(region_id, name) values (602, 'Baraain');
insert into city(region_id, name) values (602, 'Buuel');
insert into city(region_id, name) values (602, 'Burlada/Burlata');
insert into city(region_id, name) values (602, 'Corella');
insert into city(region_id, name) values (602, 'Elizondo');
insert into city(region_id, name) values (602, 'Estella/Lizarra');
insert into city(region_id, name) values (602, 'Goizueta');
insert into city(region_id, name) values (602, 'Olite');
insert into city(region_id, name) values (602, 'Pamplona/Irua');
insert into city(region_id, name) values (602, 'Ribaforada');
insert into city(region_id, name) values (602, 'San Adrin');
insert into city(region_id, name) values (602, 'Tafalla');
insert into city(region_id, name) values (602, 'Tudela');
insert into city(region_id, name) values (653, 'Arenzano');
insert into city(region_id, name) values (653, 'Casella');
insert into city(region_id, name) values (653, 'Chiavari');
insert into city(region_id, name) values (653, 'Genova');
insert into city(region_id, name) values (653, 'Portofino');
insert into city(region_id, name) values (653, 'Rapallo');
insert into city(region_id, name) values (653, 'Santa Margherita Ligure');
insert into city(region_id, name) values (653, 'Sori');
insert into city(region_id, name) values (790, 'Anchuang');
insert into city(region_id, name) values (790, 'Changchai');
insert into city(region_id, name) values (790, 'Hexingzhen');
insert into city(region_id, name) values (790, 'Pudong');
insert into city(region_id, name) values (790, 'Puto');
insert into city(region_id, name) values (790, 'Putung');
insert into city(region_id, name) values (790, 'Qianqiao');
insert into city(region_id, name) values (790, 'Shanghai');
insert into city(region_id, name) values (790, 'Shenjiazhen');
insert into city(region_id, name) values (790, 'Songjiang');
insert into city(region_id, name) values (790, 'Wusi');
insert into city(region_id, name) values (790, 'Xuhui');
insert into city(region_id, name) values (790, 'Zhuzhai');
insert into city(region_id, name) values (863, 'Vaduz');
insert into city(region_id, name) values (871, 'Aracinovo');
insert into region(id, country_id, name) values (895, 114, 'Малави');
insert into city(region_id, name) values (603, 'A Merca');
insert into city(region_id, name) values (603, 'Nogueira');
insert into city(region_id, name) values (603, 'Orense');
insert into city(region_id, name) values (603, 'San amaro');
insert into city(region_id, name) values (654, 'Bordighera');
insert into city(region_id, name) values (654, 'Ceriana');
insert into city(region_id, name) values (654, 'Diano Marina');
insert into city(region_id, name) values (654, 'Imperia');
insert into city(region_id, name) values (654, 'Pieve di Teco');
insert into city(region_id, name) values (654, 'San Remo');
insert into city(region_id, name) values (654, 'Vallecrosia');
insert into city(region_id, name) values (654, 'Ventimiglia');
insert into city(region_id, name) values (791, 'Ani');
insert into city(region_id, name) values (791, 'Changhang');
insert into city(region_id, name) values (791, 'Taiyangcun');
insert into city(region_id, name) values (791, 'Taiyan');
insert into city(region_id, name) values (791, 'Taiyuan');
insert into city(region_id, name) values (791, 'Xiaan');
insert into city(region_id, name) values (791, 'Xianren Xiang');
insert into city(region_id, name) values (791, 'Xiyan');
insert into city(region_id, name) values (872, 'Berovo');
insert into city(region_id, name) values (895, 'Лилонгве');
insert into region(id, country_id, name) values (896, 115, 'Малайзия');
insert into city(region_id, name) values (604, 'Palencia');
insert into city(region_id, name) values (604, 'Villamuriel de Cerrato');
insert into city(region_id, name) values (655, 'Bolano');
insert into city(region_id, name) values (655, 'La Spezia');
insert into city(region_id, name) values (655, 'Sarzana');
insert into city(region_id, name) values (792, 'Chengdu');
insert into city(region_id, name) values (873, 'Bitola');
insert into city(region_id, name) values (873, 'Manastir');
insert into city(region_id, name) values (896, 'Куала-Лумпур');
insert into region(id, country_id, name) values (897, 116, 'Мали');
insert into city(region_id, name) values (605, 'Marn');
insert into city(region_id, name) values (605, 'Ponteareas');
insert into city(region_id, name) values (605, 'Pontevedra');
insert into city(region_id, name) values (605, 'Vigo');
insert into city(region_id, name) values (656, 'Alassio');
insert into city(region_id, name) values (656, 'Albenga');
insert into city(region_id, name) values (656, 'Cairo Montenotte');
insert into city(region_id, name) values (656, 'Cengio');
insert into city(region_id, name) values (656, 'Finale Ligure');
insert into city(region_id, name) values (656, 'Loano');
insert into city(region_id, name) values (656, 'Savona');
insert into city(region_id, name) values (793, 'Balitai');
insert into city(region_id, name) values (793, 'Tanggu');
insert into city(region_id, name) values (793, 'Tangku');
insert into city(region_id, name) values (793, 'Tianjin');
insert into city(region_id, name) values (793, 'Tianjin Shi');
insert into city(region_id, name) values (793, 'Tianjing');
insert into city(region_id, name) values (793, 'Xianshuigu');
insert into city(region_id, name) values (874, 'Bosilevo');
insert into city(region_id, name) values (897, 'Бамако');
insert into city(region_id, name) values (897, 'Гао');
insert into city(region_id, name) values (897, 'Мопти');
insert into region(id, country_id, name) values (898, 117, 'Мальдивские о-ва');
insert into city(region_id, name) values (606, 'Morasverdes');
insert into city(region_id, name) values (606, 'Salamanca');
insert into city(region_id, name) values (606, 'Santa Marta de Tormes');
insert into city(region_id, name) values (657, 'Albino');
insert into city(region_id, name) values (657, 'Arcene');
insert into city(region_id, name) values (657, 'Bergamo');
insert into city(region_id, name) values (657, 'Calcinate');
insert into city(region_id, name) values (657, 'Caravaggio');
insert into city(region_id, name) values (657, 'Carona');
insert into city(region_id, name) values (657, 'Chignolo dIsola');
insert into city(region_id, name) values (657, 'Clusone');
insert into city(region_id, name) values (657, 'Lovere');
insert into city(region_id, name) values (657, 'Treviglio');
insert into city(region_id, name) values (657, 'Villongo');
insert into city(region_id, name) values (794, 'Abad');
insert into city(region_id, name) values (794, 'Akto');
insert into city(region_id, name) values (794, 'Aletai');
insert into city(region_id, name) values (794, 'Altai');
insert into city(region_id, name) values (794, 'Beishanyanchi');
insert into city(region_id, name) values (794, 'Burqin');
insert into city(region_id, name) values (794, 'Chantszi');
insert into city(region_id, name) values (794, 'Hami');
insert into city(region_id, name) values (794, 'Ining');
insert into city(region_id, name) values (794, 'Kashgar');
insert into city(region_id, name) values (794, 'Kashi Shi');
insert into city(region_id, name) values (794, 'Kulja');
insert into city(region_id, name) values (794, 'Knes');
insert into city(region_id, name) values (794, 'Urumchi');
insert into city(region_id, name) values (794, 'rmqi');
insert into city(region_id, name) values (794, 'rmqi Shi');
insert into city(region_id, name) values (794, 'Urumtschi');
insert into city(region_id, name) values (794, 'Urumutsi');
insert into city(region_id, name) values (794, 'Wulumuchi');
insert into city(region_id, name) values (794, 'Wulumuchishih');
insert into city(region_id, name) values (794, 'Wurumchih');
insert into city(region_id, name) values (794, 'Xortang');
insert into city(region_id, name) values (794, 'Yaiko');
insert into city(region_id, name) values (794, 'Yining');
insert into city(region_id, name) values (794, 'Yiwu');
insert into city(region_id, name) values (794, 'Zhaosu');
insert into city(region_id, name) values (875, 'Dolna Banjica');
insert into city(region_id, name) values (898, 'Мале');
insert into region(id, country_id, name) values (899, 118, 'Malta');
insert into city(region_id, name) values (607, 'Adeje');
insert into city(region_id, name) values (607, 'Arico el Nuevo');
insert into city(region_id, name) values (607, 'Arona');
insert into city(region_id, name) values (607, 'Buenavista del Norte');
insert into city(region_id, name) values (607, 'Cabo Blanco');
insert into city(region_id, name) values (607, 'Chio');
insert into city(region_id, name) values (607, 'Cruz Santa');
insert into city(region_id, name) values (607, 'El Mdano');
insert into city(region_id, name) values (607, 'El Sauzal');
insert into city(region_id, name) values (607, 'Frontera');
insert into city(region_id, name) values (607, 'Granadilla de Abona');
insert into city(region_id, name) values (607, 'Guaza');
insert into city(region_id, name) values (607, 'Gua de Isora');
insert into city(region_id, name) values (607, 'Icod de los Vinos');
insert into city(region_id, name) values (607, 'La Caleta');
insert into city(region_id, name) values (607, 'La Laguna');
insert into city(region_id, name) values (607, 'Las Galletas');
insert into city(region_id, name) values (607, 'Llanos los');
insert into city(region_id, name) values (607, 'Los Cristianos');
insert into city(region_id, name) values (607, 'Puerto de la Cruz');
insert into city(region_id, name) values (607, 'San Isidro');
insert into city(region_id, name) values (607, 'San juan');
insert into city(region_id, name) values (607, 'San Juan de la Rambla');
insert into city(region_id, name) values (607, 'Santa Cruz de la Palma');
insert into city(region_id, name) values (607, 'Santa Cruz de Tenerife');
insert into city(region_id, name) values (607, 'Santa maria del mar');
insert into city(region_id, name) values (607, 'Urbanizacion playa de las amer');
insert into city(region_id, name) values (658, 'Berlingo');
insert into city(region_id, name) values (658, 'Brescia');
insert into city(region_id, name) values (658, 'Darfo Boario Terme');
insert into city(region_id, name) values (658, 'Desenzano del Garda');
insert into city(region_id, name) values (658, 'Gargnano');
insert into city(region_id, name) values (658, 'Gavardo');
insert into city(region_id, name) values (658, 'Gussago');
insert into city(region_id, name) values (658, 'Iseo');
insert into city(region_id, name) values (658, 'Limone sul Garda');
insert into city(region_id, name) values (658, 'Lonato');
insert into city(region_id, name) values (658, 'Lumezzane');
insert into city(region_id, name) values (658, 'Manerbio');
insert into city(region_id, name) values (658, 'Moniga del Garda');
insert into city(region_id, name) values (658, 'Montichiari');
insert into city(region_id, name) values (658, 'Orzinuovi');
insert into city(region_id, name) values (658, 'Orzivecchi');
insert into city(region_id, name) values (658, 'Padenghe sul Garda');
insert into city(region_id, name) values (658, 'Palazzolo sullOglio');
insert into city(region_id, name) values (658, 'Piancogno');
insert into city(region_id, name) values (658, 'Ro Volciano');
insert into city(region_id, name) values (658, 'Rovato');
insert into city(region_id, name) values (658, 'Sal');
insert into city(region_id, name) values (658, 'Sarezzo');
insert into city(region_id, name) values (658, 'Sirmione');
insert into city(region_id, name) values (658, 'Toscolano-Maderno');
insert into city(region_id, name) values (795, 'Kunming');
insert into city(region_id, name) values (795, 'Yiwu');
insert into city(region_id, name) values (876, 'Drugovo');
insert into city(region_id, name) values (899, 'Emieri');
insert into city(region_id, name) values (899, 'Attard');
insert into city(region_id, name) values (899, 'Balzan');
insert into city(region_id, name) values (899, 'BKara');
insert into city(region_id, name) values (899, 'Balzan');
insert into city(region_id, name) values (899, 'Bighi');
insert into city(region_id, name) values (899, 'Birzebbuga');
insert into city(region_id, name) values (899, 'Biskra');
insert into city(region_id, name) values (899, 'Bugibba');
insert into city(region_id, name) values (899, 'Casal Paolo');
insert into city(region_id, name) values (899, 'Cospicua');
insert into city(region_id, name) values (899, 'Delimara');
insert into city(region_id, name) values (899, 'Gzira');
insert into city(region_id, name) values (899, 'Hal Baijada');
insert into city(region_id, name) values (899, 'Il-Hamrun');
insert into city(region_id, name) values (899, 'Is-Swieqi');
insert into city(region_id, name) values (899, 'Isla');
insert into city(region_id, name) values (899, 'La Valette');
insert into city(region_id, name) values (899, 'Madliena');
insert into city(region_id, name) values (899, 'Marsa');
insert into city(region_id, name) values (899, 'Marsalforn');
insert into city(region_id, name) values (899, 'Marsaskala');
insert into city(region_id, name) values (899, 'Marsaxlokk');
insert into city(region_id, name) values (899, 'Melita');
insert into city(region_id, name) values (899, 'Melliea');
insert into city(region_id, name) values (899, 'Mosta');
insert into city(region_id, name) values (899, 'Msida');
insert into city(region_id, name) values (899, 'Paola');
insert into city(region_id, name) values (899, 'Piet');
insert into city(region_id, name) values (899, 'Qormi');
insert into city(region_id, name) values (899, 'Saint Julian');
insert into city(region_id, name) values (899, 'Saint Julians');
insert into city(region_id, name) values (899, 'Saint Pauls Bay');
insert into city(region_id, name) values (899, 'San Giljan');
insert into city(region_id, name) values (899, 'San Gwann');
insert into city(region_id, name) values (899, 'Santa Lucia');
insert into city(region_id, name) values (899, 'Sliema');
insert into city(region_id, name) values (899, 'Valetta');
insert into city(region_id, name) values (899, 'Valletta');
insert into city(region_id, name) values (899, 'Victoria');
insert into region(id, country_id, name) values (900, 119, 'Фор-де-Франс');
insert into city(region_id, name) values (608, 'San rafael');
insert into city(region_id, name) values (608, 'Segovia');
insert into city(region_id, name) values (608, 'Sepulveda');
insert into city(region_id, name) values (659, 'Casnate con Bernate');
insert into city(region_id, name) values (659, 'Como');
insert into city(region_id, name) values (659, 'Consiglio di Rumo');
insert into city(region_id, name) values (659, 'Lomazzo');
insert into city(region_id, name) values (659, 'Magreglio');
insert into city(region_id, name) values (659, 'Nesso');
insert into city(region_id, name) values (796, 'Daitou');
insert into city(region_id, name) values (796, 'Daniwan');
insert into city(region_id, name) values (796, 'Hangzhou');
insert into city(region_id, name) values (796, 'Jinhua');
insert into city(region_id, name) values (796, 'Lanxi');
insert into city(region_id, name) values (796, 'Ningbo');
insert into city(region_id, name) values (796, 'Ningpo');
insert into city(region_id, name) values (796, 'Shangyu');
insert into city(region_id, name) values (796, 'Shaoxing');
insert into city(region_id, name) values (796, 'Shenze');
insert into city(region_id, name) values (796, 'Shenzhen');
insert into city(region_id, name) values (796, 'Wenzhou');
insert into city(region_id, name) values (796, 'Xiangshan');
insert into city(region_id, name) values (796, 'Yiwu');
insert into city(region_id, name) values (796, 'Yongkang');
insert into city(region_id, name) values (796, 'Zhoushan');
insert into city(region_id, name) values (877, 'Gevegeli');
insert into city(region_id, name) values (877, 'Gevgelia');
insert into city(region_id, name) values (900, 'Фор-де-Франс');
insert into region(id, country_id, name) values (901, 120, 'Aguascalientes');
insert into region(id, country_id, name) values (902, 120, 'Baja California');
insert into region(id, country_id, name) values (903, 120, 'Baja California Sur');
insert into region(id, country_id, name) values (904, 120, 'Campeche');
insert into region(id, country_id, name) values (905, 120, 'Chiapas');
insert into region(id, country_id, name) values (906, 120, 'Chihuahua');
insert into region(id, country_id, name) values (907, 120, 'Coahuila de Zaragoza');
insert into region(id, country_id, name) values (908, 120, 'Colima');
insert into region(id, country_id, name) values (909, 120, 'Distrito Federal');
insert into region(id, country_id, name) values (910, 120, 'Durango');
insert into region(id, country_id, name) values (911, 120, 'Guanajuato');
insert into region(id, country_id, name) values (912, 120, 'Guerrero');
insert into region(id, country_id, name) values (913, 120, 'Hidalgo');
insert into region(id, country_id, name) values (914, 120, 'Jalisco');
insert into region(id, country_id, name) values (915, 120, 'Mxico');
insert into region(id, country_id, name) values (916, 120, 'Michoacn de Ocampo');
insert into region(id, country_id, name) values (917, 120, 'Morelos');
insert into region(id, country_id, name) values (918, 120, 'Nayarit');
insert into region(id, country_id, name) values (919, 120, 'None');
insert into region(id, country_id, name) values (920, 120, 'Nuevo Len');
insert into region(id, country_id, name) values (921, 120, 'Oaxaca');
insert into region(id, country_id, name) values (922, 120, 'Puebla');
insert into region(id, country_id, name) values (923, 120, 'Quertaro de Arteaga');
insert into region(id, country_id, name) values (924, 120, 'Quintana Roo');
insert into region(id, country_id, name) values (925, 120, 'San Luis Potos');
insert into region(id, country_id, name) values (926, 120, 'Sinaloa');
insert into region(id, country_id, name) values (927, 120, 'Sonora');
insert into region(id, country_id, name) values (928, 120, 'Tabasco');
insert into region(id, country_id, name) values (929, 120, 'Tamaulipas');
insert into region(id, country_id, name) values (930, 120, 'Tlaxcala');
insert into region(id, country_id, name) values (931, 120, 'Veracruz-Llave');
insert into region(id, country_id, name) values (932, 120, 'Yucatn');
insert into city(region_id, name) values (609, 'Alcal de Guadara');
insert into city(region_id, name) values (609, 'Bellavista');
insert into city(region_id, name) values (609, 'Brenes');
insert into city(region_id, name) values (609, 'Castilleja de la Cuesta');
insert into city(region_id, name) values (609, 'Dos Hermanas');
insert into city(region_id, name) values (609, 'Marchena');
insert into city(region_id, name) values (609, 'Palmar de troya');
insert into city(region_id, name) values (609, 'Peroamigo');
insert into city(region_id, name) values (609, 'Sevilla');
insert into city(region_id, name) values (660, 'Casalmaggiore');
insert into city(region_id, name) values (660, 'Crema');
insert into city(region_id, name) values (660, 'Cremona');
insert into city(region_id, name) values (878, 'Gostivar');
insert into city(region_id, name) values (901, 'Adolfo Lpez Mateos');
insert into city(region_id, name) values (901, 'Aguascalientes');
insert into region(id, country_id, name) values (933, 121, 'Мозамбик');
insert into city(region_id, name) values (610, 'Soria');
insert into city(region_id, name) values (661, 'Calolziocorte');
insert into city(region_id, name) values (661, 'Lecco');
insert into city(region_id, name) values (661, 'Valmadrera');
insert into city(region_id, name) values (879, 'Karpos');
insert into city(region_id, name) values (879, 'Karpos Dva');
insert into city(region_id, name) values (902, 'Acapulco');
insert into city(region_id, name) values (902, 'Ensenada');
insert into city(region_id, name) values (902, 'Mexicali');
insert into city(region_id, name) values (902, 'Tijuana');
insert into city(region_id, name) values (933, 'Бейра');
insert into city(region_id, name) values (933, 'Мапуто');
insert into city(region_id, name) values (933, 'Нампула');
insert into city(region_id, name) values (933, 'Пемба');
insert into region(id, country_id, name) values (934, 122, 'Молдова');
insert into city(region_id, name) values (611, 'Alcanar');
insert into city(region_id, name) values (611, 'Amposta');
insert into city(region_id, name) values (611, 'Calafell');
insert into city(region_id, name) values (611, 'Cambrils');
insert into city(region_id, name) values (611, 'El Perell');
insert into city(region_id, name) values (611, 'El Vendrell');
insert into city(region_id, name) values (611, 'Jesus i maria');
insert into city(region_id, name) values (611, 'LAldea');
insert into city(region_id, name) values (611, 'LAmetlla de Mar');
insert into city(region_id, name) values (611, 'LAmpolla');
insert into city(region_id, name) values (611, 'Les Cases dAlcanar');
insert into city(region_id, name) values (611, 'Montblanc');
insert into city(region_id, name) values (611, 'Pobla de montornes la');
insert into city(region_id, name) values (611, 'Reus');
insert into city(region_id, name) values (611, 'Riba-roja dEbre');
insert into city(region_id, name) values (611, 'Roquetes');
insert into city(region_id, name) values (611, 'Salou');
insert into city(region_id, name) values (611, 'Sant Carles de la Rpita');
insert into city(region_id, name) values (611, 'Tarragona');
insert into city(region_id, name) values (611, 'Tivissa');
insert into city(region_id, name) values (611, 'Torredembarra');
insert into city(region_id, name) values (611, 'Torreforta');
insert into city(region_id, name) values (611, 'Tortosa');
insert into city(region_id, name) values (611, 'Ulldecona');
insert into city(region_id, name) values (611, 'Valls');
insert into city(region_id, name) values (611, 'Vilaseca');
insert into city(region_id, name) values (662, 'Castiraga Vidardo');
insert into city(region_id, name) values (662, 'Graffignana');
insert into city(region_id, name) values (662, 'Lodi');
insert into city(region_id, name) values (880, 'Kavadarci');
insert into city(region_id, name) values (903, 'La Paz');
insert into city(region_id, name) values (903, 'Loreto');
insert into city(region_id, name) values (934, 'Атаки');
insert into city(region_id, name) values (934, 'Бельцы');
insert into city(region_id, name) values (934, 'Бендеры');
insert into city(region_id, name) values (934, 'Бессарабка');
insert into city(region_id, name) values (934, 'Бируинца');
insert into city(region_id, name) values (934, 'Бричаны');
insert into city(region_id, name) values (934, 'Быковец');
insert into city(region_id, name) values (934, 'Вадул-луй-Водэ');
insert into city(region_id, name) values (934, 'Ватра');
insert into city(region_id, name) values (934, 'Вишневка');
insert into city(region_id, name) values (934, 'Вулканешты');
insert into city(region_id, name) values (934, 'Глодяны');
insert into city(region_id, name) values (934, 'Григориополь');
insert into city(region_id, name) values (934, 'Днестровск');
insert into city(region_id, name) values (934, 'Дондюшаны');
insert into city(region_id, name) values (934, 'Дрокия');
insert into city(region_id, name) values (934, 'Дубоссары');
insert into city(region_id, name) values (934, 'Дурлешты');
insert into city(region_id, name) values (934, 'Единцы');
insert into city(region_id, name) values (934, 'Кагул');
insert into city(region_id, name) values (934, 'Каинары');
insert into city(region_id, name) values (934, 'Калараш');
insert into city(region_id, name) values (934, 'Каменка');
insert into city(region_id, name) values (934, 'Кантемир');
insert into city(region_id, name) values (934, 'Каушаны');
insert into city(region_id, name) values (934, 'Кишинев');
insert into city(region_id, name) values (934, 'Кодру');
insert into city(region_id, name) values (934, 'Комрат');
insert into city(region_id, name) values (934, 'Корнешты');
insert into city(region_id, name) values (934, 'Костешты');
insert into city(region_id, name) values (934, 'Красное');
insert into city(region_id, name) values (934, 'Криково');
insert into city(region_id, name) values (934, 'Криуляны');
insert into city(region_id, name) values (934, 'Купчинь');
insert into city(region_id, name) values (934, 'Леово');
insert into city(region_id, name) values (934, 'Липканы');
insert into city(region_id, name) values (934, 'Маяк');
insert into city(region_id, name) values (934, 'Ниспорены');
insert into city(region_id, name) values (934, 'Новые Анены');
insert into city(region_id, name) values (934, 'Окница');
insert into city(region_id, name) values (934, 'Оргеев');
insert into city(region_id, name) values (934, 'Резина');
insert into city(region_id, name) values (934, 'Рыбница');
insert into city(region_id, name) values (934, 'Рышканы');
insert into city(region_id, name) values (934, 'Слободзея');
insert into city(region_id, name) values (934, 'Сороки');
insert into city(region_id, name) values (934, 'Страшены');
insert into city(region_id, name) values (934, 'Сынжера');
insert into city(region_id, name) values (934, 'Тараклия');
insert into city(region_id, name) values (934, 'Теленешты');
insert into city(region_id, name) values (934, 'Тирасполь');
insert into city(region_id, name) values (934, 'Унгены');
insert into city(region_id, name) values (934, 'Фалешты');
insert into city(region_id, name) values (934, 'Флорешты');
insert into city(region_id, name) values (934, 'Хынчешты');
insert into city(region_id, name) values (934, 'Чадыр-Лунга');
insert into city(region_id, name) values (934, 'Чимишлия');
insert into city(region_id, name) values (934, 'Шолданешты');
insert into city(region_id, name) values (934, 'Штефан-Водэ');
insert into city(region_id, name) values (934, 'Яловены');
insert into city(region_id, name) values (934, 'Яргара');
insert into region(id, country_id, name) values (935, 123, 'Monaco');
insert into city(region_id, name) values (612, 'Alba');
insert into city(region_id, name) values (612, 'Alcaiz');
insert into city(region_id, name) values (612, 'Teruel');
insert into city(region_id, name) values (663, 'Asola');
insert into city(region_id, name) values (663, 'Borgoforte');
insert into city(region_id, name) values (663, 'Canneto sullOglio');
insert into city(region_id, name) values (663, 'Castiglione delle Stiviere');
insert into city(region_id, name) values (663, 'Goito');
insert into city(region_id, name) values (663, 'Mantova');
insert into city(region_id, name) values (663, 'Marmirolo');
insert into city(region_id, name) values (663, 'Poggio Rusco');
insert into city(region_id, name) values (663, 'Quistello');
insert into city(region_id, name) values (881, 'Kisela Voda');
insert into city(region_id, name) values (904, 'Campeche');
insert into city(region_id, name) values (904, 'Carmen');
insert into city(region_id, name) values (904, 'Escrcega');
insert into city(region_id, name) values (935, 'Condamine');
insert into city(region_id, name) values (935, 'Fontvieille');
insert into city(region_id, name) values (935, 'La Condamine');
insert into city(region_id, name) values (935, 'Monaco');
insert into city(region_id, name) values (935, 'Monaco-Ville');
insert into city(region_id, name) values (935, 'Moneghetti');
insert into city(region_id, name) values (935, 'Monte-Carlo');
insert into region(id, country_id, name) values (936, 124, 'Улан-Батор');
insert into city(region_id, name) values (613, 'Alcaudete de la jara');
insert into city(region_id, name) values (613, 'Chozas de canales');
insert into city(region_id, name) values (613, 'Cobeja');
insert into city(region_id, name) values (613, 'Tembleque');
insert into city(region_id, name) values (613, 'Toledo');
insert into city(region_id, name) values (613, 'Urda');
insert into city(region_id, name) values (664, 'Arcore');
insert into city(region_id, name) values (664, 'Arese');
insert into city(region_id, name) values (664, 'Assago');
insert into city(region_id, name) values (664, 'Bareggio');
insert into city(region_id, name) values (664, 'Biassono');
insert into city(region_id, name) values (664, 'Bresso');
insert into city(region_id, name) values (664, 'Briosco');
insert into city(region_id, name) values (664, 'Cesano Maderno');
insert into city(region_id, name) values (664, 'Cinisello Balsamo');
insert into city(region_id, name) values (664, 'Cologno Monzese');
insert into city(region_id, name) values (664, 'Corbetta');
insert into city(region_id, name) values (664, 'Corsico');
insert into city(region_id, name) values (664, 'Cusano Milanino');
insert into city(region_id, name) values (664, 'Desio');
insert into city(region_id, name) values (664, 'Lainate');
insert into city(region_id, name) values (664, 'Legnano');
insert into city(region_id, name) values (664, 'Lissone');
insert into city(region_id, name) values (664, 'Locate di Triulzi');
insert into city(region_id, name) values (664, 'Macherio');
insert into city(region_id, name) values (664, 'Melzo');
insert into city(region_id, name) values (664, 'Milano');
insert into city(region_id, name) values (664, 'Monza');
insert into city(region_id, name) values (664, 'Parabiago');
insert into city(region_id, name) values (664, 'Paullo');
insert into city(region_id, name) values (664, 'Pero');
insert into city(region_id, name) values (664, 'Pessano con Bornago');
insert into city(region_id, name) values (664, 'Pioltello');
insert into city(region_id, name) values (664, 'Pregnana Milanese');
insert into city(region_id, name) values (664, 'Rho');
insert into city(region_id, name) values (664, 'San Donato Milanese');
insert into city(region_id, name) values (664, 'San Giuliano Milanese');
insert into city(region_id, name) values (664, 'Sesto San Giovanni');
insert into city(region_id, name) values (664, 'Verano Brianza');
insert into city(region_id, name) values (664, 'Vizzolo Predabissi');
insert into city(region_id, name) values (882, 'Kumanovo');
insert into city(region_id, name) values (905, 'Al Fin');
insert into city(region_id, name) values (905, 'Comitan');
insert into city(region_id, name) values (905, 'Comitn de Domnguez');
insert into city(region_id, name) values (905, 'Jiquipilas');
insert into city(region_id, name) values (905, 'Tuxtla Gutirrez');
insert into city(region_id, name) values (936, 'Сайн-Шанд');
insert into city(region_id, name) values (936, 'Улан-Батор');
insert into city(region_id, name) values (936, 'Эрдэнэт');
insert into region(id, country_id, name) values (937, 125, 'Марокко');
insert into region(id, country_id, name) values (938, 125, 'Танжер');
insert into city(region_id, name) values (614, 'Alaqus');
insert into city(region_id, name) values (614, 'Albaida');
insert into city(region_id, name) values (614, 'Alboraya');
insert into city(region_id, name) values (614, 'Alcsser');
insert into city(region_id, name) values (614, 'Algemes');
insert into city(region_id, name) values (614, 'Alginet');
insert into city(region_id, name) values (614, 'Alzira');
insert into city(region_id, name) values (614, 'Anna');
insert into city(region_id, name) values (614, 'Canals');
insert into city(region_id, name) values (614, 'Casas del rio');
insert into city(region_id, name) values (614, 'Catarroja');
insert into city(region_id, name) values (614, 'Cullera');
insert into city(region_id, name) values (614, 'Gandia');
insert into city(region_id, name) values (614, 'Guardamar');
insert into city(region_id, name) values (614, 'LEliana');
insert into city(region_id, name) values (614, 'Mislata');
insert into city(region_id, name) values (614, 'Moncada');
insert into city(region_id, name) values (614, 'Ontinyent');
insert into city(region_id, name) values (614, 'Poliny de Xquer');
insert into city(region_id, name) values (614, 'Puol');
insert into city(region_id, name) values (614, 'Sagunto');
insert into city(region_id, name) values (614, 'Sueca');
insert into city(region_id, name) values (614, 'Tavernes de la Valldigna');
insert into city(region_id, name) values (614, 'Torrebaja');
insert into city(region_id, name) values (614, 'Torrent');
insert into city(region_id, name) values (614, 'Valencia');
insert into city(region_id, name) values (614, 'Xtiva');
insert into city(region_id, name) values (665, 'Alagna');
insert into city(region_id, name) values (665, 'Certosa di Pavia');
insert into city(region_id, name) values (665, 'Dorno');
insert into city(region_id, name) values (665, 'Garlasco');
insert into city(region_id, name) values (665, 'Mortara');
insert into city(region_id, name) values (665, 'Pavia');
insert into city(region_id, name) values (665, 'Pietra de Giorgi');
insert into city(region_id, name) values (665, 'Portalbera');
insert into city(region_id, name) values (665, 'San Martino Siccomario');
insert into city(region_id, name) values (665, 'Trivolzio');
insert into city(region_id, name) values (665, 'Voghera');
insert into city(region_id, name) values (883, 'Makedonska Kamenica');
insert into city(region_id, name) values (906, 'Chihuahua');
insert into city(region_id, name) values (906, 'Delicias');
insert into city(region_id, name) values (906, 'Jurez');
insert into city(region_id, name) values (937, 'Морокко');
insert into region(id, country_id, name) values (939, 126, 'Мьянма (Бирма)');
insert into city(region_id, name) values (615, 'Laguna de Duero');
insert into city(region_id, name) values (615, 'Medina del Campo');
insert into city(region_id, name) values (615, 'Olmedo');
insert into city(region_id, name) values (615, 'Santa eufemia del arroyo');
insert into city(region_id, name) values (615, 'Valladolid');
insert into city(region_id, name) values (615, 'Wamba');
insert into city(region_id, name) values (666, 'Morbegno');
insert into city(region_id, name) values (666, 'Sondrio');
insert into city(region_id, name) values (884, 'Negotino');
insert into city(region_id, name) values (907, 'Allende');
insert into city(region_id, name) values (907, 'Monclova');
insert into city(region_id, name) values (907, 'Saltillo');
insert into city(region_id, name) values (907, 'Torren');
insert into city(region_id, name) values (938, 'Танжер');
insert into city(region_id, name) values (939, 'Мьичина');
insert into city(region_id, name) values (939, 'Янгон');
insert into region(id, country_id, name) values (940, 127, 'Остров Мэн');
insert into city(region_id, name) values (616, 'Amorebieta-Etxano');
insert into city(region_id, name) values (616, 'Arenas las');
insert into city(region_id, name) values (616, 'Barakaldo');
insert into city(region_id, name) values (616, 'Basauri');
insert into city(region_id, name) values (616, 'Bilbao');
insert into city(region_id, name) values (616, 'Durango');
insert into city(region_id, name) values (616, 'Ermua');
insert into city(region_id, name) values (616, 'Gernika-Lumo');
insert into city(region_id, name) values (616, 'Markina-Xemein');
insert into city(region_id, name) values (616, 'Portugalete');
insert into city(region_id, name) values (616, 'Santurtzi');
insert into city(region_id, name) values (616, 'Sopelana');
insert into city(region_id, name) values (667, 'Brissago-Valtravaglia');
insert into city(region_id, name) values (667, 'Brusimpiano');
insert into city(region_id, name) values (667, 'Busto Arsizio');
insert into city(region_id, name) values (667, 'Cislago');
insert into city(region_id, name) values (667, 'Gallarate');
insert into city(region_id, name) values (667, 'Lavena Ponte Tresa');
insert into city(region_id, name) values (667, 'Saronno');
insert into city(region_id, name) values (667, 'Varese');
insert into city(region_id, name) values (667, 'Vedano Olona');
insert into city(region_id, name) values (885, 'Ohrid');
insert into city(region_id, name) values (908, 'Acatitn');
insert into city(region_id, name) values (908, 'Amoles');
insert into city(region_id, name) values (908, 'Armera');
insert into city(region_id, name) values (908, 'Colima');
insert into city(region_id, name) values (908, 'Manzanillo');
insert into city(region_id, name) values (940, 'Дуглас');
insert into city(region_id, name) values (940, 'Каслтаун');
insert into city(region_id, name) values (940, 'Пил');
insert into city(region_id, name) values (940, 'Порт-Сент-Мэри');
insert into city(region_id, name) values (940, 'Порт-Эрин');
insert into city(region_id, name) values (940, 'Рамси');
insert into region(id, country_id, name) values (941, 128, 'Намибия');
insert into city(region_id, name) values (617, 'Zamora');
insert into city(region_id, name) values (668, 'Ancona');
insert into city(region_id, name) values (668, 'Castelfidardo');
insert into city(region_id, name) values (668, 'Fabriano');
insert into city(region_id, name) values (668, 'Jesi');
insert into city(region_id, name) values (668, 'Loreto');
insert into city(region_id, name) values (668, 'Monte Roberto');
insert into city(region_id, name) values (668, 'Monterado');
insert into city(region_id, name) values (668, 'Osimo');
insert into city(region_id, name) values (668, 'Ostra');
insert into city(region_id, name) values (668, 'Senigallia');
insert into city(region_id, name) values (886, 'Prilep');
insert into city(region_id, name) values (909, 'Ajusco');
insert into city(region_id, name) values (909, 'Alvaro Obregn');
insert into city(region_id, name) values (909, 'Azcapotzalco');
insert into city(region_id, name) values (909, 'Benito Juarez');
insert into city(region_id, name) values (909, 'Cerro Prieto');
insert into city(region_id, name) values (909, 'Ciudad de Mxico');
insert into city(region_id, name) values (909, 'Colonia Ramos Milln');
insert into city(region_id, name) values (909, 'Coyoacn');
insert into city(region_id, name) values (909, 'Cuauhtmoc');
insert into city(region_id, name) values (909, 'Iztapalapa');
insert into city(region_id, name) values (909, 'Lomas de Chapultepec');
insert into city(region_id, name) values (909, 'Mxico Distrito Federal');
insert into city(region_id, name) values (909, 'Polanco');
insert into city(region_id, name) values (909, 'San Andrs Totoltepec');
insert into city(region_id, name) values (909, 'San Angel');
insert into city(region_id, name) values (909, 'San Bartolo Atepehuacn');
insert into city(region_id, name) values (909, 'San Pedro');
insert into city(region_id, name) values (909, 'Tlalpan');
insert into city(region_id, name) values (909, 'Zona Urbana');
insert into city(region_id, name) values (941, 'Виндук');
insert into city(region_id, name) values (941, 'Людериц');
insert into city(region_id, name) values (941, 'Уолфиш-Бей');
insert into region(id, country_id, name) values (942, 129, 'Науру');
insert into city(region_id, name) values (618, 'Abanto');
insert into city(region_id, name) values (618, 'Alagn');
insert into city(region_id, name) values (618, 'Alera');
insert into city(region_id, name) values (618, 'Alfamn');
insert into city(region_id, name) values (618, 'Calatayud');
insert into city(region_id, name) values (618, 'Ejea de los Caballeros');
insert into city(region_id, name) values (618, 'El Burgo de Ebro');
insert into city(region_id, name) values (618, 'Figueruelas');
insert into city(region_id, name) values (618, 'Pedrola (2)');
insert into city(region_id, name) values (618, 'San Mateo de Gllego');
insert into city(region_id, name) values (618, 'Tarazona');
insert into city(region_id, name) values (618, 'Zaragoza');
insert into city(region_id, name) values (669, 'Ascoli Piceno');
insert into city(region_id, name) values (669, 'Falerone');
insert into city(region_id, name) values (669, 'Fermo');
insert into city(region_id, name) values (669, 'Montappone');
insert into city(region_id, name) values (669, 'Pedaso');
insert into city(region_id, name) values (669, 'Porto San Giorgio');
insert into city(region_id, name) values (669, 'Porto SantElpidio');
insert into city(region_id, name) values (669, 'San Benedetto del Tronto');
insert into city(region_id, name) values (669, 'SantElpidio a Mare');
insert into city(region_id, name) values (887, 'Radovis');
insert into city(region_id, name) values (910, 'Aedo');
insert into city(region_id, name) values (910, 'Antonio');
insert into city(region_id, name) values (910, 'Durango');
insert into city(region_id, name) values (910, 'Gmez Palacio');
insert into city(region_id, name) values (942, 'Баирики');
insert into city(region_id, name) values (942, 'Маджуро');
insert into city(region_id, name) values (942, 'Ярен');
insert into region(id, country_id, name) values (943, 130, 'Непал');
insert into city(region_id, name) values (670, 'Castelraimondo');
insert into city(region_id, name) values (670, 'Civitanova Marche');
insert into city(region_id, name) values (670, 'Macerata');
insert into city(region_id, name) values (670, 'Montecosaro');
insert into city(region_id, name) values (670, 'Petriolo');
insert into city(region_id, name) values (670, 'San Severino Marche');
insert into city(region_id, name) values (888, 'Saraj');
insert into city(region_id, name) values (911, 'Abasolo');
insert into city(region_id, name) values (911, 'Acatlan');
insert into city(region_id, name) values (911, 'Charapuato');
insert into city(region_id, name) values (911, 'Guanajuato');
insert into city(region_id, name) values (911, 'Irapuato');
insert into city(region_id, name) values (911, 'Len');
insert into city(region_id, name) values (911, 'Len de los Aldamas');
insert into city(region_id, name) values (911, 'Ocampo');
insert into city(region_id, name) values (911, 'Salamanca');
insert into city(region_id, name) values (911, 'San Miguel Allende');
insert into city(region_id, name) values (943, 'Катманду');
insert into region(id, country_id, name) values (944, 131, 'Нигер');
insert into city(region_id, name) values (671, 'Fano');
insert into city(region_id, name) values (671, 'Fermignano');
insert into city(region_id, name) values (671, 'Pesaro');
insert into city(region_id, name) values (671, 'Tavoleto');
insert into city(region_id, name) values (671, 'Urbino');
insert into city(region_id, name) values (889, 'Dojran');
insert into city(region_id, name) values (912, 'Acapulco');
insert into city(region_id, name) values (912, 'Chilpancingo de los Bravos');
insert into city(region_id, name) values (912, 'Zihuatanejo');
insert into city(region_id, name) values (944, 'Агадес');
insert into city(region_id, name) values (944, 'Бильма');
insert into city(region_id, name) values (944, 'Джадо');
insert into city(region_id, name) values (944, 'Зиндер');
insert into city(region_id, name) values (944, 'Ниамей');
insert into region(id, country_id, name) values (945, 132, 'Нигерия');
insert into city(region_id, name) values (672, 'Campobasso');
insert into city(region_id, name) values (672, 'Riccia');
insert into city(region_id, name) values (672, 'San Massimo');
insert into city(region_id, name) values (672, 'Termoli');
insert into city(region_id, name) values (890, 'Struga');
insert into city(region_id, name) values (913, 'Actopan');
insert into city(region_id, name) values (913, 'Mixquiahuala');
insert into city(region_id, name) values (913, 'Molango');
insert into city(region_id, name) values (913, 'Pachuca');
insert into city(region_id, name) values (913, 'Pachuca de Soto');
insert into city(region_id, name) values (913, 'Santiago Tulantepec');
insert into city(region_id, name) values (913, 'Zimapn');
insert into city(region_id, name) values (945, 'Абуджа');
insert into city(region_id, name) values (945, 'Лагос');
insert into region(id, country_id, name) values (946, 133, 'Drenthe');
insert into region(id, country_id, name) values (947, 133, 'Flevoland');
insert into region(id, country_id, name) values (948, 133, 'Friesland');
insert into region(id, country_id, name) values (949, 133, 'Gelderland');
insert into region(id, country_id, name) values (950, 133, 'Groningen');
insert into region(id, country_id, name) values (951, 133, 'Limburg');
insert into region(id, country_id, name) values (952, 133, 'Noord-Brabant');
insert into region(id, country_id, name) values (953, 133, 'Noord-Holland');
insert into region(id, country_id, name) values (954, 133, 'Overijssel');
insert into region(id, country_id, name) values (955, 133, 'Utrecht');
insert into region(id, country_id, name) values (956, 133, 'Zeeland');
insert into region(id, country_id, name) values (957, 133, 'Zuid-Holland');
insert into city(region_id, name) values (673, 'Civitanova del Sannio');
insert into city(region_id, name) values (673, 'Isernia');
insert into city(region_id, name) values (891, 'Strumica');
insert into city(region_id, name) values (914, 'Ameca');
insert into city(region_id, name) values (914, 'Guadalajara');
insert into city(region_id, name) values (914, 'Puerto Vallarta');
insert into city(region_id, name) values (914, 'Tamazula de Gordiano');
insert into city(region_id, name) values (914, 'Zapotlanejo');
insert into city(region_id, name) values (946, 't Haantje');
insert into city(region_id, name) values (946, 't Noorden');
insert into city(region_id, name) values (946, 'Aalden');
insert into city(region_id, name) values (946, 'Amen');
insert into city(region_id, name) values (946, 'Amerika');
insert into city(region_id, name) values (946, 'Amsterdamsche Veld I');
insert into city(region_id, name) values (946, 'Amsterdamscheveld');
insert into city(region_id, name) values (946, 'Amsterdamseveld');
insert into city(region_id, name) values (946, 'Angelslo');
insert into city(region_id, name) values (946, 'Anlo');
insert into city(region_id, name) values (946, 'Anreep');
insert into city(region_id, name) values (946, 'Armweide');
insert into city(region_id, name) values (946, 'Assen');
insert into city(region_id, name) values (946, 'Beilen');
insert into city(region_id, name) values (946, 'Bonnen');
insert into city(region_id, name) values (946, 'Coevorden');
insert into city(region_id, name) values (946, 'Emmen');
insert into city(region_id, name) values (946, 'Hoogeveen');
insert into city(region_id, name) values (946, 'Meppel');
insert into city(region_id, name) values (946, 'Roden');
insert into city(region_id, name) values (946, 'Zwinderen');
insert into region(id, country_id, name) values (958, 134, 'Granada');
insert into region(id, country_id, name) values (959, 134, 'Len');
insert into region(id, country_id, name) values (960, 134, 'Managua');
insert into region(id, country_id, name) values (961, 134, 'Rio San Juan');
insert into city(region_id, name) values (674, 'Acqui Terme');
insert into city(region_id, name) values (674, 'Alessandria');
insert into city(region_id, name) values (674, 'Balzola');
insert into city(region_id, name) values (674, 'Novi Ligure');
insert into city(region_id, name) values (674, 'Strevi');
insert into city(region_id, name) values (674, 'Tortona');
insert into city(region_id, name) values (892, 'Sveti Nikole');
insert into city(region_id, name) values (915, 'Acahualco');
insert into city(region_id, name) values (915, 'Acatln');
insert into city(region_id, name) values (915, 'Acaxuchitlan');
insert into city(region_id, name) values (915, 'Acazulco');
insert into city(region_id, name) values (915, 'Acozac');
insert into city(region_id, name) values (915, 'Aculco');
insert into city(region_id, name) values (915, 'Altavista');
insert into city(region_id, name) values (915, 'Benitez');
insert into city(region_id, name) values (915, 'Ecatepec');
insert into city(region_id, name) values (915, 'El Grande');
insert into city(region_id, name) values (915, 'El Tecun');
insert into city(region_id, name) values (915, 'Guadalupe');
insert into city(region_id, name) values (915, 'Ixtapaluca');
insert into city(region_id, name) values (915, 'Maxtleca');
insert into city(region_id, name) values (915, 'Mxico');
insert into city(region_id, name) values (915, 'Minita Cedro');
insert into city(region_id, name) values (915, 'Naucalpan de Jurez');
insert into city(region_id, name) values (915, 'Netzahualcyotl');
insert into city(region_id, name) values (915, 'Santa Clara');
insert into city(region_id, name) values (915, 'Toluca');
insert into city(region_id, name) values (915, 'Xico');
insert into city(region_id, name) values (947, 'Almere-Buiten');
insert into city(region_id, name) values (947, 'Almere-Haven');
insert into city(region_id, name) values (947, 'Almere-Stad');
insert into city(region_id, name) values (947, 'Bant');
insert into city(region_id, name) values (947, 'Dronten');
insert into city(region_id, name) values (947, 'Emmeloord');
insert into city(region_id, name) values (947, 'Espel');
insert into city(region_id, name) values (947, 'Haven van Lelystad');
insert into city(region_id, name) values (947, 'Lelystad');
insert into city(region_id, name) values (947, 'Top');
insert into city(region_id, name) values (958, 'Agua Agria');
insert into city(region_id, name) values (958, 'Caa de Castilla');
insert into region(id, country_id, name) values (962, 135, 'Auckland');
insert into region(id, country_id, name) values (963, 135, 'Bay of Plenty');
insert into region(id, country_id, name) values (964, 135, 'Canterbury');
insert into region(id, country_id, name) values (965, 135, 'Gisborne');
insert into region(id, country_id, name) values (966, 135, 'Manawatu-Wanganui');
insert into region(id, country_id, name) values (967, 135, 'Marlborough');
insert into region(id, country_id, name) values (968, 135, 'Nelson');
insert into region(id, country_id, name) values (969, 135, 'Northland');
insert into region(id, country_id, name) values (970, 135, 'Otago');
insert into region(id, country_id, name) values (971, 135, 'Southland');
insert into region(id, country_id, name) values (972, 135, 'Taranaki');
insert into region(id, country_id, name) values (973, 135, 'Tasman');
insert into region(id, country_id, name) values (974, 135, 'Wellington');
insert into region(id, country_id, name) values (975, 135, 'West Coast');
insert into city(region_id, name) values (675, 'Biella');
insert into city(region_id, name) values (675, 'Mosso');
insert into city(region_id, name) values (893, 'Tetov');
insert into city(region_id, name) values (893, 'Tetovo');
insert into city(region_id, name) values (916, 'La Piedad Cabadas');
insert into city(region_id, name) values (916, 'Lzaro Crdenas');
insert into city(region_id, name) values (916, 'Morelia');
insert into city(region_id, name) values (916, 'Uruapan del Progreso');
insert into city(region_id, name) values (948, 'Aalsum');
insert into city(region_id, name) values (948, 'Aalzum');
insert into city(region_id, name) values (948, 'Aasterein');
insert into city(region_id, name) values (948, 'Allingawier');
insert into city(region_id, name) values (948, 'Appelscha');
insert into city(region_id, name) values (948, 'Baard');
insert into city(region_id, name) values (948, 'Bolsward');
insert into city(region_id, name) values (948, 'De Knipe');
insert into city(region_id, name) values (948, 'Dokkum');
insert into city(region_id, name) values (948, 'Drachten');
insert into city(region_id, name) values (948, 'Franeker');
insert into city(region_id, name) values (948, 'Harlingen');
insert into city(region_id, name) values (948, 'Heerenveen');
insert into city(region_id, name) values (948, 'Joure');
insert into city(region_id, name) values (948, 'Kollum');
insert into city(region_id, name) values (948, 'Leeuwarden');
insert into city(region_id, name) values (948, 'Lieuwarden');
insert into city(region_id, name) values (948, 'Midsln Noard');
insert into city(region_id, name) values (948, 'Rijsberkampen');
insert into city(region_id, name) values (948, 'Sneek');
insert into city(region_id, name) values (948, 'Tilburen');
insert into city(region_id, name) values (959, 'Abra Vieja');
insert into city(region_id, name) values (959, 'Valle Las Zapatas');
insert into city(region_id, name) values (962, 'Манукау');
insert into city(region_id, name) values (962, 'Окленд');
insert into region(id, country_id, name) values (976, 136, 'Нумеа');
insert into city(region_id, name) values (676, 'Alba');
insert into city(region_id, name) values (676, 'Bossolasco');
insert into city(region_id, name) values (676, 'Bra');
insert into city(region_id, name) values (676, 'Cuneo');
insert into city(region_id, name) values (676, 'Fossano');
insert into city(region_id, name) values (676, 'Prazzo');
insert into city(region_id, name) values (676, 'Villanova Mondov');
insert into city(region_id, name) values (894, 'Veles');
insert into city(region_id, name) values (917, 'Amatln');
insert into city(region_id, name) values (917, 'Cuautla');
insert into city(region_id, name) values (917, 'Cuernavaca');
insert into city(region_id, name) values (917, 'Jiutepec');
insert into city(region_id, name) values (949, 's-Heerenberg');
insert into city(region_id, name) values (949, 't Loo');
insert into city(region_id, name) values (949, 'Aalten');
insert into city(region_id, name) values (949, 'Apeldoorn');
insert into city(region_id, name) values (949, 'Arnheim');
insert into city(region_id, name) values (949, 'Arnhem');
insert into city(region_id, name) values (949, 'Barneveld');
insert into city(region_id, name) values (949, 'Bennekom');
insert into city(region_id, name) values (949, 'Brummen');
insert into city(region_id, name) values (949, 'Didam');
insert into city(region_id, name) values (949, 'Dieren');
insert into city(region_id, name) values (949, 'Dinxperlo');
insert into city(region_id, name) values (949, 'Doetinchem');
insert into city(region_id, name) values (949, 'Ede');
insert into city(region_id, name) values (949, 'Epe');
insert into city(region_id, name) values (949, 'Geldermalsen');
insert into city(region_id, name) values (949, 'Gendringen');
insert into city(region_id, name) values (949, 'Haarlo');
insert into city(region_id, name) values (949, 'Harderwijk');
insert into city(region_id, name) values (949, 'Lochem');
insert into city(region_id, name) values (949, 'Millingen aan de Rijn');
insert into city(region_id, name) values (949, 'Nijkerk');
insert into city(region_id, name) values (949, 'Nijmegen');
insert into city(region_id, name) values (949, 'Nymegen');
insert into city(region_id, name) values (949, 'Otterlo');
insert into city(region_id, name) values (949, 'Rheden');
insert into city(region_id, name) values (949, 'Terwolde');
insert into city(region_id, name) values (949, 'Tiel');
insert into city(region_id, name) values (949, 'Wageningen');
insert into city(region_id, name) values (949, 'Wehl');
insert into city(region_id, name) values (949, 'Wijchen');
insert into city(region_id, name) values (949, 'Winterswijk');
insert into city(region_id, name) values (949, 'Zevenaar');
insert into city(region_id, name) values (949, 'Zutphen');
insert into city(region_id, name) values (949, 'Zwolle');
insert into city(region_id, name) values (960, 'Aduana');
insert into city(region_id, name) values (960, 'Managua');
insert into city(region_id, name) values (963, 'Роторуа');
insert into city(region_id, name) values (963, 'Тауранга');
insert into city(region_id, name) values (976, 'Нумеа');
insert into region(id, country_id, name) values (977, 137, 'Akershus');
insert into region(id, country_id, name) values (978, 137, 'Aust-Agder');
insert into region(id, country_id, name) values (979, 137, 'Buskerud');
insert into region(id, country_id, name) values (980, 137, 'Finnmark');
insert into region(id, country_id, name) values (981, 137, 'Hedmark');
insert into region(id, country_id, name) values (982, 137, 'Hordaland');
insert into region(id, country_id, name) values (983, 137, 'More og Romsdal');
insert into region(id, country_id, name) values (984, 137, 'None');
insert into region(id, country_id, name) values (985, 137, 'Nord-Trondelag');
insert into region(id, country_id, name) values (986, 137, 'Nordland');
insert into region(id, country_id, name) values (987, 137, 'Oppland');
insert into region(id, country_id, name) values (988, 137, 'Oslo');
insert into region(id, country_id, name) values (989, 137, 'Ostfold');
insert into region(id, country_id, name) values (990, 137, 'Rogaland');
insert into region(id, country_id, name) values (991, 137, 'Sogn og Fjordane');
insert into region(id, country_id, name) values (992, 137, 'Sor-Trondelag');
insert into region(id, country_id, name) values (993, 137, 'Telemark');
insert into region(id, country_id, name) values (994, 137, 'Troms');
insert into region(id, country_id, name) values (995, 137, 'Vest-Agder');
insert into region(id, country_id, name) values (996, 137, 'Vestfold');
insert into city(region_id, name) values (677, 'Arona');
insert into city(region_id, name) values (677, 'Borgomanero');
insert into city(region_id, name) values (677, 'Invorio');
insert into city(region_id, name) values (677, 'Nibbiola');
insert into city(region_id, name) values (677, 'Novara');
insert into city(region_id, name) values (677, 'Oleggio');
insert into city(region_id, name) values (918, 'Tepic');
insert into city(region_id, name) values (950, 'Aalsum');
insert into city(region_id, name) values (950, 'Amsweer');
insert into city(region_id, name) values (950, 'Beerta');
insert into city(region_id, name) values (950, 'Delfzijl');
insert into city(region_id, name) values (950, 'Enum');
insert into city(region_id, name) values (950, 'Groningen');
insert into city(region_id, name) values (950, 'Winschoten');
insert into city(region_id, name) values (961, 'La Fe');
insert into city(region_id, name) values (964, 'Крайстчерч');
insert into city(region_id, name) values (964, 'Тимару');
insert into city(region_id, name) values (977, 'Aamot');
insert into city(region_id, name) values (977, 's');
insert into city(region_id, name) values (977, 'Asker');
insert into city(region_id, name) values (977, 'Brums Verk');
insert into city(region_id, name) values (977, 'Berger');
insert into city(region_id, name) values (977, 'Braate');
insert into city(region_id, name) values (977, 'Dokke');
insert into city(region_id, name) values (977, 'Drbak');
insert into city(region_id, name) values (977, 'Eidsvoll');
insert into city(region_id, name) values (977, 'Eidsvoll Verk');
insert into city(region_id, name) values (977, 'Fagernes');
insert into city(region_id, name) values (977, 'Fetsund');
insert into city(region_id, name) values (977, 'Fosser');
insert into city(region_id, name) values (977, 'Gardermoen');
insert into city(region_id, name) values (977, 'Hvik');
insert into city(region_id, name) values (977, 'Jessheim');
insert into city(region_id, name) values (977, 'Klofta');
insert into city(region_id, name) values (977, 'Lillestrm');
insert into city(region_id, name) values (977, 'Mo');
insert into city(region_id, name) values (977, 'Sandvika');
insert into city(region_id, name) values (977, 'Sandviken');
insert into city(region_id, name) values (977, 'Ski');
insert into city(region_id, name) values (977, 'Son');
insert into city(region_id, name) values (977, 'Stabekk');
insert into city(region_id, name) values (977, 'Strmmen');
insert into city(region_id, name) values (977, 'Vormsund');
insert into region(id, country_id, name) values (997, 138, 'Кингстон');
insert into city(region_id, name) values (678, 'Albiano dIvrea');
insert into city(region_id, name) values (678, 'Bollengo');
insert into city(region_id, name) values (678, 'Carmagnola');
insert into city(region_id, name) values (678, 'Castellamonte');
insert into city(region_id, name) values (678, 'Chivasso');
insert into city(region_id, name) values (678, 'Ivrea');
insert into city(region_id, name) values (678, 'La Loggia');
insert into city(region_id, name) values (678, 'Macello');
insert into city(region_id, name) values (678, 'Pianezza');
insert into city(region_id, name) values (678, 'Pinerolo');
insert into city(region_id, name) values (678, 'Rivalta di Torino');
insert into city(region_id, name) values (678, 'Settimo Torinese');
insert into city(region_id, name) values (678, 'Torino');
insert into city(region_id, name) values (919, 'Ro Verde');
insert into city(region_id, name) values (951, 'Aan de School');
insert into city(region_id, name) values (951, 'Aasterberg');
insert into city(region_id, name) values (951, 'Afhang');
insert into city(region_id, name) values (951, 'Amstenrade');
insert into city(region_id, name) values (951, 'Baexem');
insert into city(region_id, name) values (951, 'Beesel');
insert into city(region_id, name) values (951, 'Broekhoven');
insert into city(region_id, name) values (951, 'Echt');
insert into city(region_id, name) values (951, 'Eisden');
insert into city(region_id, name) values (951, 'Geleen');
insert into city(region_id, name) values (951, 'Haag');
insert into city(region_id, name) values (951, 'Heerlen');
insert into city(region_id, name) values (951, 'Hees');
insert into city(region_id, name) values (951, 'Heythuysen');
insert into city(region_id, name) values (951, 'Kelmond');
insert into city(region_id, name) values (951, 'Kerkrade');
insert into city(region_id, name) values (951, 'Limbricht');
insert into city(region_id, name) values (951, 'Maasbracht');
insert into city(region_id, name) values (951, 'Maastricht');
insert into city(region_id, name) values (951, 'Maestricht');
insert into city(region_id, name) values (951, 'Roermond');
insert into city(region_id, name) values (951, 'Scheide');
insert into city(region_id, name) values (951, 'Sittard');
insert into city(region_id, name) values (951, 'Swalmen');
insert into city(region_id, name) values (951, 'Vaals');
insert into city(region_id, name) values (951, 'Valkenburg');
insert into city(region_id, name) values (951, 'Venlo');
insert into city(region_id, name) values (951, 'Venray');
insert into city(region_id, name) values (951, 'Weert');
insert into city(region_id, name) values (951, 'Wyck');
insert into city(region_id, name) values (965, 'Гисборн');
insert into city(region_id, name) values (978, 'Aapaasdal');
insert into city(region_id, name) values (978, 'Arendal');
insert into city(region_id, name) values (978, 'Arnevik');
insert into city(region_id, name) values (978, 'Froland');
insert into city(region_id, name) values (978, 'Grimstad');
insert into city(region_id, name) values (978, 'Tvedestrand');
insert into city(region_id, name) values (997, 'Кингстон');
insert into region(id, country_id, name) values (998, 139, 'Абу Даби');
insert into region(id, country_id, name) values (999, 139, 'Дубаи');
insert into city(region_id, name) values (679, 'Domodossola');
insert into city(region_id, name) values (679, 'Gravellona Toce');
insert into city(region_id, name) values (679, 'Stresa');
insert into city(region_id, name) values (679, 'Verbania');
insert into city(region_id, name) values (920, 'Cadereyta');
insert into city(region_id, name) values (920, 'Apodaca');
insert into city(region_id, name) values (920, 'Monterrey');
insert into city(region_id, name) values (920, 'Nogales');
insert into city(region_id, name) values (920, 'San Nicols de los Garza');
insert into city(region_id, name) values (920, 'Santa Catarina');
insert into city(region_id, name) values (952, 's Bosch');
insert into city(region_id, name) values (952, 's-Hertogenbosch');
insert into city(region_id, name) values (952, 't Hout');
insert into city(region_id, name) values (952, 'Aalst');
insert into city(region_id, name) values (952, 'Amsteleind');
insert into city(region_id, name) values (952, 'Bakel');
insert into city(region_id, name) values (952, 'Bergen op Zoom');
insert into city(region_id, name) values (952, 'Best');
insert into city(region_id, name) values (952, 'Boxmeer');
insert into city(region_id, name) values (952, 'Breda');
insert into city(region_id, name) values (952, 'Den Bosch');
insert into city(region_id, name) values (952, 'Dongen');
insert into city(region_id, name) values (952, 'Duizel');
insert into city(region_id, name) values (952, 'Eiland');
insert into city(region_id, name) values (952, 'Eindhoven');
insert into city(region_id, name) values (952, 'Etten');
insert into city(region_id, name) values (952, 'Gement');
insert into city(region_id, name) values (952, 'Helmond');
insert into city(region_id, name) values (952, 'Hertogenbosch');
insert into city(region_id, name) values (952, 'Katwijk');
insert into city(region_id, name) values (952, 'Mierlo');
insert into city(region_id, name) values (952, 'Oss');
insert into city(region_id, name) values (952, 'Oudenbosch');
insert into city(region_id, name) values (952, 'Overloon');
insert into city(region_id, name) values (952, 'Rijen');
insert into city(region_id, name) values (952, 'Roosendaal');
insert into city(region_id, name) values (952, 'Tilburg');
insert into city(region_id, name) values (952, 'Trent');
insert into city(region_id, name) values (952, 'Uden');
insert into city(region_id, name) values (952, 'Veghel');
insert into city(region_id, name) values (966, 'Вангануи');
insert into city(region_id, name) values (966, 'Палмерстон-Норт');
insert into city(region_id, name) values (979, 'Aamot');
insert into city(region_id, name) values (979, 'Amot-Modum');
insert into city(region_id, name) values (979, 'Austvoll');
insert into city(region_id, name) values (979, 'Drammen');
insert into city(region_id, name) values (979, 'Geilo');
insert into city(region_id, name) values (979, 'Gol');
insert into city(region_id, name) values (979, 'Hemsedal');
insert into city(region_id, name) values (979, 'Holmsbu');
insert into city(region_id, name) values (979, 'Hnefoss');
insert into city(region_id, name) values (979, 'Kongsberg');
insert into city(region_id, name) values (979, 'Noresund');
insert into city(region_id, name) values (979, 'Uvdal');
insert into city(region_id, name) values (979, 'Vestfossen');
insert into city(region_id, name) values (979, 'Vik');
insert into city(region_id, name) values (979, 'Vikersund');
insert into city(region_id, name) values (998, 'Абу Даби');
insert into region(id, country_id, name) values (1000, 140, 'Оман');
insert into city(region_id, name) values (680, 'Borgosesia');
insert into city(region_id, name) values (680, 'Vercelli');
insert into city(region_id, name) values (921, 'Jurez');
insert into city(region_id, name) values (921, 'Juchitn de Zaragoza');
insert into city(region_id, name) values (921, 'San Felipe del Agua');
insert into city(region_id, name) values (921, 'Tezonapa');
insert into city(region_id, name) values (921, 'Zoquiapam');
insert into city(region_id, name) values (953, 'Aalsmeer');
insert into city(region_id, name) values (953, 'Akersloot');
insert into city(region_id, name) values (953, 'Alkmaar');
insert into city(region_id, name) values (953, 'Amstelveen');
insert into city(region_id, name) values (953, 'Amsterdam');
insert into city(region_id, name) values (953, 'Bergen');
insert into city(region_id, name) values (953, 'Beverwijk');
insert into city(region_id, name) values (953, 'Bovenkerk');
insert into city(region_id, name) values (953, 'Bussum');
insert into city(region_id, name) values (953, 'De Haal');
insert into city(region_id, name) values (953, 'De Strook');
insert into city(region_id, name) values (953, 'Den Helder');
insert into city(region_id, name) values (953, 'Der Helder');
insert into city(region_id, name) values (953, 'Egmond aan Zee');
insert into city(region_id, name) values (953, 'Enkhuizen');
insert into city(region_id, name) values (953, 'Haarlem');
insert into city(region_id, name) values (953, 'Hilversum');
insert into city(region_id, name) values (953, 'Hoofddorp');
insert into city(region_id, name) values (953, 'Hoorn');
insert into city(region_id, name) values (953, 'Huizen');
insert into city(region_id, name) values (953, 'IJmuiden');
insert into city(region_id, name) values (953, 'Laren');
insert into city(region_id, name) values (953, 'Medemblik');
insert into city(region_id, name) values (953, 'Naarden');
insert into city(region_id, name) values (953, 'Schagen');
insert into city(region_id, name) values (953, 'Verloren Einde');
insert into city(region_id, name) values (953, 'Weesp');
insert into city(region_id, name) values (953, 'Zaandam');
insert into city(region_id, name) values (953, 'Zaanstad');
insert into city(region_id, name) values (953, 'Zandvoort');
insert into city(region_id, name) values (953, 'Zwaagdijk');
insert into city(region_id, name) values (967, 'Бленхейм');
insert into city(region_id, name) values (980, 'Akkerfjorden');
insert into city(region_id, name) values (980, 'Alta');
insert into city(region_id, name) values (980, 'Btsfjord');
insert into city(region_id, name) values (980, 'Hammerfest');
insert into city(region_id, name) values (980, 'Hammernes');
insert into city(region_id, name) values (980, 'Havysund');
insert into city(region_id, name) values (980, 'Karasjok');
insert into city(region_id, name) values (980, 'Kirkenes');
insert into city(region_id, name) values (980, 'Kjs');
insert into city(region_id, name) values (980, 'Korsnes');
insert into city(region_id, name) values (980, 'Lakselv');
insert into city(region_id, name) values (980, 'Langenes');
insert into city(region_id, name) values (980, 'Masi');
insert into city(region_id, name) values (980, 'Mehamn');
insert into city(region_id, name) values (980, 'Seida');
insert into city(region_id, name) values (980, 'Tmmervik');
insert into city(region_id, name) values (980, 'Vads');
insert into city(region_id, name) values (999, 'Дубаи');
insert into city(region_id, name) values (1000, 'Маскат');
insert into city(region_id, name) values (1000, 'Салала');
insert into city(region_id, name) values (1000, 'Сур');
insert into region(id, country_id, name) values (1001, 141, 'Пакистан');
insert into city(region_id, name) values (681, 'Acquaviva delle Fonti');
insert into city(region_id, name) values (681, 'Altamura');
insert into city(region_id, name) values (681, 'Andria');
insert into city(region_id, name) values (681, 'Bari');
insert into city(region_id, name) values (681, 'Casamassima');
insert into city(region_id, name) values (681, 'Modugno');
insert into city(region_id, name) values (681, 'Valenzano');
insert into city(region_id, name) values (922, 'Puebla');
insert into city(region_id, name) values (922, 'Puebla de los Angeles');
insert into city(region_id, name) values (922, 'Xicotepec de Jurez');
insert into city(region_id, name) values (954, 't Klooster');
insert into city(region_id, name) values (954, 'Almelo');
insert into city(region_id, name) values (954, 'Dedemsvaart');
insert into city(region_id, name) values (954, 'Deventer');
insert into city(region_id, name) values (954, 'Elsen');
insert into city(region_id, name) values (954, 'Enschede');
insert into city(region_id, name) values (954, 'Goor');
insert into city(region_id, name) values (954, 'Hardenberg');
insert into city(region_id, name) values (954, 'Hengelo');
insert into city(region_id, name) values (954, 'Kampen');
insert into city(region_id, name) values (954, 'Oldenzaal');
insert into city(region_id, name) values (954, 'Vroomshoop');
insert into city(region_id, name) values (954, 'Zwolle');
insert into city(region_id, name) values (968, 'Нельсон');
insert into city(region_id, name) values (981, 'Aakre');
insert into city(region_id, name) values (981, 'Berger');
insert into city(region_id, name) values (981, 'Breen');
insert into city(region_id, name) values (981, 'Brumunddal');
insert into city(region_id, name) values (981, 'Drevsj');
insert into city(region_id, name) values (981, 'Elverum');
insert into city(region_id, name) values (981, 'Hamar');
insert into city(region_id, name) values (981, 'Rena');
insert into city(region_id, name) values (981, 'Trysil');
insert into city(region_id, name) values (1001, 'Исламабад');
insert into city(region_id, name) values (1001, 'Карачи');
insert into city(region_id, name) values (1001, 'Лахоре');
insert into region(id, country_id, name) values (1002, 142, 'Chiriqu');
insert into region(id, country_id, name) values (1003, 142, 'Cocl');
insert into region(id, country_id, name) values (1004, 142, 'Herrera');
insert into region(id, country_id, name) values (1005, 142, 'Los Santos');
insert into region(id, country_id, name) values (1006, 142, 'Panam');
insert into city(region_id, name) values (682, 'Brindisi');
insert into city(region_id, name) values (682, 'Ostuni');
insert into city(region_id, name) values (923, 'Amoles');
insert into city(region_id, name) values (923, 'Quertaro');
insert into city(region_id, name) values (955, 't Gooi');
insert into city(region_id, name) values (955, 't Waal');
insert into city(region_id, name) values (955, 'Achterbos');
insert into city(region_id, name) values (955, 'Achthoven');
insert into city(region_id, name) values (955, 'Achttienhoven');
insert into city(region_id, name) values (955, 'Amerongen');
insert into city(region_id, name) values (955, 'Amersfoort');
insert into city(region_id, name) values (955, 'Baarn');
insert into city(region_id, name) values (955, 'Birk');
insert into city(region_id, name) values (955, 'Blokland');
insert into city(region_id, name) values (955, 'De Bilt');
insert into city(region_id, name) values (955, 'Den Bosch');
insert into city(region_id, name) values (955, 'Lage Weide');
insert into city(region_id, name) values (955, 'Lopik');
insert into city(region_id, name) values (955, 'Maarssen');
insert into city(region_id, name) values (955, 'Maarssenbroek');
insert into city(region_id, name) values (955, 'Meern');
insert into city(region_id, name) values (955, 'Mijdrecht');
insert into city(region_id, name) values (955, 'Nieuwegein');
insert into city(region_id, name) values (955, 'Nijenheim');
insert into city(region_id, name) values (955, 'Utrecht');
insert into city(region_id, name) values (955, 'Veenendaal');
insert into city(region_id, name) values (955, 'Venendaal');
insert into city(region_id, name) values (955, 'Zandvoort');
insert into city(region_id, name) values (955, 'Zeist');
insert into city(region_id, name) values (969, 'Вангарей');
insert into city(region_id, name) values (982, 'Aakre');
insert into city(region_id, name) values (982, 'Aarvik');
insert into city(region_id, name) values (982, 'Austevoll');
insert into city(region_id, name) values (982, 'Bergen');
insert into city(region_id, name) values (982, 'Bogo');
insert into city(region_id, name) values (982, 'Bmlo');
insert into city(region_id, name) values (982, 'Bruvik');
insert into city(region_id, name) values (982, 'Eikemofoss');
insert into city(region_id, name) values (982, 'Etne');
insert into city(region_id, name) values (982, 'Fedje');
insert into city(region_id, name) values (982, 'Fitjar');
insert into city(region_id, name) values (982, 'Haganes');
insert into city(region_id, name) values (982, 'Hellesy');
insert into city(region_id, name) values (982, 'Leirvik');
insert into city(region_id, name) values (982, 'Nordheimsund');
insert into city(region_id, name) values (982, 'len');
insert into city(region_id, name) values (982, 'Rosendal');
insert into city(region_id, name) values (982, 'Stord Island');
insert into city(region_id, name) values (1002, 'David');
insert into region(id, country_id, name) values (1007, 143, 'Папуа Новая Гвинея');
insert into city(region_id, name) values (683, 'Apricena');
insert into city(region_id, name) values (683, 'Cerignola');
insert into city(region_id, name) values (683, 'Foggia');
insert into city(region_id, name) values (683, 'Manfredonia');
insert into city(region_id, name) values (683, 'San Severo');
insert into city(region_id, name) values (683, 'Stornarella');
insert into city(region_id, name) values (683, 'Vieste');
insert into city(region_id, name) values (924, 'Cafetal');
insert into city(region_id, name) values (924, 'Cancn');
insert into city(region_id, name) values (956, 'Abtsdale');
insert into city(region_id, name) values (956, 'Aksel');
insert into city(region_id, name) values (956, 'Axel');
insert into city(region_id, name) values (956, 'Biervliet');
insert into city(region_id, name) values (956, 'Eede');
insert into city(region_id, name) values (956, 'Goes');
insert into city(region_id, name) values (956, 'Kapelle');
insert into city(region_id, name) values (956, 'Kloosterzande');
insert into city(region_id, name) values (956, 'Koekoek');
insert into city(region_id, name) values (956, 'Middelburg');
insert into city(region_id, name) values (956, 'Renesse');
insert into city(region_id, name) values (956, 'Sas van Gent');
insert into city(region_id, name) values (956, 'Terneuzen');
insert into city(region_id, name) values (956, 'Vlissingen');
insert into city(region_id, name) values (956, 'Zieriksee');
insert into city(region_id, name) values (956, 'Zwartenhoek');
insert into city(region_id, name) values (970, 'Дунедин');
insert into city(region_id, name) values (983, 'Aalesund');
insert into city(region_id, name) values (983, 'lesund');
insert into city(region_id, name) values (983, 'Bud');
insert into city(region_id, name) values (983, 'Farstad');
insert into city(region_id, name) values (983, 'Hareid');
insert into city(region_id, name) values (983, 'Kristiansund');
insert into city(region_id, name) values (983, 'Kristiansund Nord');
insert into city(region_id, name) values (983, 'Molde');
insert into city(region_id, name) values (983, 'Skinnes');
insert into city(region_id, name) values (983, 'Skodje');
insert into city(region_id, name) values (983, 'Sunndalsra');
insert into city(region_id, name) values (983, 'Tennfjord');
insert into city(region_id, name) values (983, 'Tomra');
insert into city(region_id, name) values (983, 'Ulsteinvik');
insert into city(region_id, name) values (983, 'Vik');
insert into city(region_id, name) values (983, 'Vikebukt');
insert into city(region_id, name) values (1003, 'Albina');
insert into city(region_id, name) values (1003, 'El Olivo');
insert into city(region_id, name) values (1007, 'Порт-Морсби');
insert into city(region_id, name) values (1007, 'Рабаул');
insert into region(id, country_id, name) values (1008, 144, 'Alto Paran');
insert into region(id, country_id, name) values (1009, 144, 'Central');
insert into region(id, country_id, name) values (1010, 144, 'Cordillera');
insert into region(id, country_id, name) values (1011, 144, 'Paraguar');
insert into region(id, country_id, name) values (1012, 144, 'San Pedro');
insert into city(region_id, name) values (684, 'Gallipoli');
insert into city(region_id, name) values (684, 'Lecce');
insert into city(region_id, name) values (684, 'Muro Leccese');
insert into city(region_id, name) values (925, 'Ciudad Fernndez');
insert into city(region_id, name) values (925, 'San Luis Potos');
insert into city(region_id, name) values (925, 'San Luisito');
insert into city(region_id, name) values (925, 'Valles');
insert into city(region_id, name) values (957, 's-Gravenhage');
insert into city(region_id, name) values (957, 's-Gravenzande');
insert into city(region_id, name) values (957, 'Achterbroek');
insert into city(region_id, name) values (957, 'Alphen aan den Rijn');
insert into city(region_id, name) values (957, 'Bleskensgraaf');
insert into city(region_id, name) values (957, 'Brielle');
insert into city(region_id, name) values (957, 'Capelle-West');
insert into city(region_id, name) values (957, 'De Hagen');
insert into city(region_id, name) values (957, 'Delft');
insert into city(region_id, name) values (957, 'Den Haag');
insert into city(region_id, name) values (957, 'Den Hoorn');
insert into city(region_id, name) values (957, 'Dordrecht');
insert into city(region_id, name) values (957, 'Dordt');
insert into city(region_id, name) values (957, 'Duinzigt');
insert into city(region_id, name) values (957, 'Gorinchem');
insert into city(region_id, name) values (957, 'Gouda');
insert into city(region_id, name) values (957, 'Haag');
insert into city(region_id, name) values (957, 'Hellevoetsluis');
insert into city(region_id, name) values (957, 'Katwijk');
insert into city(region_id, name) values (957, 'Katwijk aan den Rijn');
insert into city(region_id, name) values (957, 'Katwijk aan Zee');
insert into city(region_id, name) values (957, 'Leiden');
insert into city(region_id, name) values (957, 'Leidschendam');
insert into city(region_id, name) values (957, 'Leimuiden');
insert into city(region_id, name) values (957, 'Leyden');
insert into city(region_id, name) values (957, 'Lisse');
insert into city(region_id, name) values (957, 'Middelburg');
insert into city(region_id, name) values (957, 'Naaldwijk');
insert into city(region_id, name) values (957, 'Noordwijk');
insert into city(region_id, name) values (957, 'Rhoon');
insert into city(region_id, name) values (957, 'Rijndijk');
insert into city(region_id, name) values (957, 'Rijswijk');
insert into city(region_id, name) values (957, 'Rokanje');
insert into city(region_id, name) values (957, 'Rotterdam');
insert into city(region_id, name) values (957, 'Rozendaal');
insert into city(region_id, name) values (957, 'Sassenheim');
insert into city(region_id, name) values (957, 'Schiedam');
insert into city(region_id, name) values (957, 'Spijkenisse');
insert into city(region_id, name) values (957, 'Voorschoten');
insert into city(region_id, name) values (957, 'Warmond');
insert into city(region_id, name) values (957, 'Zoetermeer');
insert into city(region_id, name) values (971, 'Гор');
insert into city(region_id, name) values (971, 'Инверкаргилл');
insert into city(region_id, name) values (984, 'Aisaroaivve');
insert into city(region_id, name) values (1004, 'Alto de La Cruz');
insert into city(region_id, name) values (1008, '29 Km Paranambu');
insert into region(id, country_id, name) values (1013, 145, 'Amazonas');
insert into region(id, country_id, name) values (1014, 145, 'Ancash');
insert into region(id, country_id, name) values (1015, 145, 'Arequipa');
insert into region(id, country_id, name) values (1016, 145, 'Ayacucho');
insert into region(id, country_id, name) values (1017, 145, 'Cajamarca');
insert into region(id, country_id, name) values (1018, 145, 'Callao');
insert into region(id, country_id, name) values (1019, 145, 'Cusco');
insert into region(id, country_id, name) values (1020, 145, 'Hunuco');
insert into region(id, country_id, name) values (1021, 145, 'Ica');
insert into region(id, country_id, name) values (1022, 145, 'Junn');
insert into region(id, country_id, name) values (1023, 145, 'La Libertad');
insert into region(id, country_id, name) values (1024, 145, 'Lambayeque');
insert into region(id, country_id, name) values (1025, 145, 'Lima');
insert into region(id, country_id, name) values (1026, 145, 'Loreto');
insert into region(id, country_id, name) values (1027, 145, 'Madre de Dios');
insert into region(id, country_id, name) values (1028, 145, 'None');
insert into region(id, country_id, name) values (1029, 145, 'Pasco');
insert into region(id, country_id, name) values (1030, 145, 'Piura');
insert into region(id, country_id, name) values (1031, 145, 'Puno');
insert into region(id, country_id, name) values (1032, 145, 'San Martn');
insert into region(id, country_id, name) values (1033, 145, 'Tacna');
insert into region(id, country_id, name) values (1034, 145, 'Tumbes');
insert into region(id, country_id, name) values (1035, 145, 'Ucayali');
insert into city(region_id, name) values (685, 'Avetrana');
insert into city(region_id, name) values (685, 'Massafra');
insert into city(region_id, name) values (685, 'Palagiano');
insert into city(region_id, name) values (685, 'Taranto');
insert into city(region_id, name) values (926, 'Culiacn');
insert into city(region_id, name) values (926, 'Mazatln');
insert into city(region_id, name) values (972, 'Нью-Плимут');
insert into city(region_id, name) values (985, 'sen');
insert into city(region_id, name) values (985, 'By');
insert into city(region_id, name) values (985, 'Grong');
insert into city(region_id, name) values (985, 'Levanger');
insert into city(region_id, name) values (985, 'Namsos');
insert into city(region_id, name) values (985, 'Rosvik');
insert into city(region_id, name) values (985, 'Rrvik');
insert into city(region_id, name) values (985, 'Steinkjer');
insert into city(region_id, name) values (985, 'Stenkjr');
insert into city(region_id, name) values (1005, 'Atalayita');
insert into city(region_id, name) values (1009, 'Asuncin');
insert into city(region_id, name) values (1013, 'Achaguay Medio');
insert into region(id, country_id, name) values (1036, 146, 'Адамстаун');
insert into city(region_id, name) values (686, 'Cagliari');
insert into city(region_id, name) values (686, 'Collinas');
insert into city(region_id, name) values (686, 'Elmas');
insert into city(region_id, name) values (686, 'Gonnesa');
insert into city(region_id, name) values (686, 'Quartu SantElena');
insert into city(region_id, name) values (927, 'Cajon');
insert into city(region_id, name) values (927, 'El Empalme');
insert into city(region_id, name) values (927, 'Hermosillo');
insert into city(region_id, name) values (927, 'Obregon');
insert into city(region_id, name) values (927, 'San Luis Ro Colorado');
insert into city(region_id, name) values (973, 'Ричмонд');
insert into city(region_id, name) values (986, '');
insert into city(region_id, name) values (986, 'i Lofoten');
insert into city(region_id, name) values (986, 's');
insert into city(region_id, name) values (986, 'Ballset');
insert into city(region_id, name) values (986, 'Bergsdalen');
insert into city(region_id, name) values (986, 'Bod');
insert into city(region_id, name) values (986, 'Bosmo');
insert into city(region_id, name) values (986, 'B i Vesteralen');
insert into city(region_id, name) values (986, 'Brnny');
insert into city(region_id, name) values (986, 'Grimstad');
insert into city(region_id, name) values (986, 'Grnning');
insert into city(region_id, name) values (986, 'Leirvik');
insert into city(region_id, name) values (986, 'Melbu');
insert into city(region_id, name) values (986, 'Mo i Rana');
insert into city(region_id, name) values (986, 'Mosjen');
insert into city(region_id, name) values (986, 'Narvik');
insert into city(region_id, name) values (986, 'Neverdal');
insert into city(region_id, name) values (986, 'Nordfold');
insert into city(region_id, name) values (986, 'rnes');
insert into city(region_id, name) values (986, 'Sortland');
insert into city(region_id, name) values (986, 'Stokmarknes');
insert into city(region_id, name) values (986, 'Svolvr');
insert into city(region_id, name) values (986, 'Vgan');
insert into city(region_id, name) values (1006, 'Amador');
insert into city(region_id, name) values (1006, 'Arraijn');
insert into city(region_id, name) values (1006, 'Caledonia');
insert into city(region_id, name) values (1006, 'Ciudad de Panam');
insert into city(region_id, name) values (1006, 'Paitilla');
insert into city(region_id, name) values (1006, 'Panam');
insert into city(region_id, name) values (1006, 'Panama City');
insert into city(region_id, name) values (1006, 'San Miguelito');
insert into city(region_id, name) values (1010, 'Itacurub de la Cordillera');
insert into city(region_id, name) values (1014, 'Acco');
insert into city(region_id, name) values (1014, 'Chimbote');
insert into city(region_id, name) values (1014, 'Huaraz');
insert into city(region_id, name) values (1036, 'Адамстаун');
insert into region(id, country_id, name) values (1037, 147, 'Biala Podlaska');
insert into region(id, country_id, name) values (1038, 147, 'Bialystok');
insert into region(id, country_id, name) values (1039, 147, 'Bielsko');
insert into region(id, country_id, name) values (1040, 147, 'Bydgoszcz');
insert into region(id, country_id, name) values (1041, 147, 'Chelm');
insert into region(id, country_id, name) values (1042, 147, 'Czestochowa');
insert into region(id, country_id, name) values (1043, 147, 'Dolnoslaskie');
insert into region(id, country_id, name) values (1044, 147, 'Elblag');
insert into region(id, country_id, name) values (1045, 147, 'Gdansk');
insert into region(id, country_id, name) values (1046, 147, 'Gorzow');
insert into region(id, country_id, name) values (1047, 147, 'Jelenia Gora');
insert into region(id, country_id, name) values (1048, 147, 'Kalisz');
insert into region(id, country_id, name) values (1049, 147, 'Katowice');
insert into region(id, country_id, name) values (1050, 147, 'Kielce');
insert into region(id, country_id, name) values (1051, 147, 'Konin');
insert into region(id, country_id, name) values (1052, 147, 'Koszalin');
insert into region(id, country_id, name) values (1053, 147, 'Krakow');
insert into region(id, country_id, name) values (1054, 147, 'Kujawsko-Pomorskie');
insert into region(id, country_id, name) values (1055, 147, 'Legnica');
insert into region(id, country_id, name) values (1056, 147, 'Leszno');
insert into region(id, country_id, name) values (1057, 147, 'Lodz');
insert into region(id, country_id, name) values (1058, 147, 'Lodzkie');
insert into region(id, country_id, name) values (1059, 147, 'Lomza');
insert into region(id, country_id, name) values (1060, 147, 'Lublin');
insert into region(id, country_id, name) values (1061, 147, 'Lubuskie');
insert into region(id, country_id, name) values (1062, 147, 'Malopolskie');
insert into region(id, country_id, name) values (1063, 147, 'Mazowieckie');
insert into region(id, country_id, name) values (1064, 147, 'None');
insert into region(id, country_id, name) values (1065, 147, 'Nowy Sacz');
insert into region(id, country_id, name) values (1066, 147, 'Olsztyn');
insert into region(id, country_id, name) values (1067, 147, 'Opole');
insert into region(id, country_id, name) values (1068, 147, 'Ostroleka');
insert into region(id, country_id, name) values (1069, 147, 'Pila');
insert into region(id, country_id, name) values (1070, 147, 'Piotrkow');
insert into region(id, country_id, name) values (1071, 147, 'Plock');
insert into region(id, country_id, name) values (1072, 147, 'Podkarpackie');
insert into region(id, country_id, name) values (1073, 147, 'Pomorskie');
insert into region(id, country_id, name) values (1074, 147, 'Poznan');
insert into region(id, country_id, name) values (1075, 147, 'Przemysl');
insert into region(id, country_id, name) values (1076, 147, 'Radom');
insert into region(id, country_id, name) values (1077, 147, 'Rzeszow');
insert into region(id, country_id, name) values (1078, 147, 'Siedlce');
insert into region(id, country_id, name) values (1079, 147, 'Sieradz');
insert into region(id, country_id, name) values (1080, 147, 'Skierniewice');
insert into region(id, country_id, name) values (1081, 147, 'Slaskie');
insert into region(id, country_id, name) values (1082, 147, 'Slupsk');
insert into region(id, country_id, name) values (1083, 147, 'Suwalki');
insert into region(id, country_id, name) values (1084, 147, 'Swietokrzyskie');
insert into region(id, country_id, name) values (1085, 147, 'Tarnobrzeg');
insert into region(id, country_id, name) values (1086, 147, 'Tarnow');
insert into region(id, country_id, name) values (1087, 147, 'Torun');
insert into region(id, country_id, name) values (1088, 147, 'Walbrzych');
insert into region(id, country_id, name) values (1089, 147, 'Warminsko-Mazurskie');
insert into region(id, country_id, name) values (1090, 147, 'Warszawa');
insert into region(id, country_id, name) values (1091, 147, 'Wielkopolskie');
insert into region(id, country_id, name) values (1092, 147, 'Wloclawek');
insert into region(id, country_id, name) values (1093, 147, 'Wroclaw');
insert into region(id, country_id, name) values (1094, 147, 'Zachodniopomorskie');
insert into region(id, country_id, name) values (1095, 147, 'Zamosc');
insert into region(id, country_id, name) values (1096, 147, 'Zielona Gora');
insert into city(region_id, name) values (687, 'Nuoro');
insert into city(region_id, name) values (928, 'Buena Vista de Tamult de las Sabanas');
insert into city(region_id, name) values (928, 'Carrizal');
insert into city(region_id, name) values (928, 'Casa Blanca Segunda Seccin');
insert into city(region_id, name) values (928, 'Ciudad Pemex');
insert into city(region_id, name) values (928, 'Cuauhtmoc');
insert into city(region_id, name) values (928, 'Dos Montes');
insert into city(region_id, name) values (928, 'Paso Real');
insert into city(region_id, name) values (928, 'Tenosique de Pino Surez');
insert into city(region_id, name) values (928, 'Tierra Colorada');
insert into city(region_id, name) values (928, 'Villa La Venta');
insert into city(region_id, name) values (928, 'Villahermosa');
insert into city(region_id, name) values (928, 'Zaragoza');
insert into city(region_id, name) values (974, 'Веллингтон');
insert into city(region_id, name) values (974, 'Ловер-Хатт');
insert into city(region_id, name) values (974, 'Мастертон');
insert into city(region_id, name) values (987, 'Beitostlen');
insert into city(region_id, name) values (987, 'Gjvik');
insert into city(region_id, name) values (987, 'Gran');
insert into city(region_id, name) values (987, 'Kolbu');
insert into city(region_id, name) values (987, 'Lillehammer');
insert into city(region_id, name) values (987, 'Lom');
insert into city(region_id, name) values (987, 'Otta');
insert into city(region_id, name) values (987, 'Raufoss');
insert into city(region_id, name) values (987, 'Ringebu');
insert into city(region_id, name) values (987, 'Skreia');
insert into city(region_id, name) values (987, 'Venaasen');
insert into city(region_id, name) values (1011, 'Barrio Asuncin');
insert into city(region_id, name) values (1011, 'Diarte');
insert into city(region_id, name) values (1015, 'Arequipa');
insert into city(region_id, name) values (1037, 'Aleksandrw');
insert into city(region_id, name) values (1037, 'Andrzejw');
insert into city(region_id, name) values (1037, 'Antolin');
insert into city(region_id, name) values (1037, 'Bedlno');
insert into city(region_id, name) values (1037, 'Bia‚a Podlaska');
insert into city(region_id, name) values (1037, 'Horbw');
insert into city(region_id, name) values (1037, 'Miedzyrzec');
insert into city(region_id, name) values (1037, 'Terespol');
insert into region(id, country_id, name) values (1097, 148, 'Aveiro');
insert into region(id, country_id, name) values (1098, 148, 'Azores');
insert into region(id, country_id, name) values (1099, 148, 'Beja');
insert into region(id, country_id, name) values (1100, 148, 'Braga');
insert into region(id, country_id, name) values (1101, 148, 'Braganca');
insert into region(id, country_id, name) values (1102, 148, 'Castelo Branco');
insert into region(id, country_id, name) values (1103, 148, 'Coimbra');
insert into region(id, country_id, name) values (1104, 148, 'Evora');
insert into region(id, country_id, name) values (1105, 148, 'Faro');
insert into region(id, country_id, name) values (1106, 148, 'Guarda');
insert into region(id, country_id, name) values (1107, 148, 'Leiria');
insert into region(id, country_id, name) values (1108, 148, 'Lisboa');
insert into region(id, country_id, name) values (1109, 148, 'Madeira');
insert into region(id, country_id, name) values (1110, 148, 'None');
insert into region(id, country_id, name) values (1111, 148, 'Portalegre');
insert into region(id, country_id, name) values (1112, 148, 'Porto');
insert into region(id, country_id, name) values (1113, 148, 'Santarem');
insert into region(id, country_id, name) values (1114, 148, 'Setubal');
insert into region(id, country_id, name) values (1115, 148, 'Viana do Castelo');
insert into region(id, country_id, name) values (1116, 148, 'Vila Real');
insert into region(id, country_id, name) values (1117, 148, 'Viseu');
insert into city(region_id, name) values (688, 'Milis');
insert into city(region_id, name) values (688, 'Oristano');
insert into city(region_id, name) values (688, 'Pau');
insert into city(region_id, name) values (929, 'Ciudad Victoria');
insert into city(region_id, name) values (929, 'Matamoros');
insert into city(region_id, name) values (929, 'Nuevo Laredo');
insert into city(region_id, name) values (929, 'Reynosa');
insert into city(region_id, name) values (929, 'Tampico');
insert into city(region_id, name) values (975, 'Греймоут');
insert into city(region_id, name) values (988, 'Bekkelaget');
insert into city(region_id, name) values (988, 'Bjrnholt');
insert into city(region_id, name) values (988, 'Bryn');
insert into city(region_id, name) values (988, 'Bygdy');
insert into city(region_id, name) values (988, 'Christiania');
insert into city(region_id, name) values (988, 'Ekeberg');
insert into city(region_id, name) values (988, 'Fiskevoll');
insert into city(region_id, name) values (988, 'Frognerstra');
insert into city(region_id, name) values (988, 'Grefsen');
insert into city(region_id, name) values (988, 'Grorud');
insert into city(region_id, name) values (988, 'Hasle');
insert into city(region_id, name) values (988, 'Holmen');
insert into city(region_id, name) values (988, 'Holmenkollen');
insert into city(region_id, name) values (988, 'Hybraaten');
insert into city(region_id, name) values (988, 'Lamberseter');
insert into city(region_id, name) values (988, 'Oppsal');
insert into city(region_id, name) values (988, 'Oslo');
insert into city(region_id, name) values (988, 'Rd');
insert into city(region_id, name) values (988, 'Sinsen');
insert into city(region_id, name) values (988, 'Slakteren');
insert into city(region_id, name) values (988, 'Tyen');
insert into city(region_id, name) values (988, 'Vika');
insert into city(region_id, name) values (1012, 'Colonia San Pedro');
insert into city(region_id, name) values (1012, 'Mercedes');
insert into city(region_id, name) values (1012, 'Puerto Villa del Rosario');
insert into city(region_id, name) values (1012, 'San Pedro');
insert into city(region_id, name) values (1016, 'Cangallo');
insert into city(region_id, name) values (1038, 'Aleksandrowo');
insert into city(region_id, name) values (1038, 'Antoniuk');
insert into city(region_id, name) values (1038, 'Augustowo');
insert into city(region_id, name) values (1038, 'Bernadzki Most');
insert into city(region_id, name) values (1038, 'Bia‚ostoczek');
insert into city(region_id, name) values (1038, 'Bialystok');
insert into city(region_id, name) values (1038, 'Bielsk Podlaski');
insert into city(region_id, name) values (1038, 'Hajnwka');
insert into city(region_id, name) values (1038, 'Mielnik');
insert into city(region_id, name) values (1038, 'Sokulka');
insert into city(region_id, name) values (1097, 'A dos Ferreiros de Cima');
insert into city(region_id, name) values (1097, 'gua Levada');
insert into city(region_id, name) values (1097, 'gueda');
insert into city(region_id, name) values (1097, 'Albergaria-a-Velha');
insert into city(region_id, name) values (1097, 'Arcozelo');
insert into city(region_id, name) values (1097, 'Arieiro');
insert into city(region_id, name) values (1097, 'Aveiro');
insert into city(region_id, name) values (1097, 'Borralha');
insert into city(region_id, name) values (1097, 'Cacia');
insert into city(region_id, name) values (1097, 'Cambra');
insert into city(region_id, name) values (1097, 'Espinho');
insert into city(region_id, name) values (1097, 'Feira');
insert into city(region_id, name) values (1097, 'Gafanha da Nazar');
insert into city(region_id, name) values (1097, 'Gio');
insert into city(region_id, name) values (1097, 'lhavo');
insert into city(region_id, name) values (1097, 'Oliveira de Azemeis');
insert into city(region_id, name) values (1097, 'Ovar');
insert into city(region_id, name) values (1097, 'Pampilhosa');
insert into city(region_id, name) values (1097, 'Santa Maria');
insert into city(region_id, name) values (1097, 'Santo Joo da Madeira');
insert into city(region_id, name) values (1097, 'So Joo da Madeira');
insert into city(region_id, name) values (1097, 'So Joo de Madeira');
insert into city(region_id, name) values (1097, 'Vale de Cambra');
insert into region(id, country_id, name) values (1118, 149, 'Puerto Rico');
insert into city(region_id, name) values (689, 'Olbia');
insert into city(region_id, name) values (689, 'Sassari');
insert into city(region_id, name) values (689, 'Tempio Pausania');
insert into city(region_id, name) values (930, 'Apetatitln');
insert into city(region_id, name) values (930, 'Apizaco');
insert into city(region_id, name) values (930, 'Chiautempan');
insert into city(region_id, name) values (930, 'Panotla');
insert into city(region_id, name) values (930, 'Teolocholco');
insert into city(region_id, name) values (930, 'Tlaxcala');
insert into city(region_id, name) values (989, 'Askim');
insert into city(region_id, name) values (989, 'Borgen');
insert into city(region_id, name) values (989, 'Dole Stasjon');
insert into city(region_id, name) values (989, 'Fredrikstad');
insert into city(region_id, name) values (989, 'Greker');
insert into city(region_id, name) values (989, 'Halden');
insert into city(region_id, name) values (989, 'Knapstad');
insert into city(region_id, name) values (989, 'Moss');
insert into city(region_id, name) values (989, 'Sarpsborg');
insert into city(region_id, name) values (1017, 'Agua Dulce');
insert into city(region_id, name) values (1017, 'Cajamarca');
insert into city(region_id, name) values (1039, 'Auschwitz');
insert into city(region_id, name) values (1039, 'Bednarze');
insert into city(region_id, name) values (1039, 'Bielsko-Bia‚a');
insert into city(region_id, name) values (1039, 'Czaniec');
insert into city(region_id, name) values (1039, 'Kety');
insert into city(region_id, name) values (1039, 'Oswiecim');
insert into city(region_id, name) values (1098, 'Angra');
insert into city(region_id, name) values (1098, 'Angra do Herosmo');
insert into city(region_id, name) values (1098, 'Fayal');
insert into city(region_id, name) values (1098, 'Madalena');
insert into city(region_id, name) values (1098, 'Ponta Delgada');
insert into city(region_id, name) values (1098, 'Praia da Vitria');
insert into city(region_id, name) values (1118, 'Adjuntas');
insert into city(region_id, name) values (1118, 'Aguada');
insert into city(region_id, name) values (1118, 'Aguas Buenas');
insert into city(region_id, name) values (1118, 'Angeles');
insert into city(region_id, name) values (1118, 'Arecibo');
insert into city(region_id, name) values (1118, 'Bayamon');
insert into city(region_id, name) values (1118, 'Camuy');
insert into city(region_id, name) values (1118, 'Dorado');
insert into city(region_id, name) values (1118, 'Gurabo');
insert into city(region_id, name) values (1118, 'Mayaguez');
insert into city(region_id, name) values (1118, 'Puerto Real');
insert into city(region_id, name) values (1118, 'Quebradillas');
insert into city(region_id, name) values (1118, 'San Juan');
insert into city(region_id, name) values (1118, 'San Lorenzo');
insert into city(region_id, name) values (1118, 'Santa Isabel');
insert into region(id, country_id, name) values (1119, 150, 'Saint-Denis');
insert into city(region_id, name) values (690, 'Agrigento');
insert into city(region_id, name) values (690, 'Licata');
insert into city(region_id, name) values (690, 'Siculiana');
insert into city(region_id, name) values (931, 'Acala');
insert into city(region_id, name) values (931, 'Coatzacoalcos');
insert into city(region_id, name) values (931, 'Orizaba');
insert into city(region_id, name) values (931, 'Papantla de Olarte');
insert into city(region_id, name) values (931, 'Potrero del Llano');
insert into city(region_id, name) values (931, 'Tuxpan de Rodrguez Cano');
insert into city(region_id, name) values (931, 'Veracruz');
insert into city(region_id, name) values (931, 'Veracruz Llave');
insert into city(region_id, name) values (931, 'Xalapa');
insert into city(region_id, name) values (990, 'Aakrehamn');
insert into city(region_id, name) values (990, 'lgrd');
insert into city(region_id, name) values (990, 'Bryne');
insert into city(region_id, name) values (990, 'Egersund');
insert into city(region_id, name) values (990, 'Figgjo');
insert into city(region_id, name) values (990, 'Haugesund');
insert into city(region_id, name) values (990, 'Karst');
insert into city(region_id, name) values (990, 'Leirvik');
insert into city(region_id, name) values (990, 'Sandnes');
insert into city(region_id, name) values (990, 'Stavanger');
insert into city(region_id, name) values (990, 'Stavenger');
insert into city(region_id, name) values (990, 'Tasta');
insert into city(region_id, name) values (1018, 'La Perla');
insert into city(region_id, name) values (1040, 'Augustowo');
insert into city(region_id, name) values (1040, 'Cekcyn');
insert into city(region_id, name) values (1040, 'Chojnice');
insert into city(region_id, name) values (1040, 'Fordon');
insert into city(region_id, name) values (1040, 'Inovrotslav');
insert into city(region_id, name) values (1040, 'Slesin');
insert into city(region_id, name) values (1099, 'A do Ledo');
insert into city(region_id, name) values (1099, 'Beja');
insert into city(region_id, name) values (1099, 'Boavista dos Pinheiros');
insert into city(region_id, name) values (1099, 'San Teotnio');
insert into city(region_id, name) values (1119, 'Сант-Денис');
insert into region(id, country_id, name) values (1120, 151, 'Руанда');
insert into city(region_id, name) values (691, 'Aci SantAntonio');
insert into city(region_id, name) values (691, 'Acireale');
insert into city(region_id, name) values (691, 'Biancavilla');
insert into city(region_id, name) values (691, 'Castiglione di Sicilia');
insert into city(region_id, name) values (691, 'Catania');
insert into city(region_id, name) values (691, 'Giarre');
insert into city(region_id, name) values (691, 'Linguaglossa');
insert into city(region_id, name) values (691, 'Maletto');
insert into city(region_id, name) values (691, 'Mazzarrone');
insert into city(region_id, name) values (691, 'Randazzo');
insert into city(region_id, name) values (691, 'Santa Venerina');
insert into city(region_id, name) values (932, 'Mrida');
insert into city(region_id, name) values (932, 'Valladolid');
insert into city(region_id, name) values (991, 'Aalen');
insert into city(region_id, name) values (991, 'rberg');
insert into city(region_id, name) values (991, 'Flor');
insert into city(region_id, name) values (991, 'Frde');
insert into city(region_id, name) values (991, 'Mly');
insert into city(region_id, name) values (991, 'Nordfjordeid');
insert into city(region_id, name) values (991, 'Stryn');
insert into city(region_id, name) values (1019, 'Astana');
insert into city(region_id, name) values (1019, 'Cusco');
insert into city(region_id, name) values (1019, 'Machu Piccho');
insert into city(region_id, name) values (1019, 'Pisac');
insert into city(region_id, name) values (1041, 'Che‚m');
insert into city(region_id, name) values (1041, 'Horodyszcze');
insert into city(region_id, name) values (1041, 'Huta');
insert into city(region_id, name) values (1041, 'Krasnystaw');
insert into city(region_id, name) values (1100, 'Abao');
insert into city(region_id, name) values (1100, 'Aboim');
insert into city(region_id, name) values (1100, 'Aborim');
insert into city(region_id, name) values (1100, 'Agilde');
insert into city(region_id, name) values (1100, 'Agrelo');
insert into city(region_id, name) values (1100, 'Barcelos');
insert into city(region_id, name) values (1100, 'Braga');
insert into city(region_id, name) values (1100, 'Caldas de Vizela');
insert into city(region_id, name) values (1100, 'Esposende');
insert into city(region_id, name) values (1100, 'Famalico');
insert into city(region_id, name) values (1100, 'Guimares');
insert into city(region_id, name) values (1100, 'Lobo');
insert into city(region_id, name) values (1100, 'Vila Nova de Famalico');
insert into city(region_id, name) values (1100, 'Vila Verde');
insert into city(region_id, name) values (1120, 'Кигали');
insert into region(id, country_id, name) values (1121, 152, 'Alba');
insert into region(id, country_id, name) values (1122, 152, 'Arad');
insert into region(id, country_id, name) values (1123, 152, 'Arges');
insert into region(id, country_id, name) values (1124, 152, 'Bacau');
insert into region(id, country_id, name) values (1125, 152, 'Bihor');
insert into region(id, country_id, name) values (1126, 152, 'Bistrita-Nasaud');
insert into region(id, country_id, name) values (1127, 152, 'Botosani');
insert into region(id, country_id, name) values (1128, 152, 'Braila');
insert into region(id, country_id, name) values (1129, 152, 'Brasov');
insert into region(id, country_id, name) values (1130, 152, 'Bucuresti');
insert into region(id, country_id, name) values (1131, 152, 'Buzau');
insert into region(id, country_id, name) values (1132, 152, 'Calarasi');
insert into region(id, country_id, name) values (1133, 152, 'Caras-Severin');
insert into region(id, country_id, name) values (1134, 152, 'Cluj');
insert into region(id, country_id, name) values (1135, 152, 'Constanta');
insert into region(id, country_id, name) values (1136, 152, 'Covasna');
insert into region(id, country_id, name) values (1137, 152, 'Dambovita');
insert into region(id, country_id, name) values (1138, 152, 'Dolj');
insert into region(id, country_id, name) values (1139, 152, 'Galati');
insert into region(id, country_id, name) values (1140, 152, 'Giurgiu');
insert into region(id, country_id, name) values (1141, 152, 'Gorj');
insert into region(id, country_id, name) values (1142, 152, 'Harghita');
insert into region(id, country_id, name) values (1143, 152, 'Hunedoara');
insert into region(id, country_id, name) values (1144, 152, 'Ialomita');
insert into region(id, country_id, name) values (1145, 152, 'Iasi');
insert into region(id, country_id, name) values (1146, 152, 'Ilfov');
insert into region(id, country_id, name) values (1147, 152, 'Maramures');
insert into region(id, country_id, name) values (1148, 152, 'Mehedinti');
insert into region(id, country_id, name) values (1149, 152, 'Mures');
insert into region(id, country_id, name) values (1150, 152, 'Neamt');
insert into region(id, country_id, name) values (1151, 152, 'Olt');
insert into region(id, country_id, name) values (1152, 152, 'Prahova');
insert into region(id, country_id, name) values (1153, 152, 'Salaj');
insert into region(id, country_id, name) values (1154, 152, 'Satu Mare');
insert into region(id, country_id, name) values (1155, 152, 'Sibiu');
insert into region(id, country_id, name) values (1156, 152, 'Suceava');
insert into region(id, country_id, name) values (1157, 152, 'Teleorman');
insert into region(id, country_id, name) values (1158, 152, 'Timis');
insert into region(id, country_id, name) values (1159, 152, 'Tulcea');
insert into region(id, country_id, name) values (1160, 152, 'Valcea');
insert into region(id, country_id, name) values (1161, 152, 'Vaslui');
insert into region(id, country_id, name) values (1162, 152, 'Vrancea');
insert into city(region_id, name) values (692, 'Capo dOrlando');
insert into city(region_id, name) values (692, 'Capri Leone');
insert into city(region_id, name) values (692, 'Giardini-Naxos');
insert into city(region_id, name) values (692, 'Lipari');
insert into city(region_id, name) values (692, 'Malfa');
insert into city(region_id, name) values (692, 'Messina');
insert into city(region_id, name) values (692, 'Milazzo');
insert into city(region_id, name) values (692, 'Militello Rosmarino');
insert into city(region_id, name) values (692, 'Santo Stefano di Camastra');
insert into city(region_id, name) values (692, 'Taormina');
insert into city(region_id, name) values (992, '');
insert into city(region_id, name) values (992, 'Angen');
insert into city(region_id, name) values (992, 'Bakken');
insert into city(region_id, name) values (992, 'Hstnes');
insert into city(region_id, name) values (992, 'Leirvik');
insert into city(region_id, name) values (992, 'Lensvik');
insert into city(region_id, name) values (992, 'Oppdal');
insert into city(region_id, name) values (992, 'Orkanger');
insert into city(region_id, name) values (992, 'Trondheim');
insert into city(region_id, name) values (992, 'Trondhjem');
insert into city(region_id, name) values (1020, 'Tingo Mara');
insert into city(region_id, name) values (1042, 'Aleksandria Pierwsza');
insert into city(region_id, name) values (1042, 'Chenstochov');
insert into city(region_id, name) values (1042, 'Czestochowa');
insert into city(region_id, name) values (1101, 'Belver');
insert into city(region_id, name) values (1121, 'Abrud');
insert into city(region_id, name) values (1121, 'Aiud');
insert into city(region_id, name) values (1121, 'Alba Iulia');
insert into city(region_id, name) values (1121, 'Baia de Aries');
insert into city(region_id, name) values (1121, 'Blaj');
insert into city(region_id, name) values (1121, 'Campeni');
insert into city(region_id, name) values (1121, 'Cugir');
insert into city(region_id, name) values (1121, 'Ocna Mures');
insert into city(region_id, name) values (1121, 'Sebes');
insert into city(region_id, name) values (1121, 'Teius');
insert into city(region_id, name) values (1121, 'Zlatna');
insert into region(id, country_id, name) values (1163, 153, 'Alabama');
insert into region(id, country_id, name) values (1164, 153, 'Alaska');
insert into region(id, country_id, name) values (1165, 153, 'American Samoa');
insert into region(id, country_id, name) values (1166, 153, 'Arizona');
insert into region(id, country_id, name) values (1167, 153, 'Arkansas');
insert into region(id, country_id, name) values (1168, 153, 'California');
insert into region(id, country_id, name) values (1169, 153, 'Colorado');
insert into region(id, country_id, name) values (1170, 153, 'Connecticut');
insert into region(id, country_id, name) values (1171, 153, 'Delaware');
insert into region(id, country_id, name) values (1172, 153, 'District of Columbia');
insert into region(id, country_id, name) values (1173, 153, 'Florida');
insert into region(id, country_id, name) values (1174, 153, 'Georgia');
insert into region(id, country_id, name) values (1175, 153, 'Hawaii');
insert into region(id, country_id, name) values (1176, 153, 'Idaho');
insert into region(id, country_id, name) values (1177, 153, 'Illinois');
insert into region(id, country_id, name) values (1178, 153, 'Indiana');
insert into region(id, country_id, name) values (1179, 153, 'Iowa');
insert into region(id, country_id, name) values (1180, 153, 'Kansas');
insert into region(id, country_id, name) values (1181, 153, 'Kentucky');
insert into region(id, country_id, name) values (1182, 153, 'Louisiana');
insert into region(id, country_id, name) values (1183, 153, 'Maine');
insert into region(id, country_id, name) values (1184, 153, 'Maryland');
insert into region(id, country_id, name) values (1185, 153, 'Massachusetts');
insert into region(id, country_id, name) values (1186, 153, 'Michigan');
insert into region(id, country_id, name) values (1187, 153, 'Minnesota');
insert into region(id, country_id, name) values (1188, 153, 'Mississippi');
insert into region(id, country_id, name) values (1189, 153, 'Missouri');
insert into region(id, country_id, name) values (1190, 153, 'Montana');
insert into region(id, country_id, name) values (1191, 153, 'Nebraska');
insert into region(id, country_id, name) values (1192, 153, 'Nevada');
insert into region(id, country_id, name) values (1193, 153, 'New Hampshire');
insert into region(id, country_id, name) values (1194, 153, 'New Jersey');
insert into region(id, country_id, name) values (1195, 153, 'New Mexico');
insert into region(id, country_id, name) values (1196, 153, 'New York');
insert into region(id, country_id, name) values (1197, 153, 'North Carolina');
insert into region(id, country_id, name) values (1198, 153, 'North Dakota');
insert into region(id, country_id, name) values (1199, 153, 'Ohio');
insert into region(id, country_id, name) values (1200, 153, 'Oklahoma');
insert into region(id, country_id, name) values (1201, 153, 'Oregon');
insert into region(id, country_id, name) values (1202, 153, 'Pennsylvania');
insert into region(id, country_id, name) values (1203, 153, 'Rhode Island');
insert into region(id, country_id, name) values (1204, 153, 'South Carolina');
insert into region(id, country_id, name) values (1205, 153, 'South Dakota');
insert into region(id, country_id, name) values (1206, 153, 'Tennessee');
insert into region(id, country_id, name) values (1207, 153, 'Texas');
insert into region(id, country_id, name) values (1208, 153, 'Utah');
insert into region(id, country_id, name) values (1209, 153, 'Vermont');
insert into region(id, country_id, name) values (1210, 153, 'Virgin Islands');
insert into region(id, country_id, name) values (1211, 153, 'Virginia');
insert into region(id, country_id, name) values (1212, 153, 'Washington');
insert into region(id, country_id, name) values (1213, 153, 'West Virginia');
insert into region(id, country_id, name) values (1214, 153, 'Wisconsin');
insert into region(id, country_id, name) values (1215, 153, 'Wyoming');
insert into city(region_id, name) values (693, 'Alimena');
insert into city(region_id, name) values (693, 'Altofonte');
insert into city(region_id, name) values (693, 'Blufi');
insert into city(region_id, name) values (693, 'Borgetto');
insert into city(region_id, name) values (693, 'Capaci');
insert into city(region_id, name) values (693, 'Corleone');
insert into city(region_id, name) values (693, 'Palermo');
insert into city(region_id, name) values (693, 'Santa Cristina Gela');
insert into city(region_id, name) values (693, 'Torretta');
insert into city(region_id, name) values (693, 'Ventimiglia di Sicilia');
insert into city(region_id, name) values (993, 'rak');
insert into city(region_id, name) values (993, 'rnes i Telemark');
insert into city(region_id, name) values (993, 'Bergan');
insert into city(region_id, name) values (993, 'B');
insert into city(region_id, name) values (993, 'B i Telemark');
insert into city(region_id, name) values (993, 'Drangedal');
insert into city(region_id, name) values (993, 'Krager');
insert into city(region_id, name) values (993, 'Notodden');
insert into city(region_id, name) values (993, 'Porsgrunn');
insert into city(region_id, name) values (993, 'Skien');
insert into city(region_id, name) values (1021, 'Agua Salada');
insert into city(region_id, name) values (1021, 'Aja');
insert into city(region_id, name) values (1021, 'Pisco');
insert into city(region_id, name) values (1021, 'Ullujalla Hacienda');
insert into city(region_id, name) values (1043, 'Breslau');
insert into city(region_id, name) values (1043, 'Breslavia');
insert into city(region_id, name) values (1043, 'Czerniawa-Zdrj');
insert into city(region_id, name) values (1043, 'Jelenia Gra');
insert into city(region_id, name) values (1043, 'Liebau');
insert into city(region_id, name) values (1043, 'Rybnica');
insert into city(region_id, name) values (1043, 'Vrotslav');
insert into city(region_id, name) values (1043, 'Wroc‚aw');
insert into city(region_id, name) values (1043, 'Wros‚aw');
insert into city(region_id, name) values (1102, 'Alvaro');
insert into city(region_id, name) values (1102, 'Casais');
insert into city(region_id, name) values (1102, 'Castelo Branco');
insert into city(region_id, name) values (1102, 'Covilh');
insert into city(region_id, name) values (1102, 'Fundo');
insert into city(region_id, name) values (1102, 'Fundo');
insert into city(region_id, name) values (1122, 'Arad');
insert into city(region_id, name) values (1122, 'Chisineu-Cris');
insert into city(region_id, name) values (1122, 'Curtici');
insert into city(region_id, name) values (1122, 'Ineu');
insert into city(region_id, name) values (1122, 'Lipova');
insert into city(region_id, name) values (1122, 'Nadlac');
insert into city(region_id, name) values (1122, 'Pancota');
insert into city(region_id, name) values (1122, 'Sebis');
insert into city(region_id, name) values (1163, 'Abbeville');
insert into city(region_id, name) values (1163, 'Abernant');
insert into city(region_id, name) values (1163, 'Addison');
insert into city(region_id, name) values (1163, 'Adger');
insert into city(region_id, name) values (1163, 'Akron');
insert into city(region_id, name) values (1163, 'Alberta');
insert into city(region_id, name) values (1163, 'Alma');
insert into city(region_id, name) values (1163, 'Alpine');
insert into city(region_id, name) values (1163, 'Alton');
insert into city(region_id, name) values (1163, 'Auburn');
insert into city(region_id, name) values (1163, 'Birmingham');
insert into city(region_id, name) values (1163, 'Bon Air');
insert into city(region_id, name) values (1163, 'Campbell');
insert into city(region_id, name) values (1163, 'Cullman');
insert into city(region_id, name) values (1163, 'Decatur');
insert into city(region_id, name) values (1163, 'Delmar');
insert into city(region_id, name) values (1163, 'Detroit');
insert into city(region_id, name) values (1163, 'Fort Rucker');
insert into city(region_id, name) values (1163, 'Gadsden');
insert into city(region_id, name) values (1163, 'Greensboro');
insert into city(region_id, name) values (1163, 'Gulf Shores');
insert into city(region_id, name) values (1163, 'Hollywood');
insert into city(region_id, name) values (1163, 'Huntsville');
insert into city(region_id, name) values (1163, 'Jacksonville');
insert into city(region_id, name) values (1163, 'Mobile');
insert into city(region_id, name) values (1163, 'Montgomery');
insert into city(region_id, name) values (1163, 'Opp');
insert into city(region_id, name) values (1163, 'Orange Beach');
insert into city(region_id, name) values (1163, 'Sweet Water');
insert into city(region_id, name) values (1163, 'Troy');
insert into city(region_id, name) values (1163, 'York');
insert into region(id, country_id, name) values (1216, 154, 'Ahuachapan');
insert into region(id, country_id, name) values (1217, 154, 'La Libertad');
insert into region(id, country_id, name) values (1218, 154, 'La Paz');
insert into region(id, country_id, name) values (1219, 154, 'La Union');
insert into region(id, country_id, name) values (1220, 154, 'San Miguel');
insert into region(id, country_id, name) values (1221, 154, 'San Salvador');
insert into city(region_id, name) values (694, 'Pozzallo');
insert into city(region_id, name) values (694, 'Ragusa');
insert into city(region_id, name) values (694, 'Scicli');
insert into city(region_id, name) values (694, 'Vittoria');
insert into city(region_id, name) values (994, '');
insert into city(region_id, name) values (994, 'Aanstad');
insert into city(region_id, name) values (994, 'Berg');
insert into city(region_id, name) values (994, 'Finnsnes');
insert into city(region_id, name) values (994, 'Harstad');
insert into city(region_id, name) values (994, 'Kirkesjord');
insert into city(region_id, name) values (994, 'Nordlenangen');
insert into city(region_id, name) values (994, 'Skjervy');
insert into city(region_id, name) values (994, 'Troms');
insert into city(region_id, name) values (994, 'Vanneried');
insert into city(region_id, name) values (1022, 'Huancayo');
insert into city(region_id, name) values (1022, 'Jauja');
insert into city(region_id, name) values (1022, 'Satipo');
insert into city(region_id, name) values (1044, 'Braniewo');
insert into city(region_id, name) values (1044, 'Elblag');
insert into city(region_id, name) values (1103, 'Arganil');
insert into city(region_id, name) values (1103, 'Avelar');
insert into city(region_id, name) values (1103, 'Brasfemes');
insert into city(region_id, name) values (1103, 'Coimbra');
insert into city(region_id, name) values (1103, 'Figueira da Foz');
insert into city(region_id, name) values (1103, 'Ponte de Vilela');
insert into city(region_id, name) values (1123, 'Campulung-Muscel');
insert into city(region_id, name) values (1123, 'Costesti');
insert into city(region_id, name) values (1123, 'Curtea de Arges');
insert into city(region_id, name) values (1123, 'Mioveni');
insert into city(region_id, name) values (1123, 'Pitesti');
insert into city(region_id, name) values (1123, 'Topoloveni');
insert into city(region_id, name) values (1164, 'Adak');
insert into city(region_id, name) values (1164, 'Aleknagik');
insert into city(region_id, name) values (1164, 'Ambler');
insert into city(region_id, name) values (1164, 'Anchorage');
insert into city(region_id, name) values (1164, 'Angoon');
insert into city(region_id, name) values (1164, 'Atka');
insert into city(region_id, name) values (1164, 'Auke Bay');
insert into city(region_id, name) values (1164, 'Barrow');
insert into city(region_id, name) values (1164, 'Big Lake');
insert into city(region_id, name) values (1164, 'Cordova');
insert into city(region_id, name) values (1164, 'Delta Junction');
insert into city(region_id, name) values (1164, 'Douglas');
insert into city(region_id, name) values (1164, 'Fairbanks');
insert into city(region_id, name) values (1164, 'Funny River');
insert into city(region_id, name) values (1164, 'Homer');
insert into city(region_id, name) values (1164, 'Juneau');
insert into city(region_id, name) values (1164, 'Kenai');
insert into city(region_id, name) values (1164, 'Ketchikan');
insert into city(region_id, name) values (1164, 'Nome');
insert into city(region_id, name) values (1164, 'North Pole');
insert into city(region_id, name) values (1164, 'Petersburg');
insert into city(region_id, name) values (1164, 'Russian Mission');
insert into city(region_id, name) values (1164, 'Wasilla');
insert into city(region_id, name) values (1164, 'Yakutat');
insert into city(region_id, name) values (1216, 'Ахуачапан');
insert into region(id, country_id, name) values (1222, 155, 'Самоа');
insert into city(region_id, name) values (695, 'Augusta');
insert into city(region_id, name) values (695, 'Pachino');
insert into city(region_id, name) values (695, 'Siracusa');
insert into city(region_id, name) values (695, 'Solarino');
insert into city(region_id, name) values (995, 'Farestad');
insert into city(region_id, name) values (995, 'Flekkefjord');
insert into city(region_id, name) values (995, 'Grimestad');
insert into city(region_id, name) values (995, 'Kristiansand');
insert into city(region_id, name) values (995, 'Lyngdal');
insert into city(region_id, name) values (995, 'Mandal');
insert into city(region_id, name) values (995, 'Vennesla');
insert into city(region_id, name) values (995, 'Vike');
insert into city(region_id, name) values (1023, 'Chocope');
insert into city(region_id, name) values (1023, 'Trujillo');
insert into city(region_id, name) values (1045, 'Althtte');
insert into city(region_id, name) values (1045, 'B‚otnik');
insert into city(region_id, name) values (1045, 'Banino');
insert into city(region_id, name) values (1045, 'Bieszki');
insert into city(region_id, name) values (1045, 'Choczewo');
insert into city(region_id, name) values (1045, 'Gdingen');
insert into city(region_id, name) values (1045, 'Gdynia');
insert into city(region_id, name) values (1045, 'Grki Zachodnie');
insert into city(region_id, name) values (1045, 'Huta');
insert into city(region_id, name) values (1045, 'Lezno');
insert into city(region_id, name) values (1045, 'Sopot');
insert into city(region_id, name) values (1045, 'Tczew');
insert into city(region_id, name) values (1045, 'Wrzeszcz');
insert into city(region_id, name) values (1104, 'Barro Branco');
insert into city(region_id, name) values (1104, 'Casa Nova');
insert into city(region_id, name) values (1104, 'vora');
insert into city(region_id, name) values (1104, 'Reguengos de Monsaraz');
insert into city(region_id, name) values (1104, 'Vendas Novas');
insert into city(region_id, name) values (1124, 'Bacau');
insert into city(region_id, name) values (1124, 'Buhusi');
insert into city(region_id, name) values (1124, 'Comanesti');
insert into city(region_id, name) values (1124, 'Darmanesti');
insert into city(region_id, name) values (1124, 'Moinesti');
insert into city(region_id, name) values (1124, 'Onesti');
insert into city(region_id, name) values (1124, 'Slanic Moldova');
insert into city(region_id, name) values (1124, 'Targu Ocna');
insert into city(region_id, name) values (1165, 'Pago Pago');
insert into city(region_id, name) values (1217, 'Нуэва Сан Салвадор');
insert into city(region_id, name) values (1222, 'Алиа');
insert into city(region_id, name) values (1222, 'Паго-Паго');
insert into region(id, country_id, name) values (1223, 156, 'Acquaviva');
insert into region(id, country_id, name) values (1224, 156, 'Chiesanuova');
insert into region(id, country_id, name) values (1225, 156, 'Serravalle');
insert into city(region_id, name) values (696, 'Marsala');
insert into city(region_id, name) values (696, 'Trapani');
insert into city(region_id, name) values (996, 's');
insert into city(region_id, name) values (996, 'Bergan');
insert into city(region_id, name) values (996, 'Bukta');
insert into city(region_id, name) values (996, 'Horten');
insert into city(region_id, name) values (996, 'Larvik');
insert into city(region_id, name) values (996, 'Nttery');
insert into city(region_id, name) values (996, 'Sandefjord');
insert into city(region_id, name) values (996, 'Tjme');
insert into city(region_id, name) values (996, 'Tnsberg');
insert into city(region_id, name) values (1024, 'Chiclayo');
insert into city(region_id, name) values (1024, 'Lambayeque');
insert into city(region_id, name) values (1046, 'Gorzw Wielkopolski');
insert into city(region_id, name) values (1046, 'Kostrzyn nad Odra');
insert into city(region_id, name) values (1046, 'S‚ubice');
insert into city(region_id, name) values (1105, 'Abutreira');
insert into city(region_id, name) values (1105, 'Albufeira');
insert into city(region_id, name) values (1105, 'Alcantarilha');
insert into city(region_id, name) values (1105, 'Algoz');
insert into city(region_id, name) values (1105, 'Aljezur');
insert into city(region_id, name) values (1105, 'Almancil');
insert into city(region_id, name) values (1105, 'Altura');
insert into city(region_id, name) values (1105, 'Alvor');
insert into city(region_id, name) values (1105, 'Armao de Pra');
insert into city(region_id, name) values (1105, 'Belm');
insert into city(region_id, name) values (1105, 'Cabanas');
insert into city(region_id, name) values (1105, 'Esti');
insert into city(region_id, name) values (1105, 'Faro');
insert into city(region_id, name) values (1105, 'Foia');
insert into city(region_id, name) values (1105, 'Lagoa');
insert into city(region_id, name) values (1105, 'Lagoa');
insert into city(region_id, name) values (1105, 'Lagoas');
insert into city(region_id, name) values (1105, 'Lagos');
insert into city(region_id, name) values (1105, 'Loul');
insert into city(region_id, name) values (1105, 'Mexilhoeira Grande');
insert into city(region_id, name) values (1105, 'Monte Negro');
insert into city(region_id, name) values (1105, 'Odeceixe');
insert into city(region_id, name) values (1105, 'Olho');
insert into city(region_id, name) values (1105, 'Pero de Elvas');
insert into city(region_id, name) values (1105, 'Portimo');
insert into city(region_id, name) values (1105, 'Quarteira');
insert into city(region_id, name) values (1105, 'Sagres');
insert into city(region_id, name) values (1105, 'Silves');
insert into city(region_id, name) values (1105, 'Tavira');
insert into city(region_id, name) values (1105, 'Vila Real de San Antnio');
insert into city(region_id, name) values (1105, 'Vila Real de Santo Antnio');
insert into city(region_id, name) values (1125, 'Alesd');
insert into city(region_id, name) values (1125, 'Beius');
insert into city(region_id, name) values (1125, 'Marghita');
insert into city(region_id, name) values (1125, 'Nucet');
insert into city(region_id, name) values (1125, 'Oradea');
insert into city(region_id, name) values (1125, 'Salonta');
insert into city(region_id, name) values (1125, 'Stei');
insert into city(region_id, name) values (1125, 'Valea lui Mihai');
insert into city(region_id, name) values (1125, 'Vascau');
insert into city(region_id, name) values (1166, 'Aguila');
insert into city(region_id, name) values (1166, 'Ajo');
insert into city(region_id, name) values (1166, 'Alpine');
insert into city(region_id, name) values (1166, 'Amado');
insert into city(region_id, name) values (1166, 'Arivaca');
insert into city(region_id, name) values (1166, 'Arizona City');
insert into city(region_id, name) values (1166, 'Ash Fork');
insert into city(region_id, name) values (1166, 'Avondale');
insert into city(region_id, name) values (1166, 'Benson');
insert into city(region_id, name) values (1166, 'Big Park');
insert into city(region_id, name) values (1166, 'Bullhead City');
insert into city(region_id, name) values (1166, 'Carefree');
insert into city(region_id, name) values (1166, 'Casa Grande');
insert into city(region_id, name) values (1166, 'Chandler');
insert into city(region_id, name) values (1166, 'Colorado City');
insert into city(region_id, name) values (1166, 'Flagstaff');
insert into city(region_id, name) values (1166, 'Fort Huachuca');
insert into city(region_id, name) values (1166, 'Gilbert');
insert into city(region_id, name) values (1166, 'Glendale');
insert into city(region_id, name) values (1166, 'Kingman');
insert into city(region_id, name) values (1166, 'Lake Havasu City');
insert into city(region_id, name) values (1166, 'Lake Montezuma');
insert into city(region_id, name) values (1166, 'Lakeside');
insert into city(region_id, name) values (1166, 'Maricopa');
insert into city(region_id, name) values (1166, 'Mesa');
insert into city(region_id, name) values (1166, 'Miami');
insert into city(region_id, name) values (1166, 'Paradise Valley');
insert into city(region_id, name) values (1166, 'Payson');
insert into city(region_id, name) values (1166, 'Peoria');
insert into city(region_id, name) values (1166, 'Phoenix');
insert into city(region_id, name) values (1166, 'Prescott Valley');
insert into city(region_id, name) values (1166, 'Scottsdale');
insert into city(region_id, name) values (1166, 'Tempe');
insert into city(region_id, name) values (1166, 'Thatcher');
insert into city(region_id, name) values (1166, 'Tucson');
insert into city(region_id, name) values (1218, 'Закатеколука');
insert into city(region_id, name) values (1223, 'Acquaviva');
insert into region(id, country_id, name) values (1226, 157, 'Сан-Томе');
insert into city(region_id, name) values (697, 'Anghiari');
insert into city(region_id, name) values (697, 'Arezzo');
insert into city(region_id, name) values (697, 'Castiglion Fiorentino');
insert into city(region_id, name) values (697, 'Pieve Santo Stefano');
insert into city(region_id, name) values (1025, 'Acacoto');
insert into city(region_id, name) values (1025, 'Acho');
insert into city(region_id, name) values (1025, 'Agua');
insert into city(region_id, name) values (1025, 'Agustino');
insert into city(region_id, name) values (1025, 'Balconcillo de Aviyay');
insert into city(region_id, name) values (1025, 'Chorrillos');
insert into city(region_id, name) values (1025, 'Chosica');
insert into city(region_id, name) values (1025, 'Higuereta');
insert into city(region_id, name) values (1025, 'Huacho');
insert into city(region_id, name) values (1025, 'La Victoria');
insert into city(region_id, name) values (1025, 'Lima');
insert into city(region_id, name) values (1025, 'Litma');
insert into city(region_id, name) values (1025, 'Los Cipreses');
insert into city(region_id, name) values (1025, 'Los Olivos');
insert into city(region_id, name) values (1025, 'Magdalena del Mar');
insert into city(region_id, name) values (1025, 'Miraflores');
insert into city(region_id, name) values (1025, 'Rmac');
insert into city(region_id, name) values (1025, 'San Borja');
insert into city(region_id, name) values (1025, 'Santa Anita');
insert into city(region_id, name) values (1025, 'Santiago de Surco');
insert into city(region_id, name) values (1025, 'Surco');
insert into city(region_id, name) values (1025, 'Vitarte');
insert into city(region_id, name) values (1047, 'Boles‚awiec');
insert into city(region_id, name) values (1047, 'Boleslawice');
insert into city(region_id, name) values (1047, 'Czarne');
insert into city(region_id, name) values (1047, 'Wlen');
insert into city(region_id, name) values (1047, 'Zgorzelec');
insert into city(region_id, name) values (1047, 'Zgorzelice');
insert into city(region_id, name) values (1106, 'Albardeiros');
insert into city(region_id, name) values (1106, 'Alcarva');
insert into city(region_id, name) values (1106, 'Guarda');
insert into city(region_id, name) values (1106, 'Seia');
insert into city(region_id, name) values (1106, 'Vila Nova de Fozcoa');
insert into city(region_id, name) values (1126, 'Beclean');
insert into city(region_id, name) values (1126, 'Bistrita');
insert into city(region_id, name) values (1126, 'Nasaud');
insert into city(region_id, name) values (1126, 'Sangeorz-Bai');
insert into city(region_id, name) values (1167, 'Alicia');
insert into city(region_id, name) values (1167, 'Avoca');
insert into city(region_id, name) values (1167, 'Bentonville');
insert into city(region_id, name) values (1167, 'Chidester');
insert into city(region_id, name) values (1167, 'Conway');
insert into city(region_id, name) values (1167, 'England');
insert into city(region_id, name) values (1167, 'Fayetteville');
insert into city(region_id, name) values (1167, 'Lavaca');
insert into city(region_id, name) values (1167, 'Little Rock');
insert into city(region_id, name) values (1167, 'Magnolia');
insert into city(region_id, name) values (1167, 'Paris');
insert into city(region_id, name) values (1167, 'Pine Bluff');
insert into city(region_id, name) values (1167, 'Sims');
insert into city(region_id, name) values (1219, 'Ла Унион');
insert into city(region_id, name) values (1224, 'Chiesanuova');
insert into city(region_id, name) values (1226, 'Сан-Томе');
insert into region(id, country_id, name) values (1227, 158, 'Саудовская Аравия');
insert into city(region_id, name) values (698, 'Bagno a Ripoli');
insert into city(region_id, name) values (698, 'Castelfiorentino');
insert into city(region_id, name) values (698, 'Empoli');
insert into city(region_id, name) values (698, 'Fiesole');
insert into city(region_id, name) values (698, 'Figline Valdarno');
insert into city(region_id, name) values (698, 'Firenze');
insert into city(region_id, name) values (698, 'Fucecchio');
insert into city(region_id, name) values (1026, 'Iquitos');
insert into city(region_id, name) values (1048, 'Kalisz');
insert into city(region_id, name) values (1048, 'Ostrw Wielkopolski');
insert into city(region_id, name) values (1107, 'Alcobaa');
insert into city(region_id, name) values (1107, 'Amor');
insert into city(region_id, name) values (1107, 'Batalha');
insert into city(region_id, name) values (1107, 'Benedita');
insert into city(region_id, name) values (1107, 'Caldad da Rainha');
insert into city(region_id, name) values (1107, 'Caldas da Rainha');
insert into city(region_id, name) values (1107, 'Famalico');
insert into city(region_id, name) values (1107, 'Leira');
insert into city(region_id, name) values (1107, 'Leiria');
insert into city(region_id, name) values (1107, 'Marinha Grande');
insert into city(region_id, name) values (1107, 'Martingana');
insert into city(region_id, name) values (1107, 'Mira dAire');
insert into city(region_id, name) values (1107, 'Nazar');
insert into city(region_id, name) values (1107, 'Peniche');
insert into city(region_id, name) values (1107, 'Pinheiros');
insert into city(region_id, name) values (1107, 'Pombal');
insert into city(region_id, name) values (1107, 'Porto de Ms');
insert into city(region_id, name) values (1107, 'So Martinho de Porto');
insert into city(region_id, name) values (1107, 'So Martinho do Porto');
insert into city(region_id, name) values (1107, 'Vermoil');
insert into city(region_id, name) values (1107, 'Zambujal');
insert into city(region_id, name) values (1127, 'Botosani');
insert into city(region_id, name) values (1127, 'Darabani');
insert into city(region_id, name) values (1127, 'Dorohoi');
insert into city(region_id, name) values (1127, 'Saveni');
insert into city(region_id, name) values (1168, 'Acampo');
insert into city(region_id, name) values (1168, 'Acton');
insert into city(region_id, name) values (1168, 'Adelanto');
insert into city(region_id, name) values (1168, 'Adin');
insert into city(region_id, name) values (1168, 'Aguanga');
insert into city(region_id, name) values (1168, 'Ahwahnee');
insert into city(region_id, name) values (1168, 'Alameda');
insert into city(region_id, name) values (1168, 'Alamo');
insert into city(region_id, name) values (1168, 'Albany');
insert into city(region_id, name) values (1168, 'Aliso Viejo');
insert into city(region_id, name) values (1168, 'Alleghany');
insert into city(region_id, name) values (1168, 'Alta');
insert into city(region_id, name) values (1168, 'Alta Loma');
insert into city(region_id, name) values (1168, 'Altadena');
insert into city(region_id, name) values (1168, 'Amador City');
insert into city(region_id, name) values (1168, 'Amboy');
insert into city(region_id, name) values (1168, 'American Canyon');
insert into city(region_id, name) values (1168, 'Anaheim');
insert into city(region_id, name) values (1168, 'Anderson');
insert into city(region_id, name) values (1168, 'Angels Camp');
insert into city(region_id, name) values (1168, 'Annapolis');
insert into city(region_id, name) values (1168, 'Antelope');
insert into city(region_id, name) values (1168, 'Arcadia');
insert into city(region_id, name) values (1168, 'Auburn');
insert into city(region_id, name) values (1168, 'Avenal');
insert into city(region_id, name) values (1168, 'Bakersfield');
insert into city(region_id, name) values (1168, 'Barstow');
insert into city(region_id, name) values (1168, 'Bass Lake');
insert into city(region_id, name) values (1168, 'Belmont');
insert into city(region_id, name) values (1168, 'Berkeley');
insert into city(region_id, name) values (1168, 'Beverly Hills');
insert into city(region_id, name) values (1168, 'Big Bar');
insert into city(region_id, name) values (1168, 'Bishop');
insert into city(region_id, name) values (1168, 'Blue Lake');
insert into city(region_id, name) values (1168, 'Boyes Hot Springs');
insert into city(region_id, name) values (1168, 'Brea');
insert into city(region_id, name) values (1168, 'Brentwood');
insert into city(region_id, name) values (1168, 'Brooks');
insert into city(region_id, name) values (1168, 'Burbank');
insert into city(region_id, name) values (1168, 'Calabasas');
insert into city(region_id, name) values (1168, 'California City');
insert into city(region_id, name) values (1168, 'California Hot Springs');
insert into city(region_id, name) values (1168, 'Camarillo');
insert into city(region_id, name) values (1168, 'Campbell');
insert into city(region_id, name) values (1168, 'Cantil');
insert into city(region_id, name) values (1168, 'Capistrano Beach');
insert into city(region_id, name) values (1168, 'Carlsbad');
insert into city(region_id, name) values (1168, 'Carmichael');
insert into city(region_id, name) values (1168, 'Castro Valley');
insert into city(region_id, name) values (1168, 'Cazadero');
insert into city(region_id, name) values (1168, 'Ceres');
insert into city(region_id, name) values (1168, 'Chicago Park');
insert into city(region_id, name) values (1168, 'Chico');
insert into city(region_id, name) values (1168, 'Chino');
insert into city(region_id, name) values (1168, 'Chula Vista');
insert into city(region_id, name) values (1168, 'Citrus Heights');
insert into city(region_id, name) values (1168, 'Clovis');
insert into city(region_id, name) values (1168, 'Concord');
insert into city(region_id, name) values (1168, 'Cool');
insert into city(region_id, name) values (1168, 'Corona');
insert into city(region_id, name) values (1168, 'Coronado');
insert into city(region_id, name) values (1168, 'Corte Madera');
insert into city(region_id, name) values (1168, 'Costa Mesa');
insert into city(region_id, name) values (1168, 'Covina');
insert into city(region_id, name) values (1168, 'Coyote');
insert into city(region_id, name) values (1168, 'Crest Park');
insert into city(region_id, name) values (1168, 'Cupertino');
insert into city(region_id, name) values (1168, 'Daly City');
insert into city(region_id, name) values (1168, 'Danville');
insert into city(region_id, name) values (1168, 'Davis');
insert into city(region_id, name) values (1168, 'Del Mar');
insert into city(region_id, name) values (1168, 'Dos Rios');
insert into city(region_id, name) values (1168, 'Dublin');
insert into city(region_id, name) values (1168, 'Dunnigan');
insert into city(region_id, name) values (1168, 'El Cajon');
insert into city(region_id, name) values (1168, 'El Cerrito');
insert into city(region_id, name) values (1168, 'El Dorado Hills');
insert into city(region_id, name) values (1168, 'Encino');
insert into city(region_id, name) values (1168, 'Eureka');
insert into city(region_id, name) values (1168, 'Fairfield');
insert into city(region_id, name) values (1168, 'Foster City');
insert into city(region_id, name) values (1168, 'Fountain Valley');
insert into city(region_id, name) values (1168, 'Fremont');
insert into city(region_id, name) values (1168, 'Fresno');
insert into city(region_id, name) values (1168, 'Gerber');
insert into city(region_id, name) values (1168, 'Gilroy');
insert into city(region_id, name) values (1168, 'Glendale');
insert into city(region_id, name) values (1168, 'Granada Hills');
insert into city(region_id, name) values (1168, 'Half Moon Bay');
insert into city(region_id, name) values (1168, 'Hayward');
insert into city(region_id, name) values (1168, 'Holy City');
insert into city(region_id, name) values (1168, 'Huntington Beach');
insert into city(region_id, name) values (1168, 'Huntington Park');
insert into city(region_id, name) values (1168, 'Ione');
insert into city(region_id, name) values (1168, 'Irvine');
insert into city(region_id, name) values (1168, 'Jackson');
insert into city(region_id, name) values (1168, 'King City');
insert into city(region_id, name) values (1168, 'Kingsburg');
insert into city(region_id, name) values (1168, 'Kyburz');
insert into city(region_id, name) values (1168, 'La Grange');
insert into city(region_id, name) values (1168, 'La Habra');
insert into city(region_id, name) values (1168, 'La Jolla');
insert into city(region_id, name) values (1168, 'Lafayette');
insert into city(region_id, name) values (1168, 'Laguna Beach');
insert into city(region_id, name) values (1168, 'Laguna Hills');
insert into city(region_id, name) values (1168, 'Lake Elsinore');
insert into city(region_id, name) values (1168, 'Lake Forest');
insert into city(region_id, name) values (1168, 'Lakewood');
insert into city(region_id, name) values (1168, 'Lancaster');
insert into city(region_id, name) values (1168, 'Laton');
insert into city(region_id, name) values (1168, 'Long Beach');
insert into city(region_id, name) values (1168, 'Los Alamitos');
insert into city(region_id, name) values (1168, 'Los Altos');
insert into city(region_id, name) values (1168, 'Los Angeles');
insert into city(region_id, name) values (1168, 'Los Gatos');
insert into city(region_id, name) values (1168, 'Malibu');
insert into city(region_id, name) values (1168, 'Manhattan Beach');
insert into city(region_id, name) values (1168, 'Manteca');
insert into city(region_id, name) values (1168, 'Marina');
insert into city(region_id, name) values (1168, 'Merced');
insert into city(region_id, name) values (1168, 'Mill Valley');
insert into city(region_id, name) values (1168, 'Millbrae');
insert into city(region_id, name) values (1168, 'Milpitas');
insert into city(region_id, name) values (1168, 'Mira Loma');
insert into city(region_id, name) values (1168, 'Mission Hills');
insert into city(region_id, name) values (1168, 'Mission Viejo');
insert into city(region_id, name) values (1168, 'Modesto');
insert into city(region_id, name) values (1168, 'Monterey');
insert into city(region_id, name) values (1168, 'Mountain View');
insert into city(region_id, name) values (1168, 'National City');
insert into city(region_id, name) values (1168, 'Nevada City');
insert into city(region_id, name) values (1168, 'Newport Beach');
insert into city(region_id, name) values (1168, 'North Hollywood');
insert into city(region_id, name) values (1168, 'Novato');
insert into city(region_id, name) values (1168, 'Oakland');
insert into city(region_id, name) values (1168, 'Oceanside');
insert into city(region_id, name) values (1168, 'Ontario');
insert into city(region_id, name) values (1168, 'Oxnard');
insert into city(region_id, name) values (1168, 'Pacifica');
insert into city(region_id, name) values (1168, 'Palm Desert');
insert into city(region_id, name) values (1168, 'Palm Springs');
insert into city(region_id, name) values (1168, 'Palmdale');
insert into city(region_id, name) values (1168, 'Palo Alto');
insert into city(region_id, name) values (1168, 'Palo Verde');
insert into city(region_id, name) values (1168, 'Pasadena');
insert into city(region_id, name) values (1168, 'Penn Valley');
insert into city(region_id, name) values (1168, 'Pittsburg');
insert into city(region_id, name) values (1168, 'Pleasant Hill');
insert into city(region_id, name) values (1168, 'Pomona');
insert into city(region_id, name) values (1168, 'Poway');
insert into city(region_id, name) values (1168, 'Rancho Cordova');
insert into city(region_id, name) values (1168, 'Rancho Santa Margarita');
insert into city(region_id, name) values (1168, 'Redding');
insert into city(region_id, name) values (1168, 'Redondo Beach');
insert into city(region_id, name) values (1168, 'Redwood City');
insert into city(region_id, name) values (1168, 'Riverside');
insert into city(region_id, name) values (1168, 'Rocklin');
insert into city(region_id, name) values (1168, 'Roseville');
insert into city(region_id, name) values (1168, 'Sacramento');
insert into city(region_id, name) values (1168, 'Salinas');
insert into city(region_id, name) values (1168, 'San Ardo');
insert into city(region_id, name) values (1168, 'San Bernardino');
insert into city(region_id, name) values (1168, 'San Bruno');
insert into city(region_id, name) values (1168, 'San Clemente');
insert into city(region_id, name) values (1168, 'San Diego');
insert into city(region_id, name) values (1168, 'San Francisco');
insert into city(region_id, name) values (1168, 'San Gabriel');
insert into city(region_id, name) values (1168, 'San Jose');
insert into city(region_id, name) values (1168, 'San Marcos');
insert into city(region_id, name) values (1168, 'San Marino');
insert into city(region_id, name) values (1168, 'San Mateo');
insert into city(region_id, name) values (1168, 'San Pedro');
insert into city(region_id, name) values (1168, 'San Rafael');
insert into city(region_id, name) values (1168, 'San Ramon');
insert into city(region_id, name) values (1168, 'Santa Ana');
insert into city(region_id, name) values (1168, 'Santa Barbara');
insert into city(region_id, name) values (1168, 'Santa Clara');
insert into city(region_id, name) values (1168, 'Santa Cruz');
insert into city(region_id, name) values (1168, 'Santa Monica');
insert into city(region_id, name) values (1168, 'Santa Rosa');
insert into city(region_id, name) values (1168, 'Sherman Oaks');
insert into city(region_id, name) values (1168, 'Simi Valley');
insert into city(region_id, name) values (1168, 'Smith River');
insert into city(region_id, name) values (1168, 'South Lake Tahoe');
insert into city(region_id, name) values (1168, 'South San Francisco');
insert into city(region_id, name) values (1168, 'Squaw Valley');
insert into city(region_id, name) values (1168, 'Stanford');
insert into city(region_id, name) values (1168, 'Stockton');
insert into city(region_id, name) values (1168, 'Studio City');
insert into city(region_id, name) values (1168, 'Sunnyvale');
insert into city(region_id, name) values (1168, 'Tarzana');
insert into city(region_id, name) values (1168, 'Temecula');
insert into city(region_id, name) values (1168, 'Thousand Oaks');
insert into city(region_id, name) values (1168, 'Toluca Lake');
insert into city(region_id, name) values (1168, 'Torrance');
insert into city(region_id, name) values (1168, 'Tracy');
insert into city(region_id, name) values (1168, 'Turlock');
insert into city(region_id, name) values (1168, 'Tustin');
insert into city(region_id, name) values (1168, 'Vallejo');
insert into city(region_id, name) values (1168, 'Van Nuys');
insert into city(region_id, name) values (1168, 'Venice');
insert into city(region_id, name) values (1168, 'Ventura');
insert into city(region_id, name) values (1168, 'Walnut Creek');
insert into city(region_id, name) values (1168, 'Washington');
insert into city(region_id, name) values (1168, 'Weed');
insert into city(region_id, name) values (1168, 'West Hollywood');
insert into city(region_id, name) values (1168, 'Westwood');
insert into city(region_id, name) values (1168, 'Whittier');
insert into city(region_id, name) values (1168, 'Woodland Hills');
insert into city(region_id, name) values (1168, 'Yettem');
insert into city(region_id, name) values (1168, 'Yolo');
insert into city(region_id, name) values (1168, 'Yuba City');
insert into city(region_id, name) values (1220, 'Сан Мигуэл');
insert into city(region_id, name) values (1225, 'Falciano');
insert into city(region_id, name) values (1225, 'Serravalle');
insert into city(region_id, name) values (1227, 'Бурайда');
insert into city(region_id, name) values (1227, 'Дамам');
insert into city(region_id, name) values (1227, 'Джидда');
insert into city(region_id, name) values (1227, 'Мекка');
insert into city(region_id, name) values (1227, 'Эль-Бир');
insert into city(region_id, name) values (1227, 'Эр-Рияд');
insert into region(id, country_id, name) values (1228, 159, 'Свазиленд');
insert into city(region_id, name) values (699, 'Castiglione della Pescaia');
insert into city(region_id, name) values (699, 'Follonica');
insert into city(region_id, name) values (699, 'Gavorrano');
insert into city(region_id, name) values (699, 'Grosseto');
insert into city(region_id, name) values (699, 'Roccastrada');
insert into city(region_id, name) values (1027, 'Esperana');
insert into city(region_id, name) values (1049, 'Bedzin');
insert into city(region_id, name) values (1049, 'Bobrek Karf');
insert into city(region_id, name) values (1049, 'Bytom');
insert into city(region_id, name) values (1049, 'Dabrowa Gornicza');
insert into city(region_id, name) values (1049, 'Gliwice');
insert into city(region_id, name) values (1049, 'Jaworzno');
insert into city(region_id, name) values (1049, 'Katowice-Bogucice');
insert into city(region_id, name) values (1049, 'Katowice-Brynw');
insert into city(region_id, name) values (1049, 'Kattowice-Nord');
insert into city(region_id, name) values (1049, 'Kattowice-West');
insert into city(region_id, name) values (1049, 'Piekary Slaskie');
insert into city(region_id, name) values (1049, 'Racibrz');
insert into city(region_id, name) values (1049, 'Rybnik');
insert into city(region_id, name) values (1049, 'Sosnowiec');
insert into city(region_id, name) values (1049, 'Tarnowskie Gry');
insert into city(region_id, name) values (1049, 'Tychy');
insert into city(region_id, name) values (1049, 'Zabrze');
insert into city(region_id, name) values (1108, 'Agualva');
insert into city(region_id, name) values (1108, 'Alcntara');
insert into city(region_id, name) values (1108, 'Alenquer');
insert into city(region_id, name) values (1108, 'Alhandra');
insert into city(region_id, name) values (1108, 'Almada');
insert into city(region_id, name) values (1108, 'Alverca');
insert into city(region_id, name) values (1108, 'Amadora');
insert into city(region_id, name) values (1108, 'Arruda dos Vinhos');
insert into city(region_id, name) values (1108, 'Assenta');
insert into city(region_id, name) values (1108, 'Barreira');
insert into city(region_id, name) values (1108, 'Benfica');
insert into city(region_id, name) values (1108, 'Bucelas');
insert into city(region_id, name) values (1108, 'Cacm');
insert into city(region_id, name) values (1108, 'Cadaval');
insert into city(region_id, name) values (1108, 'Campolide');
insert into city(region_id, name) values (1108, 'Carcavelos');
insert into city(region_id, name) values (1108, 'Carcavelos');
insert into city(region_id, name) values (1108, 'Carregado');
insert into city(region_id, name) values (1108, 'Casais');
insert into city(region_id, name) values (1108, 'Casais');
insert into city(region_id, name) values (1108, 'Cascais');
insert into city(region_id, name) values (1108, 'Covas');
insert into city(region_id, name) values (1108, 'Estoril');
insert into city(region_id, name) values (1108, 'Funchal');
insert into city(region_id, name) values (1108, 'Lisboa');
insert into city(region_id, name) values (1108, 'Lisbon');
insert into city(region_id, name) values (1108, 'Lissabon');
insert into city(region_id, name) values (1108, 'Lourel');
insert into city(region_id, name) values (1108, 'Loures');
insert into city(region_id, name) values (1108, 'Lourinh');
insert into city(region_id, name) values (1108, 'Mafra');
insert into city(region_id, name) values (1108, 'Manique de Baixo');
insert into city(region_id, name) values (1108, 'Mem Martim');
insert into city(region_id, name) values (1108, 'Mem Martins');
insert into city(region_id, name) values (1108, 'Monte Estoril');
insert into city(region_id, name) values (1108, 'Moscavide');
insert into city(region_id, name) values (1108, 'Odivelas');
insert into city(region_id, name) values (1108, 'Oeiras');
insert into city(region_id, name) values (1108, 'Pao de Arcos');
insert into city(region_id, name) values (1108, 'Parede');
insert into city(region_id, name) values (1108, 'Pontinha');
insert into city(region_id, name) values (1108, 'Portela');
insert into city(region_id, name) values (1108, 'Porto');
insert into city(region_id, name) values (1108, 'Pvoa da Galega');
insert into city(region_id, name) values (1108, 'Pvoa Santa Iria');
insert into city(region_id, name) values (1108, 'Pragana');
insert into city(region_id, name) values (1108, 'Queluz');
insert into city(region_id, name) values (1108, 'Santa Cruz');
insert into city(region_id, name) values (1108, 'Santo Estvo');
insert into city(region_id, name) values (1108, 'So Domingos de Rana');
insert into city(region_id, name) values (1108, 'Seixal');
insert into city(region_id, name) values (1108, 'Sintra');
insert into city(region_id, name) values (1108, 'Tires');
insert into city(region_id, name) values (1108, 'Torres Vedras');
insert into city(region_id, name) values (1108, 'Vila Franca de Xira');
insert into city(region_id, name) values (1108, 'Vimeiro');
insert into city(region_id, name) values (1128, 'Braila');
insert into city(region_id, name) values (1128, 'Faurei');
insert into city(region_id, name) values (1128, 'Ianca');
insert into city(region_id, name) values (1128, 'Insuratei');
insert into city(region_id, name) values (1169, 'Agate');
insert into city(region_id, name) values (1169, 'Akron');
insert into city(region_id, name) values (1169, 'Almont');
insert into city(region_id, name) values (1169, 'Arvada');
insert into city(region_id, name) values (1169, 'Aspen');
insert into city(region_id, name) values (1169, 'Aurora');
insert into city(region_id, name) values (1169, 'Avon');
insert into city(region_id, name) values (1169, 'Bennett');
insert into city(region_id, name) values (1169, 'Bond');
insert into city(region_id, name) values (1169, 'Boulder');
insert into city(region_id, name) values (1169, 'Breckenridge');
insert into city(region_id, name) values (1169, 'Brighton');
insert into city(region_id, name) values (1169, 'Broomfield');
insert into city(region_id, name) values (1169, 'Carbondale');
insert into city(region_id, name) values (1169, 'Castle Rock');
insert into city(region_id, name) values (1169, 'Colorado City');
insert into city(region_id, name) values (1169, 'Colorado Springs');
insert into city(region_id, name) values (1169, 'Denver');
insert into city(region_id, name) values (1169, 'Dillon');
insert into city(region_id, name) values (1169, 'Durango');
insert into city(region_id, name) values (1169, 'Englewood');
insert into city(region_id, name) values (1169, 'Estes Park');
insert into city(region_id, name) values (1169, 'Evergreen');
insert into city(region_id, name) values (1169, 'Fort Collins');
insert into city(region_id, name) values (1169, 'Glenwood Springs');
insert into city(region_id, name) values (1169, 'Golden');
insert into city(region_id, name) values (1169, 'Grand Junction');
insert into city(region_id, name) values (1169, 'Idaho Springs');
insert into city(region_id, name) values (1169, 'Littleton');
insert into city(region_id, name) values (1169, 'Longmont');
insert into city(region_id, name) values (1169, 'Loveland');
insert into city(region_id, name) values (1169, 'Montrose');
insert into city(region_id, name) values (1169, 'Ordway');
insert into city(region_id, name) values (1169, 'Parker');
insert into city(region_id, name) values (1169, 'San Pablo');
insert into city(region_id, name) values (1169, 'Silverthorne');
insert into city(region_id, name) values (1169, 'Steamboat Springs');
insert into city(region_id, name) values (1169, 'Thornton');
insert into city(region_id, name) values (1169, 'Vail');
insert into city(region_id, name) values (1169, 'Westminster');
insert into city(region_id, name) values (1221, 'Сан-Сальвадор');
insert into city(region_id, name) values (1228, 'Мбабане');
insert into region(id, country_id, name) values (1229, 160, 'Кастри');
insert into city(region_id, name) values (700, 'Campo nellElba');
insert into city(region_id, name) values (700, 'Cecina');
insert into city(region_id, name) values (700, 'Livorno');
insert into city(region_id, name) values (700, 'Marciana');
insert into city(region_id, name) values (700, 'Piombino');
insert into city(region_id, name) values (700, 'Portoferraio');
insert into city(region_id, name) values (700, 'Rio nellElba');
insert into city(region_id, name) values (700, 'Rosignano Marittimo');
insert into city(region_id, name) values (700, 'San Vincenzo');
insert into city(region_id, name) values (1028, 'Queseras');
insert into city(region_id, name) values (1050, 'Adamw');
insert into city(region_id, name) values (1050, 'Bilcza');
insert into city(region_id, name) values (1050, 'Busko-Zdrj');
insert into city(region_id, name) values (1050, 'Cminsk Swiate‚ek');
insert into city(region_id, name) values (1050, 'Kaziny');
insert into city(region_id, name) values (1050, 'Kraskw');
insert into city(region_id, name) values (1050, 'Ostrowiec');
insert into city(region_id, name) values (1050, 'Ostrowiec Swietokrzyski');
insert into city(region_id, name) values (1050, 'Skarzysko-Kamienna');
insert into city(region_id, name) values (1109, 'gua de Pena');
insert into city(region_id, name) values (1109, 'Cabo da Ribeira');
insert into city(region_id, name) values (1109, 'Camacha');
insert into city(region_id, name) values (1109, 'Canio');
insert into city(region_id, name) values (1109, 'Carreira');
insert into city(region_id, name) values (1109, 'Estreito de Cmara de Lobos');
insert into city(region_id, name) values (1109, 'Funchal');
insert into city(region_id, name) values (1109, 'Porto Santo');
insert into city(region_id, name) values (1109, 'Santo da Serra');
insert into city(region_id, name) values (1109, 'Tbua');
insert into city(region_id, name) values (1129, 'Brasov');
insert into city(region_id, name) values (1129, 'Codlea');
insert into city(region_id, name) values (1129, 'Fagaras');
insert into city(region_id, name) values (1129, 'Predeal');
insert into city(region_id, name) values (1129, 'Rasnov');
insert into city(region_id, name) values (1129, 'Rupea');
insert into city(region_id, name) values (1129, 'Sacele');
insert into city(region_id, name) values (1129, 'Victoria');
insert into city(region_id, name) values (1129, 'Zarnesti');
insert into city(region_id, name) values (1170, 'Andover');
insert into city(region_id, name) values (1170, 'Avon');
insert into city(region_id, name) values (1170, 'Baltic');
insert into city(region_id, name) values (1170, 'Bolton');
insert into city(region_id, name) values (1170, 'Bridgeport');
insert into city(region_id, name) values (1170, 'Bristol');
insert into city(region_id, name) values (1170, 'Brooklyn');
insert into city(region_id, name) values (1170, 'Canaan');
insert into city(region_id, name) values (1170, 'Cheshire');
insert into city(region_id, name) values (1170, 'Clinton');
insert into city(region_id, name) values (1170, 'Columbia');
insert into city(region_id, name) values (1170, 'Cromwell');
insert into city(region_id, name) values (1170, 'Danbury');
insert into city(region_id, name) values (1170, 'Dayville');
insert into city(region_id, name) values (1170, 'Derby');
insert into city(region_id, name) values (1170, 'East Berlin');
insert into city(region_id, name) values (1170, 'East Hartford');
insert into city(region_id, name) values (1170, 'Enfield');
insert into city(region_id, name) values (1170, 'Essex');
insert into city(region_id, name) values (1170, 'Fairfield');
insert into city(region_id, name) values (1170, 'Falls Village');
insert into city(region_id, name) values (1170, 'Farmington');
insert into city(region_id, name) values (1170, 'Glastonbury');
insert into city(region_id, name) values (1170, 'Greenwich');
insert into city(region_id, name) values (1170, 'Groton');
insert into city(region_id, name) values (1170, 'Hamden');
insert into city(region_id, name) values (1170, 'Hartford');
insert into city(region_id, name) values (1170, 'Manchester');
insert into city(region_id, name) values (1170, 'Meriden');
insert into city(region_id, name) values (1170, 'Milford');
insert into city(region_id, name) values (1170, 'Mystic');
insert into city(region_id, name) values (1170, 'New Britain');
insert into city(region_id, name) values (1170, 'New Canaan');
insert into city(region_id, name) values (1170, 'New Haven');
insert into city(region_id, name) values (1170, 'New London');
insert into city(region_id, name) values (1170, 'Newington');
insert into city(region_id, name) values (1170, 'Niantic');
insert into city(region_id, name) values (1170, 'North Haven');
insert into city(region_id, name) values (1170, 'Norwalk');
insert into city(region_id, name) values (1170, 'Norwich');
insert into city(region_id, name) values (1170, 'Pawcatuck');
insert into city(region_id, name) values (1170, 'Redding Center');
insert into city(region_id, name) values (1170, 'Rocky Hill');
insert into city(region_id, name) values (1170, 'Shelton');
insert into city(region_id, name) values (1170, 'Simsbury');
insert into city(region_id, name) values (1170, 'Southbury');
insert into city(region_id, name) values (1170, 'Southport');
insert into city(region_id, name) values (1170, 'Stafford');
insert into city(region_id, name) values (1170, 'Stamford');
insert into city(region_id, name) values (1170, 'Stratford');
insert into city(region_id, name) values (1170, 'Suffield');
insert into city(region_id, name) values (1170, 'Trumbull');
insert into city(region_id, name) values (1170, 'W Hartford');
insert into city(region_id, name) values (1170, 'Wallingford');
insert into city(region_id, name) values (1170, 'Waterbury');
insert into city(region_id, name) values (1170, 'Watertown');
insert into city(region_id, name) values (1170, 'West Hartland');
insert into city(region_id, name) values (1170, 'West Haven');
insert into city(region_id, name) values (1170, 'Westport');
insert into city(region_id, name) values (1170, 'Wethersfield');
insert into city(region_id, name) values (1170, 'Willimantic');
insert into city(region_id, name) values (1170, 'Wilton');
insert into city(region_id, name) values (1170, 'Windham');
insert into city(region_id, name) values (1170, 'Windsor');
insert into city(region_id, name) values (1170, 'Woodbury');
insert into city(region_id, name) values (1229, 'Кастри');
insert into region(id, country_id, name) values (1230, 161, 'Джеймстаун');
insert into city(region_id, name) values (701, 'Forte dei Marmi');
insert into city(region_id, name) values (701, 'Lucca');
insert into city(region_id, name) values (701, 'Porcari');
insert into city(region_id, name) values (701, 'Viareggio');
insert into city(region_id, name) values (1029, 'San Juan');
insert into city(region_id, name) values (1051, 'Babin');
insert into city(region_id, name) values (1051, 'Dabrowica');
insert into city(region_id, name) values (1051, 'Konin');
insert into city(region_id, name) values (1110, 'Venda da Costa');
insert into city(region_id, name) values (1130, 'Bucuresti');
insert into city(region_id, name) values (1171, 'Bear');
insert into city(region_id, name) values (1171, 'Bethany Beach');
insert into city(region_id, name) values (1171, 'Dagsboro');
insert into city(region_id, name) values (1171, 'Delmar');
insert into city(region_id, name) values (1171, 'Dover');
insert into city(region_id, name) values (1171, 'Dover AFB');
insert into city(region_id, name) values (1171, 'Fenwick Island');
insert into city(region_id, name) values (1171, 'Hockessin');
insert into city(region_id, name) values (1171, 'Milton');
insert into city(region_id, name) values (1171, 'Newark');
insert into city(region_id, name) values (1171, 'Rehoboth Beach');
insert into city(region_id, name) values (1171, 'Wilmington');
insert into city(region_id, name) values (1230, 'Джеймстаун');
insert into region(id, country_id, name) values (1231, 162, 'Korea');
insert into city(region_id, name) values (702, 'Carrara');
insert into city(region_id, name) values (702, 'Massa');
insert into city(region_id, name) values (1030, 'Castilla');
insert into city(region_id, name) values (1030, 'Piura');
insert into city(region_id, name) values (1052, 'Preczw');
insert into city(region_id, name) values (1111, 'Entre Ribeiras');
insert into city(region_id, name) values (1111, 'Portalegre');
insert into city(region_id, name) values (1131, 'Buzau');
insert into city(region_id, name) values (1131, 'Nehoiu');
insert into city(region_id, name) values (1131, 'Pogoanele');
insert into city(region_id, name) values (1131, 'Ramnicu Sarat');
insert into city(region_id, name) values (1172, 'Washington');
insert into city(region_id, name) values (1231, 'Dagu');
insert into region(id, country_id, name) values (1232, 163, 'Сейшеллы');
insert into city(region_id, name) values (703, 'Buti');
insert into city(region_id, name) values (703, 'Calcinaia');
insert into city(region_id, name) values (703, 'Casciana Terme');
insert into city(region_id, name) values (703, 'Cascina');
insert into city(region_id, name) values (703, 'Guardistallo');
insert into city(region_id, name) values (703, 'Orciano Pisano');
insert into city(region_id, name) values (703, 'Pisa');
insert into city(region_id, name) values (703, 'Pontedera');
insert into city(region_id, name) values (703, 'Santa Croce sullArno');
insert into city(region_id, name) values (703, 'Volterra');
insert into city(region_id, name) values (1031, 'Azngaro');
insert into city(region_id, name) values (1031, 'Puno');
insert into city(region_id, name) values (1053, 'Balice');
insert into city(region_id, name) values (1053, 'Batowice');
insert into city(region_id, name) values (1053, 'Borek');
insert into city(region_id, name) values (1053, 'Borek Fa‚ecki');
insert into city(region_id, name) values (1053, 'Czechy');
insert into city(region_id, name) values (1053, 'Ibramowice');
insert into city(region_id, name) values (1053, 'Janowice');
insert into city(region_id, name) values (1053, 'Kaszw');
insert into city(region_id, name) values (1053, 'Kazimierz');
insert into city(region_id, name) values (1053, 'Konary');
insert into city(region_id, name) values (1053, 'Kozmice');
insert into city(region_id, name) values (1053, 'Krakuszowice');
insert into city(region_id, name) values (1053, 'Krowodrza');
insert into city(region_id, name) values (1053, 'Krzykwka');
insert into city(region_id, name) values (1053, 'Kunice');
insert into city(region_id, name) values (1053, 'Mi‚ocice');
insert into city(region_id, name) values (1053, 'Myslenice');
insert into city(region_id, name) values (1053, 'Nowa Huta');
insert into city(region_id, name) values (1053, 'Pieskowa Ska‚a');
insert into city(region_id, name) values (1053, 'Wawel');
insert into city(region_id, name) values (1053, 'Zbik');
insert into city(region_id, name) values (1053, 'Zielona');
insert into city(region_id, name) values (1112, 'Aguadeira');
insert into city(region_id, name) values (1112, 'Albergaria');
insert into city(region_id, name) values (1112, 'Alfena');
insert into city(region_id, name) values (1112, 'Amarante');
insert into city(region_id, name) values (1112, 'Aves');
insert into city(region_id, name) values (1112, 'Ermezinde');
insert into city(region_id, name) values (1112, 'Foz');
insert into city(region_id, name) values (1112, 'Gaia');
insert into city(region_id, name) values (1112, 'Gondomar');
insert into city(region_id, name) values (1112, 'Maia');
insert into city(region_id, name) values (1112, 'Matosinhos');
insert into city(region_id, name) values (1112, 'Matosinhos');
insert into city(region_id, name) values (1112, 'Paos de Ferreira');
insert into city(region_id, name) values (1112, 'Paredes');
insert into city(region_id, name) values (1112, 'Paredes');
insert into city(region_id, name) values (1112, 'Penafiel');
insert into city(region_id, name) values (1112, 'Porto');
insert into city(region_id, name) values (1112, 'Pvoa de Varzim');
insert into city(region_id, name) values (1112, 'Trofa Velha');
insert into city(region_id, name) values (1112, 'Vale');
insert into city(region_id, name) values (1112, 'Vila do Conde');
insert into city(region_id, name) values (1112, 'Vila Nova de Gaia');
insert into city(region_id, name) values (1112, 'Vizela');
insert into city(region_id, name) values (1132, 'Budesti');
insert into city(region_id, name) values (1132, 'Calarasi');
insert into city(region_id, name) values (1132, 'Fundulea');
insert into city(region_id, name) values (1132, 'Lehliu Gara');
insert into city(region_id, name) values (1132, 'Oltenita');
insert into city(region_id, name) values (1173, 'Alachua');
insert into city(region_id, name) values (1173, 'Alford');
insert into city(region_id, name) values (1173, 'Altamonte Springs');
insert into city(region_id, name) values (1173, 'Altoona');
insert into city(region_id, name) values (1173, 'Alva');
insert into city(region_id, name) values (1173, 'Anna Maria');
insert into city(region_id, name) values (1173, 'Apollo Beach');
insert into city(region_id, name) values (1173, 'Apopka');
insert into city(region_id, name) values (1173, 'Arcadia');
insert into city(region_id, name) values (1173, 'Archer');
insert into city(region_id, name) values (1173, 'Argyle');
insert into city(region_id, name) values (1173, 'Astatula');
insert into city(region_id, name) values (1173, 'Astor');
insert into city(region_id, name) values (1173, 'Atlantic Beach');
insert into city(region_id, name) values (1173, 'Auburndale');
insert into city(region_id, name) values (1173, 'Avon Park');
insert into city(region_id, name) values (1173, 'Bartow');
insert into city(region_id, name) values (1173, 'Beverly Hills');
insert into city(region_id, name) values (1173, 'Blountstown');
insert into city(region_id, name) values (1173, 'Boca Raton');
insert into city(region_id, name) values (1173, 'Boynton Beach');
insert into city(region_id, name) values (1173, 'Bradenton');
insert into city(region_id, name) values (1173, 'Brandon');
insert into city(region_id, name) values (1173, 'Bristol');
insert into city(region_id, name) values (1173, 'Bunnell');
insert into city(region_id, name) values (1173, 'Candler');
insert into city(region_id, name) values (1173, 'Cape Coral');
insert into city(region_id, name) values (1173, 'Casselberry');
insert into city(region_id, name) values (1173, 'Chipley');
insert into city(region_id, name) values (1173, 'Clearwater');
insert into city(region_id, name) values (1173, 'Clearwater Beach');
insert into city(region_id, name) values (1173, 'Clermont');
insert into city(region_id, name) values (1173, 'Cocoa');
insert into city(region_id, name) values (1173, 'Crescent City');
insert into city(region_id, name) values (1173, 'Davenport');
insert into city(region_id, name) values (1173, 'Daytona Beach');
insert into city(region_id, name) values (1173, 'Deerfield Beach');
insert into city(region_id, name) values (1173, 'Deland');
insert into city(region_id, name) values (1173, 'Delray Beach');
insert into city(region_id, name) values (1173, 'Deltona');
insert into city(region_id, name) values (1173, 'Destin');
insert into city(region_id, name) values (1173, 'Dunedin');
insert into city(region_id, name) values (1173, 'Eglin AFB');
insert into city(region_id, name) values (1173, 'Englewood');
insert into city(region_id, name) values (1173, 'Flagler Beach');
insert into city(region_id, name) values (1173, 'Florida City');
insert into city(region_id, name) values (1173, 'Fort Lauderdale');
insert into city(region_id, name) values (1173, 'Fort Myers');
insert into city(region_id, name) values (1173, 'Fort Walton Beach');
insert into city(region_id, name) values (1173, 'Gainesville');
insert into city(region_id, name) values (1173, 'Geneva');
insert into city(region_id, name) values (1173, 'Groveland');
insert into city(region_id, name) values (1173, 'Gulf Breeze');
insert into city(region_id, name) values (1173, 'Hallandale');
insert into city(region_id, name) values (1173, 'Hawthorne');
insert into city(region_id, name) values (1173, 'Hialeah');
insert into city(region_id, name) values (1173, 'Hollywood');
insert into city(region_id, name) values (1173, 'Hudson');
insert into city(region_id, name) values (1173, 'Indian Rocks Beach');
insert into city(region_id, name) values (1173, 'Jacksonville');
insert into city(region_id, name) values (1173, 'Jacksonville Beach');
insert into city(region_id, name) values (1173, 'Key West');
insert into city(region_id, name) values (1173, 'Kissimmee');
insert into city(region_id, name) values (1173, 'Labelle');
insert into city(region_id, name) values (1173, 'Lake City');
insert into city(region_id, name) values (1173, 'Lake Mary');
insert into city(region_id, name) values (1173, 'Land O Lakes');
insert into city(region_id, name) values (1173, 'Lantana');
insert into city(region_id, name) values (1173, 'Largo');
insert into city(region_id, name) values (1173, 'Madison');
insert into city(region_id, name) values (1173, 'Marathon');
insert into city(region_id, name) values (1173, 'Marco Island');
insert into city(region_id, name) values (1173, 'Marianna');
insert into city(region_id, name) values (1173, 'Melbourne');
insert into city(region_id, name) values (1173, 'Merritt Island');
insert into city(region_id, name) values (1173, 'Miami');
insert into city(region_id, name) values (1173, 'Miami Beach');
insert into city(region_id, name) values (1173, 'Miramar Beach');
insert into city(region_id, name) values (1173, 'Naples');
insert into city(region_id, name) values (1173, 'New Port Richey');
insert into city(region_id, name) values (1173, 'North Miami Beach');
insert into city(region_id, name) values (1173, 'North Port');
insert into city(region_id, name) values (1173, 'Ocoee');
insert into city(region_id, name) values (1173, 'Odessa');
insert into city(region_id, name) values (1173, 'Orange City');
insert into city(region_id, name) values (1173, 'Orlando');
insert into city(region_id, name) values (1173, 'Ormond Beach');
insert into city(region_id, name) values (1173, 'Palm Beach');
insert into city(region_id, name) values (1173, 'Palm Coast');
insert into city(region_id, name) values (1173, 'Panama City');
insert into city(region_id, name) values (1173, 'Panama City Beach');
insert into city(region_id, name) values (1173, 'Parrish');
insert into city(region_id, name) values (1173, 'Pensacola');
insert into city(region_id, name) values (1173, 'Pompano Beach');
insert into city(region_id, name) values (1173, 'Ponte Vedra Beach');
insert into city(region_id, name) values (1173, 'Port Charlotte');
insert into city(region_id, name) values (1173, 'Port Orange');
insert into city(region_id, name) values (1173, 'Port St. Lucie');
insert into city(region_id, name) values (1173, 'Saint Augustine');
insert into city(region_id, name) values (1173, 'Saint Petersburg');
insert into city(region_id, name) values (1173, 'San Antonio');
insert into city(region_id, name) values (1173, 'Santa Rosa Beach');
insert into city(region_id, name) values (1173, 'Sarasota');
insert into city(region_id, name) values (1173, 'Satellite Beach');
insert into city(region_id, name) values (1173, 'Spring Hill');
insert into city(region_id, name) values (1173, 'Tallahassee');
insert into city(region_id, name) values (1173, 'Tampa');
insert into city(region_id, name) values (1173, 'Tarpon Springs');
insert into city(region_id, name) values (1173, 'Titusville');
insert into city(region_id, name) values (1173, 'Venice');
insert into city(region_id, name) values (1173, 'Vero Beach');
insert into city(region_id, name) values (1173, 'West Palm Beach');
insert into city(region_id, name) values (1173, 'Wewahitchka');
insert into city(region_id, name) values (1173, 'Windermere');
insert into city(region_id, name) values (1232, 'Виктория');
insert into region(id, country_id, name) values (1233, 164, 'Сен-Пьер');
insert into city(region_id, name) values (704, 'Montecatini-Terme');
insert into city(region_id, name) values (704, 'Pescia');
insert into city(region_id, name) values (704, 'Pistoia');
insert into city(region_id, name) values (704, 'Ponte Buggianese');
insert into city(region_id, name) values (704, 'Quarrata');
insert into city(region_id, name) values (1032, 'Tarapoto');
insert into city(region_id, name) values (1054, 'Bromberg');
insert into city(region_id, name) values (1054, 'Bydgoszcz');
insert into city(region_id, name) values (1113, 'Abrantes');
insert into city(region_id, name) values (1113, 'gua Boa');
insert into city(region_id, name) values (1113, 'Alcanena');
insert into city(region_id, name) values (1113, 'Almeirim');
insert into city(region_id, name) values (1113, 'Almeirim');
insert into city(region_id, name) values (1113, 'Alviobeira');
insert into city(region_id, name) values (1113, 'Amiis de Baixo');
insert into city(region_id, name) values (1113, 'Asseiceira');
insert into city(region_id, name) values (1113, 'Entrocamento');
insert into city(region_id, name) values (1113, 'Entroncamento');
insert into city(region_id, name) values (1113, 'Ftima');
insert into city(region_id, name) values (1113, 'Minde');
insert into city(region_id, name) values (1113, 'Ourm');
insert into city(region_id, name) values (1113, 'Pvoa de Santarm');
insert into city(region_id, name) values (1113, 'Praia do Ribatejo');
insert into city(region_id, name) values (1113, 'Rio Maior');
insert into city(region_id, name) values (1113, 'Salvaterra de Magos');
insert into city(region_id, name) values (1113, 'Samora Correia');
insert into city(region_id, name) values (1113, 'Santarm');
insert into city(region_id, name) values (1113, 'Soudos');
insert into city(region_id, name) values (1113, 'Tomar');
insert into city(region_id, name) values (1113, 'Torres Novas');
insert into city(region_id, name) values (1113, 'Vila Moreira');
insert into city(region_id, name) values (1133, 'Anina');
insert into city(region_id, name) values (1133, 'Baile Herculane');
insert into city(region_id, name) values (1133, 'Bocsa');
insert into city(region_id, name) values (1133, 'Caransebes');
insert into city(region_id, name) values (1133, 'Moldova Noua');
insert into city(region_id, name) values (1133, 'Oravita');
insert into city(region_id, name) values (1133, 'Otelu Rosu');
insert into city(region_id, name) values (1133, 'Resita');
insert into city(region_id, name) values (1174, 'Abbeville');
insert into city(region_id, name) values (1174, 'Acworth');
insert into city(region_id, name) values (1174, 'Adrian');
insert into city(region_id, name) values (1174, 'Allentown');
insert into city(region_id, name) values (1174, 'Alpharetta');
insert into city(region_id, name) values (1174, 'Alston');
insert into city(region_id, name) values (1174, 'Alto');
insert into city(region_id, name) values (1174, 'Arabi');
insert into city(region_id, name) values (1174, 'Aragon');
insert into city(region_id, name) values (1174, 'Athens');
insert into city(region_id, name) values (1174, 'Atlanta');
insert into city(region_id, name) values (1174, 'Augusta');
insert into city(region_id, name) values (1174, 'Blue Ridge');
insert into city(region_id, name) values (1174, 'Boston');
insert into city(region_id, name) values (1174, 'Canton');
insert into city(region_id, name) values (1174, 'Carrollton');
insert into city(region_id, name) values (1174, 'Clarkston');
insert into city(region_id, name) values (1174, 'Columbus');
insert into city(region_id, name) values (1174, 'Conyers');
insert into city(region_id, name) values (1174, 'Dahlonega');
insert into city(region_id, name) values (1174, 'Dallas');
insert into city(region_id, name) values (1174, 'Duluth');
insert into city(region_id, name) values (1174, 'Flowery Branch');
insert into city(region_id, name) values (1174, 'Fort Benning');
insert into city(region_id, name) values (1174, 'Gainesville');
insert into city(region_id, name) values (1174, 'Hinesville');
insert into city(region_id, name) values (1174, 'Kennesaw');
insert into city(region_id, name) values (1174, 'Lagrange');
insert into city(region_id, name) values (1174, 'Lawrenceville');
insert into city(region_id, name) values (1174, 'Lilburn');
insert into city(region_id, name) values (1174, 'Macon');
insert into city(region_id, name) values (1174, 'Marietta');
insert into city(region_id, name) values (1174, 'Norcross');
insert into city(region_id, name) values (1174, 'Roswell');
insert into city(region_id, name) values (1174, 'Saint George');
insert into city(region_id, name) values (1174, 'Savannah');
insert into city(region_id, name) values (1174, 'Stone Mountain');
insert into city(region_id, name) values (1174, 'Toccoa');
insert into city(region_id, name) values (1174, 'Washington');
insert into city(region_id, name) values (1174, 'Winder');
insert into city(region_id, name) values (1174, 'Zebulon');
insert into city(region_id, name) values (1233, 'Сен-Пьер');
insert into region(id, country_id, name) values (1234, 165, 'Сенегал');
insert into city(region_id, name) values (705, 'Prato');
insert into city(region_id, name) values (1033, 'Alto Per');
insert into city(region_id, name) values (1033, 'Tacna');
insert into city(region_id, name) values (1055, 'Jawor');
insert into city(region_id, name) values (1055, 'Lignica');
insert into city(region_id, name) values (1114, 'guas de Moura');
insert into city(region_id, name) values (1114, 'Alccer do Sal');
insert into city(region_id, name) values (1114, 'Almada');
insert into city(region_id, name) values (1114, 'Amora');
insert into city(region_id, name) values (1114, 'Arrentela');
insert into city(region_id, name) values (1114, 'Barreiro');
insert into city(region_id, name) values (1114, 'Costa de Caparica');
insert into city(region_id, name) values (1114, 'Fogueteiro');
insert into city(region_id, name) values (1114, 'Marateca');
insert into city(region_id, name) values (1114, 'Moita');
insert into city(region_id, name) values (1114, 'Montijo');
insert into city(region_id, name) values (1114, 'Paio Pires');
insert into city(region_id, name) values (1114, 'Palmela');
insert into city(region_id, name) values (1114, 'Pinhal Novo');
insert into city(region_id, name) values (1114, 'Pragal');
insert into city(region_id, name) values (1114, 'Santo Andr');
insert into city(region_id, name) values (1114, 'Sesimbra');
insert into city(region_id, name) values (1114, 'Setabul');
insert into city(region_id, name) values (1114, 'Setbal');
insert into city(region_id, name) values (1114, 'Sines');
insert into city(region_id, name) values (1114, 'Sisimbra');
insert into city(region_id, name) values (1114, 'Torre da Marinha');
insert into city(region_id, name) values (1134, 'Campia-Turzii');
insert into city(region_id, name) values (1134, 'Cluj-Napoca');
insert into city(region_id, name) values (1134, 'Dej');
insert into city(region_id, name) values (1134, 'Gherla');
insert into city(region_id, name) values (1134, 'Huedin');
insert into city(region_id, name) values (1134, 'Turda');
insert into city(region_id, name) values (1175, 'Haiku');
insert into city(region_id, name) values (1175, 'Hakalau');
insert into city(region_id, name) values (1175, 'Hanamaulu');
insert into city(region_id, name) values (1175, 'Hawaiian Ocean View');
insert into city(region_id, name) values (1175, 'Hawi');
insert into city(region_id, name) values (1175, 'Honolulu');
insert into city(region_id, name) values (1175, 'Kailua Kona');
insert into city(region_id, name) values (1175, 'Kihei');
insert into city(region_id, name) values (1175, 'Ocean View');
insert into city(region_id, name) values (1175, 'Pahoa');
insert into city(region_id, name) values (1175, 'Pearl Harbor');
insert into city(region_id, name) values (1175, 'Wake Island');
insert into city(region_id, name) values (1234, 'Дакар');
insert into region(id, country_id, name) values (1235, 166, 'Бастер');
insert into city(region_id, name) values (706, 'Castellina in Chianti');
insert into city(region_id, name) values (706, 'Cetona');
insert into city(region_id, name) values (706, 'Colle di Val dElsa');
insert into city(region_id, name) values (706, 'Montepulciano');
insert into city(region_id, name) values (706, 'Monteroni dArbia');
insert into city(region_id, name) values (706, 'Pienza');
insert into city(region_id, name) values (706, 'Poggibonsi');
insert into city(region_id, name) values (706, 'Siena');
insert into city(region_id, name) values (1034, 'La Garita');
insert into city(region_id, name) values (1034, 'Tumbes');
insert into city(region_id, name) values (1056, 'Gra');
insert into city(region_id, name) values (1056, 'Gostyn');
insert into city(region_id, name) values (1056, 'Leszno');
insert into city(region_id, name) values (1115, 'Caminha');
insert into city(region_id, name) values (1115, 'Mono');
insert into city(region_id, name) values (1115, 'Valena');
insert into city(region_id, name) values (1115, 'Viana do Castelo');
insert into city(region_id, name) values (1115, 'Vianna do Castello');
insert into city(region_id, name) values (1135, 'Basarabi');
insert into city(region_id, name) values (1135, 'Cernavoda');
insert into city(region_id, name) values (1135, 'Constanta');
insert into city(region_id, name) values (1135, 'Eforie');
insert into city(region_id, name) values (1135, 'Harsova');
insert into city(region_id, name) values (1135, 'Mangalia');
insert into city(region_id, name) values (1135, 'Medgidia');
insert into city(region_id, name) values (1135, 'Navodari');
insert into city(region_id, name) values (1135, 'Negru Voda');
insert into city(region_id, name) values (1135, 'Ovidiu');
insert into city(region_id, name) values (1135, 'Techirghiol');
insert into city(region_id, name) values (1176, 'American Falls');
insert into city(region_id, name) values (1176, 'Boise');
insert into city(region_id, name) values (1176, 'Conda');
insert into city(region_id, name) values (1176, 'Fish Haven');
insert into city(region_id, name) values (1176, 'Idaho Falls');
insert into city(region_id, name) values (1176, 'Moscow');
insert into city(region_id, name) values (1176, 'Pocatello');
insert into city(region_id, name) values (1176, 'Preston');
insert into city(region_id, name) values (1176, 'Sandpoint');
insert into city(region_id, name) values (1176, 'Twin Falls');
insert into city(region_id, name) values (1235, 'Бастер');
insert into region(id, country_id, name) values (1236, 167, 'Кингстаун');
insert into city(region_id, name) values (707, 'Bolzano-Bozen');
insert into city(region_id, name) values (707, 'Brennero-Brenner');
insert into city(region_id, name) values (707, 'Bressanone-Brixen');
insert into city(region_id, name) values (707, 'Brunico-Bruneck');
insert into city(region_id, name) values (707, 'Dobbiaco-Toblach');
insert into city(region_id, name) values (707, 'Merano-Meran');
insert into city(region_id, name) values (707, 'Terento-Terenten');
insert into city(region_id, name) values (1035, 'Callaria');
insert into city(region_id, name) values (1035, 'Pucallpa');
insert into city(region_id, name) values (1057, 'Aleksandrw');
insert into city(region_id, name) values (1057, 'Anielin');
insert into city(region_id, name) values (1057, 'Augustw');
insert into city(region_id, name) values (1057, 'Ba‚uty');
insert into city(region_id, name) values (1057, 'Be‚dow');
insert into city(region_id, name) values (1057, 'Be‚dowek');
insert into city(region_id, name) values (1057, 'Budy');
insert into city(region_id, name) values (1057, 'Chojny');
insert into city(region_id, name) values (1057, 'Glovno');
insert into city(region_id, name) values (1057, 'Karolew');
insert into city(region_id, name) values (1057, 'Kwilno');
insert into city(region_id, name) values (1057, 'Lublinek');
insert into city(region_id, name) values (1057, 'owicz');
insert into city(region_id, name) values (1057, 'Olechw');
insert into city(region_id, name) values (1057, 'Pabianice');
insert into city(region_id, name) values (1057, 'Piaskowice');
insert into city(region_id, name) values (1057, 'Radogoszcz');
insert into city(region_id, name) values (1057, 'Retkinia');
insert into city(region_id, name) values (1057, 'Teofilw');
insert into city(region_id, name) values (1057, 'Widzew');
insert into city(region_id, name) values (1057, 'Zgierz');
insert into city(region_id, name) values (1116, 'Alijo');
insert into city(region_id, name) values (1116, 'Chaves');
insert into city(region_id, name) values (1116, 'Montalegre');
insert into city(region_id, name) values (1116, 'Vila Real');
insert into city(region_id, name) values (1136, 'Baraolt');
insert into city(region_id, name) values (1136, 'Covasna');
insert into city(region_id, name) values (1136, 'Intorsura Buzaului');
insert into city(region_id, name) values (1136, 'Sfntu Gheorghe');
insert into city(region_id, name) values (1136, 'Targu Secuiesc');
insert into city(region_id, name) values (1177, 'Addison');
insert into city(region_id, name) values (1177, 'Albany');
insert into city(region_id, name) values (1177, 'Alsey');
insert into city(region_id, name) values (1177, 'Alton');
insert into city(region_id, name) values (1177, 'Anna');
insert into city(region_id, name) values (1177, 'Arlington Heights');
insert into city(region_id, name) values (1177, 'Aurora');
insert into city(region_id, name) values (1177, 'Barrington');
insert into city(region_id, name) values (1177, 'Belleville');
insert into city(region_id, name) values (1177, 'Berwyn');
insert into city(region_id, name) values (1177, 'Bloomingdale');
insert into city(region_id, name) values (1177, 'Bolingbrook');
insert into city(region_id, name) values (1177, 'Buffalo Grove');
insert into city(region_id, name) values (1177, 'Bushnell');
insert into city(region_id, name) values (1177, 'Cary');
insert into city(region_id, name) values (1177, 'Champaign');
insert into city(region_id, name) values (1177, 'Chicago');
insert into city(region_id, name) values (1177, 'Chicago Heights');
insert into city(region_id, name) values (1177, 'Chicago Ridge');
insert into city(region_id, name) values (1177, 'Darien');
insert into city(region_id, name) values (1177, 'Deerfield');
insert into city(region_id, name) values (1177, 'Des Plaines');
insert into city(region_id, name) values (1177, 'Downers Grove');
insert into city(region_id, name) values (1177, 'Elk Grove Village');
insert into city(region_id, name) values (1177, 'Elmwood Park');
insert into city(region_id, name) values (1177, 'Evanston');
insert into city(region_id, name) values (1177, 'Franklin');
insert into city(region_id, name) values (1177, 'Geneva');
insert into city(region_id, name) values (1177, 'Glenview');
insert into city(region_id, name) values (1177, 'Hammond');
insert into city(region_id, name) values (1177, 'Harwood Heights');
insert into city(region_id, name) values (1177, 'La Grange Park');
insert into city(region_id, name) values (1177, 'Lemont');
insert into city(region_id, name) values (1177, 'Long Grove');
insert into city(region_id, name) values (1177, 'Loves Park');
insert into city(region_id, name) values (1177, 'Madison');
insert into city(region_id, name) values (1177, 'Monticello');
insert into city(region_id, name) values (1177, 'Morton Grove');
insert into city(region_id, name) values (1177, 'Mount Prospect');
insert into city(region_id, name) values (1177, 'Mundelein');
insert into city(region_id, name) values (1177, 'Naperville');
insert into city(region_id, name) values (1177, 'Niles');
insert into city(region_id, name) values (1177, 'Northbrook');
insert into city(region_id, name) values (1177, 'Oak Lawn');
insert into city(region_id, name) values (1177, 'Oak Park');
insert into city(region_id, name) values (1177, 'Palatine');
insert into city(region_id, name) values (1177, 'Rochester');
insert into city(region_id, name) values (1177, 'Rockford');
insert into city(region_id, name) values (1177, 'Rolling Meadows');
insert into city(region_id, name) values (1177, 'Roselle');
insert into city(region_id, name) values (1177, 'Round Lake');
insert into city(region_id, name) values (1177, 'Schaumburg');
insert into city(region_id, name) values (1177, 'Skokie');
insert into city(region_id, name) values (1177, 'Springfield');
insert into city(region_id, name) values (1177, 'Urbana');
insert into city(region_id, name) values (1177, 'Vernon Hills');
insert into city(region_id, name) values (1177, 'Waukegan');
insert into city(region_id, name) values (1177, 'Westmont');
insert into city(region_id, name) values (1177, 'Wheaton');
insert into city(region_id, name) values (1177, 'Wheeling');
insert into city(region_id, name) values (1236, 'Кингстаун');
insert into region(id, country_id, name) values (1237, 168, 'Воеводина');
insert into region(id, country_id, name) values (1238, 168, 'Косово и Метохия');
insert into region(id, country_id, name) values (1239, 168, 'Центральная Сербия');
insert into city(region_id, name) values (708, 'Arco');
insert into city(region_id, name) values (708, 'Borgo Valsugana');
insert into city(region_id, name) values (708, 'Mezzocorona');
insert into city(region_id, name) values (708, 'Riva del Garda');
insert into city(region_id, name) values (708, 'Rovereto');
insert into city(region_id, name) values (708, 'Trento');
insert into city(region_id, name) values (708, 'Vigo di Fassa');
insert into city(region_id, name) values (1058, 'Litzmannstadt');
insert into city(region_id, name) values (1117, 'Mangualde');
insert into city(region_id, name) values (1117, 'Oliveira de Frades');
insert into city(region_id, name) values (1117, 'Santa Comba Do');
insert into city(region_id, name) values (1117, 'Santiago');
insert into city(region_id, name) values (1117, 'So Joo da Pesqueira');
insert into city(region_id, name) values (1117, 'So Pedro do Sul');
insert into city(region_id, name) values (1117, 'Vimieiro');
insert into city(region_id, name) values (1117, 'Viseu');
insert into city(region_id, name) values (1117, 'Vizeu');
insert into city(region_id, name) values (1137, 'Fieni');
insert into city(region_id, name) values (1137, 'Gaesti');
insert into city(region_id, name) values (1137, 'Moreni');
insert into city(region_id, name) values (1137, 'Pucioasa');
insert into city(region_id, name) values (1137, 'Targoviste');
insert into city(region_id, name) values (1137, 'Titu');
insert into city(region_id, name) values (1178, 'Akron');
insert into city(region_id, name) values (1178, 'Angola');
insert into city(region_id, name) values (1178, 'Atlanta');
insert into city(region_id, name) values (1178, 'Attica');
insert into city(region_id, name) values (1178, 'Bloomington');
insert into city(region_id, name) values (1178, 'Carmel');
insert into city(region_id, name) values (1178, 'Central');
insert into city(region_id, name) values (1178, 'Elkhart');
insert into city(region_id, name) values (1178, 'Fishers');
insert into city(region_id, name) values (1178, 'Fort Wayne');
insert into city(region_id, name) values (1178, 'Goshen');
insert into city(region_id, name) values (1178, 'Greencastle');
insert into city(region_id, name) values (1178, 'Indianapolis');
insert into city(region_id, name) values (1178, 'Lafayette');
insert into city(region_id, name) values (1178, 'Michigan City');
insert into city(region_id, name) values (1178, 'Nappanee');
insert into city(region_id, name) values (1178, 'New Albany');
insert into city(region_id, name) values (1178, 'Richmond');
insert into city(region_id, name) values (1178, 'Spencerville');
insert into city(region_id, name) values (1178, 'Terre Haute');
insert into city(region_id, name) values (1178, 'West Lafayette');
insert into city(region_id, name) values (1237, 'Западная Бачка округ');
insert into city(region_id, name) values (1237, 'Северная Бачка округ');
insert into city(region_id, name) values (1237, 'Северно-Банатский округ');
insert into city(region_id, name) values (1237, 'Средне-Банатский округ');
insert into city(region_id, name) values (1237, 'Сремский округ');
insert into city(region_id, name) values (1237, 'Южная Бачка округ');
insert into city(region_id, name) values (1237, 'Южно-Банатский округ');
insert into region(id, country_id, name) values (1240, 169, 'Сингапур');
insert into city(region_id, name) values (709, 'Assisi');
insert into city(region_id, name) values (709, 'Bastia Umbra');
insert into city(region_id, name) values (709, 'Castiglione del Lago');
insert into city(region_id, name) values (709, 'Citt di Castello');
insert into city(region_id, name) values (709, 'Costacciaro');
insert into city(region_id, name) values (709, 'Foligno');
insert into city(region_id, name) values (709, 'Marsciano');
insert into city(region_id, name) values (709, 'Nocera Umbra');
insert into city(region_id, name) values (709, 'Perugia');
insert into city(region_id, name) values (709, 'Spoleto');
insert into city(region_id, name) values (709, 'Todi');
insert into city(region_id, name) values (1059, 'Andrzejki');
insert into city(region_id, name) values (1059, 'Barany');
insert into city(region_id, name) values (1059, 'Zambrw');
insert into city(region_id, name) values (1138, 'Bailesti');
insert into city(region_id, name) values (1138, 'Calafat');
insert into city(region_id, name) values (1138, 'Craiova');
insert into city(region_id, name) values (1138, 'Filiasi');
insert into city(region_id, name) values (1138, 'Segarcea');
insert into city(region_id, name) values (1179, 'Afton');
insert into city(region_id, name) values (1179, 'Ames');
insert into city(region_id, name) values (1179, 'Bancroft');
insert into city(region_id, name) values (1179, 'Cedar Rapids');
insert into city(region_id, name) values (1179, 'Davenport');
insert into city(region_id, name) values (1179, 'Des Moines');
insert into city(region_id, name) values (1179, 'Iowa City');
insert into city(region_id, name) values (1179, 'Oskaloosa');
insert into city(region_id, name) values (1179, 'Postville');
insert into city(region_id, name) values (1179, 'Story City');
insert into city(region_id, name) values (1238, 'Косовскомитровачский округ');
insert into city(region_id, name) values (1238, 'Призренский округ');
insert into city(region_id, name) values (1240, 'Сингапур');
insert into region(id, country_id, name) values (1241, 170, 'Дамаск');
insert into city(region_id, name) values (710, 'Arrone');
insert into city(region_id, name) values (710, 'Calvi dellUmbria');
insert into city(region_id, name) values (710, 'Giove');
insert into city(region_id, name) values (710, 'Orvieto');
insert into city(region_id, name) values (710, 'Terni');
insert into city(region_id, name) values (1060, 'Adampol');
insert into city(region_id, name) values (1060, 'Basonia');
insert into city(region_id, name) values (1060, 'Brzeznica Bychowska');
insert into city(region_id, name) values (1060, 'Choiny');
insert into city(region_id, name) values (1060, 'Kazimierz Dolny');
insert into city(region_id, name) values (1060, 'Kock');
insert into city(region_id, name) values (1060, 'Lubartw');
insert into city(region_id, name) values (1060, 'Lubomirka');
insert into city(region_id, name) values (1060, 'Ludwikw Grny');
insert into city(region_id, name) values (1060, 'Ludwin');
insert into city(region_id, name) values (1060, 'Milejw');
insert into city(region_id, name) values (1060, 'Niemce');
insert into city(region_id, name) values (1139, 'Beresti');
insert into city(region_id, name) values (1139, 'Galati');
insert into city(region_id, name) values (1139, 'Targu Bujor');
insert into city(region_id, name) values (1139, 'Tecuci');
insert into city(region_id, name) values (1180, 'Arkansas City');
insert into city(region_id, name) values (1180, 'Arma');
insert into city(region_id, name) values (1180, 'Atchison');
insert into city(region_id, name) values (1180, 'Bonner Springs');
insert into city(region_id, name) values (1180, 'Clay Center');
insert into city(region_id, name) values (1180, 'Green');
insert into city(region_id, name) values (1180, 'Kansas City');
insert into city(region_id, name) values (1180, 'Lawrence');
insert into city(region_id, name) values (1180, 'Manhattan');
insert into city(region_id, name) values (1180, 'Rose Hill');
insert into city(region_id, name) values (1180, 'Shawnee Mission');
insert into city(region_id, name) values (1180, 'Topeka');
insert into city(region_id, name) values (1180, 'Utica');
insert into city(region_id, name) values (1180, 'Wichita');
insert into city(region_id, name) values (1239, 'Белград');
insert into city(region_id, name) values (1239, 'Борский округ');
insert into city(region_id, name) values (1239, 'Заечарский округ');
insert into city(region_id, name) values (1239, 'Златиборский округ');
insert into city(region_id, name) values (1239, 'Моравичский округ');
insert into city(region_id, name) values (1239, 'Нишавский округ');
insert into city(region_id, name) values (1239, 'округ Рашка');
insert into city(region_id, name) values (1239, 'Поморавский округ');
insert into city(region_id, name) values (1239, 'Расинский округ');
insert into city(region_id, name) values (1239, 'Шумадийский округ');
insert into city(region_id, name) values (1239, 'Ябланичский округ');
insert into city(region_id, name) values (1241, 'Дамаск');
insert into region(id, country_id, name) values (1242, 171, 'Bratislava');
insert into region(id, country_id, name) values (1243, 171, 'Kosice');
insert into region(id, country_id, name) values (1244, 171, 'Nitra');
insert into region(id, country_id, name) values (1245, 171, 'None');
insert into region(id, country_id, name) values (1246, 171, 'Presov');
insert into region(id, country_id, name) values (1247, 171, 'Trencin');
insert into region(id, country_id, name) values (1248, 171, 'Trnava');
insert into city(region_id, name) values (711, 'Aosta');
insert into city(region_id, name) values (711, 'Saint-Oyen');
insert into city(region_id, name) values (1061, 'Gruentberg');
insert into city(region_id, name) values (1061, 'Grnberg');
insert into city(region_id, name) values (1061, 'Zielona Gra');
insert into city(region_id, name) values (1140, 'Bolintin-Vale');
insert into city(region_id, name) values (1140, 'Giurgiu');
insert into city(region_id, name) values (1140, 'Mihailesti');
insert into city(region_id, name) values (1181, 'Adairville');
insert into city(region_id, name) values (1181, 'Adams');
insert into city(region_id, name) values (1181, 'Artemus');
insert into city(region_id, name) values (1181, 'Bowling Green');
insert into city(region_id, name) values (1181, 'Erlanger');
insert into city(region_id, name) values (1181, 'Falmouth');
insert into city(region_id, name) values (1181, 'Florence');
insert into city(region_id, name) values (1181, 'Frankfort');
insert into city(region_id, name) values (1181, 'Ft Mitchell');
insert into city(region_id, name) values (1181, 'Hi Hat');
insert into city(region_id, name) values (1181, 'Lancaster');
insert into city(region_id, name) values (1181, 'Lexington');
insert into city(region_id, name) values (1181, 'London');
insert into city(region_id, name) values (1181, 'Louisville');
insert into city(region_id, name) values (1181, 'Wendover');
insert into city(region_id, name) values (1242, 'Bratislava');
insert into city(region_id, name) values (1242, 'Bratislava-mesto');
insert into city(region_id, name) values (1242, 'Pozsony');
insert into region(id, country_id, name) values (1249, 172, 'Bohinj');
insert into region(id, country_id, name) values (1250, 172, 'Brezovica');
insert into region(id, country_id, name) values (1251, 172, 'None');
insert into city(region_id, name) values (712, 'Belluno');
insert into city(region_id, name) values (712, 'Domegge di Cadore');
insert into city(region_id, name) values (712, 'Feltre');
insert into city(region_id, name) values (712, 'Pieve di Cadore');
insert into city(region_id, name) values (1062, 'Cracovia');
insert into city(region_id, name) values (1062, 'Cracovie');
insert into city(region_id, name) values (1062, 'Cracow');
insert into city(region_id, name) values (1062, 'Krakau');
insert into city(region_id, name) values (1062, 'Krakov');
insert into city(region_id, name) values (1062, 'Krakw');
insert into city(region_id, name) values (1141, 'Bumbesti-Jiu');
insert into city(region_id, name) values (1141, 'Motru');
insert into city(region_id, name) values (1141, 'Novaci');
insert into city(region_id, name) values (1141, 'Rovinari');
insert into city(region_id, name) values (1141, 'Targu Carbunesti');
insert into city(region_id, name) values (1141, 'Targu Jiu');
insert into city(region_id, name) values (1141, 'Ticleni');
insert into city(region_id, name) values (1141, 'Tismana');
insert into city(region_id, name) values (1182, 'Amelia');
insert into city(region_id, name) values (1182, 'Anacoco');
insert into city(region_id, name) values (1182, 'Arcadia');
insert into city(region_id, name) values (1182, 'Baldwin');
insert into city(region_id, name) values (1182, 'Baton Rouge');
insert into city(region_id, name) values (1182, 'Blanks');
insert into city(region_id, name) values (1182, 'Boutte');
insert into city(region_id, name) values (1182, 'Chalmette');
insert into city(region_id, name) values (1182, 'Covington');
insert into city(region_id, name) values (1182, 'Creole');
insert into city(region_id, name) values (1182, 'Geismar');
insert into city(region_id, name) values (1182, 'Kenner');
insert into city(region_id, name) values (1182, 'Lafayette');
insert into city(region_id, name) values (1182, 'Lake Charles');
insert into city(region_id, name) values (1182, 'Metairie');
insert into city(region_id, name) values (1182, 'Natchitoches');
insert into city(region_id, name) values (1182, 'New Orleans');
insert into city(region_id, name) values (1182, 'Rayne');
insert into city(region_id, name) values (1182, 'Shreveport');
insert into city(region_id, name) values (1243, 'Kaschau');
insert into city(region_id, name) values (1243, 'Kassa');
insert into city(region_id, name) values (1243, 'Kosice');
insert into city(region_id, name) values (1249, 'Dvori');
insert into city(region_id, name) values (1249, 'Valica');
insert into region(id, country_id, name) values (1252, 173, 'Соломоновы о-ва');
insert into city(region_id, name) values (713, 'Abano Terme');
insert into city(region_id, name) values (713, 'Agna');
insert into city(region_id, name) values (713, 'Baone');
insert into city(region_id, name) values (713, 'Battaglia Terme');
insert into city(region_id, name) values (713, 'Carmignano di Brenta');
insert into city(region_id, name) values (713, 'Casale di Scodosia');
insert into city(region_id, name) values (713, 'Cittadella');
insert into city(region_id, name) values (713, 'Conselve');
insert into city(region_id, name) values (713, 'Este');
insert into city(region_id, name) values (713, 'Legnaro');
insert into city(region_id, name) values (713, 'Maser di Padova');
insert into city(region_id, name) values (713, 'Monselice');
insert into city(region_id, name) values (713, 'Montagnana');
insert into city(region_id, name) values (713, 'Montegrotto Terme');
insert into city(region_id, name) values (713, 'Padova');
insert into city(region_id, name) values (713, 'Pozzonovo');
insert into city(region_id, name) values (713, 'Rubano');
insert into city(region_id, name) values (713, 'San Martino di Lupari');
insert into city(region_id, name) values (713, 'Saonara');
insert into city(region_id, name) values (713, 'Torreglia');
insert into city(region_id, name) values (1063, 'Warszawa');
insert into city(region_id, name) values (1142, 'Baile Tusnad');
insert into city(region_id, name) values (1142, 'Balan');
insert into city(region_id, name) values (1142, 'Borsec');
insert into city(region_id, name) values (1142, 'Cristuru Secuiesc');
insert into city(region_id, name) values (1142, 'Gheorgheni');
insert into city(region_id, name) values (1142, 'Miercurea Ciuc');
insert into city(region_id, name) values (1142, 'Odorheiu Secuiesc');
insert into city(region_id, name) values (1142, 'Toplita');
insert into city(region_id, name) values (1142, 'Vlahita');
insert into city(region_id, name) values (1183, 'Auburn');
insert into city(region_id, name) values (1183, 'Augusta');
insert into city(region_id, name) values (1183, 'Bangor');
insert into city(region_id, name) values (1183, 'Bar Harbor');
insert into city(region_id, name) values (1183, 'Belfast');
insert into city(region_id, name) values (1183, 'Bethel');
insert into city(region_id, name) values (1183, 'Ellsworth');
insert into city(region_id, name) values (1183, 'Northeast Harbor');
insert into city(region_id, name) values (1183, 'Old Orchard Beach');
insert into city(region_id, name) values (1183, 'Portland');
insert into city(region_id, name) values (1183, 'Scarborough');
insert into city(region_id, name) values (1183, 'Standish');
insert into city(region_id, name) values (1183, 'Washington');
insert into city(region_id, name) values (1183, 'York');
insert into city(region_id, name) values (1183, 'York Beach');
insert into city(region_id, name) values (1244, 'Nitra');
insert into city(region_id, name) values (1250, 'Brezovec');
insert into city(region_id, name) values (1250, 'Preseka');
insert into city(region_id, name) values (1252, 'Хониара');
insert into region(id, country_id, name) values (1253, 174, 'Могадишо');
insert into city(region_id, name) values (714, 'Occhiobello');
insert into city(region_id, name) values (714, 'Rovigo');
insert into city(region_id, name) values (1064, 'Sodehnen');
insert into city(region_id, name) values (1143, 'Aninoasa');
insert into city(region_id, name) values (1143, 'Brad');
insert into city(region_id, name) values (1143, 'Calan');
insert into city(region_id, name) values (1143, 'Deva');
insert into city(region_id, name) values (1143, 'Geoagiu');
insert into city(region_id, name) values (1143, 'Hateg');
insert into city(region_id, name) values (1143, 'Hunedoara');
insert into city(region_id, name) values (1143, 'Lupeni');
insert into city(region_id, name) values (1143, 'Orastie');
insert into city(region_id, name) values (1143, 'Petrosani');
insert into city(region_id, name) values (1143, 'Simeria');
insert into city(region_id, name) values (1143, 'Uricani');
insert into city(region_id, name) values (1143, 'Vulcan');
insert into city(region_id, name) values (1184, 'Aberdeen');
insert into city(region_id, name) values (1184, 'Aberdeen Proving Ground');
insert into city(region_id, name) values (1184, 'Abingdon');
insert into city(region_id, name) values (1184, 'Annapolis');
insert into city(region_id, name) values (1184, 'Baltimore');
insert into city(region_id, name) values (1184, 'Bel Air');
insert into city(region_id, name) values (1184, 'Beltsville');
insert into city(region_id, name) values (1184, 'Berlin');
insert into city(region_id, name) values (1184, 'Bethesda');
insert into city(region_id, name) values (1184, 'Bowie');
insert into city(region_id, name) values (1184, 'California');
insert into city(region_id, name) values (1184, 'Cambridge');
insert into city(region_id, name) values (1184, 'Chevy Chase');
insert into city(region_id, name) values (1184, 'College Park');
insert into city(region_id, name) values (1184, 'Columbia');
insert into city(region_id, name) values (1184, 'Crofton');
insert into city(region_id, name) values (1184, 'Dundalk');
insert into city(region_id, name) values (1184, 'Ellicott City');
insert into city(region_id, name) values (1184, 'Frederick');
insert into city(region_id, name) values (1184, 'Fulton');
insert into city(region_id, name) values (1184, 'Gaithersburg');
insert into city(region_id, name) values (1184, 'Germantown');
insert into city(region_id, name) values (1184, 'Hagerstown');
insert into city(region_id, name) values (1184, 'Hyattsville');
insert into city(region_id, name) values (1184, 'Jefferson');
insert into city(region_id, name) values (1184, 'Joppa');
insert into city(region_id, name) values (1184, 'Laurel');
insert into city(region_id, name) values (1184, 'Lusby');
insert into city(region_id, name) values (1184, 'Lutherville Timonium');
insert into city(region_id, name) values (1184, 'Montgomery Village');
insert into city(region_id, name) values (1184, 'North East');
insert into city(region_id, name) values (1184, 'Oakland');
insert into city(region_id, name) values (1184, 'Ocean City');
insert into city(region_id, name) values (1184, 'Owings Mills');
insert into city(region_id, name) values (1184, 'Pikesville');
insert into city(region_id, name) values (1184, 'Potomac');
insert into city(region_id, name) values (1184, 'Reisterstown');
insert into city(region_id, name) values (1184, 'Rockville');
insert into city(region_id, name) values (1184, 'Salisbury');
insert into city(region_id, name) values (1184, 'Severna Park');
insert into city(region_id, name) values (1184, 'Silver Spring');
insert into city(region_id, name) values (1184, 'Towson');
insert into city(region_id, name) values (1245, 'Abrahamovce');
insert into city(region_id, name) values (1245, 'Aha');
insert into city(region_id, name) values (1245, 'Dunajsk Streda');
insert into city(region_id, name) values (1245, 'Michalovce');
insert into city(region_id, name) values (1245, 'Prievidza');
insert into city(region_id, name) values (1245, 'Zvolen');
insert into city(region_id, name) values (1251, 'Celje');
insert into city(region_id, name) values (1251, 'Dol pri Hrastniku');
insert into city(region_id, name) values (1251, 'Ljubljana');
insert into city(region_id, name) values (1251, 'Maribor');
insert into city(region_id, name) values (1251, 'Nemcavci');
insert into city(region_id, name) values (1251, 'Nova Gorica');
insert into city(region_id, name) values (1251, 'Portorose');
insert into city(region_id, name) values (1251, 'Velenje');
insert into city(region_id, name) values (1253, 'Могадишо');
insert into region(id, country_id, name) values (1254, 175, 'Судан');
insert into city(region_id, name) values (715, 'Castelfranco Veneto');
insert into city(region_id, name) values (715, 'Conegliano');
insert into city(region_id, name) values (715, 'Giavera del Montello');
insert into city(region_id, name) values (715, 'Mogliano Veneto');
insert into city(region_id, name) values (715, 'Montebelluna');
insert into city(region_id, name) values (715, 'Oderzo');
insert into city(region_id, name) values (715, 'Orsago');
insert into city(region_id, name) values (715, 'Paderno del Grappa');
insert into city(region_id, name) values (715, 'Pieve di Soligo');
insert into city(region_id, name) values (715, 'Quinto di Treviso');
insert into city(region_id, name) values (715, 'Roncade');
insert into city(region_id, name) values (715, 'Treviso');
insert into city(region_id, name) values (715, 'Vittorio Veneto');
insert into city(region_id, name) values (1065, 'Nowy Sacz');
insert into city(region_id, name) values (1065, 'Tylicz');
insert into city(region_id, name) values (1144, 'Fetesti');
insert into city(region_id, name) values (1144, 'Slobozia');
insert into city(region_id, name) values (1144, 'Tandarei');
insert into city(region_id, name) values (1144, 'Urziceni');
insert into city(region_id, name) values (1185, 'Acton');
insert into city(region_id, name) values (1185, 'Agawam');
insert into city(region_id, name) values (1185, 'Allston');
insert into city(region_id, name) values (1185, 'Amesbury');
insert into city(region_id, name) values (1185, 'Amherst');
insert into city(region_id, name) values (1185, 'Andover');
insert into city(region_id, name) values (1185, 'Attleboro');
insert into city(region_id, name) values (1185, 'Becket');
insert into city(region_id, name) values (1185, 'Berkley');
insert into city(region_id, name) values (1185, 'Bolton');
insert into city(region_id, name) values (1185, 'Boston');
insert into city(region_id, name) values (1185, 'Brookline');
insert into city(region_id, name) values (1185, 'Burlington');
insert into city(region_id, name) values (1185, 'Cambridge');
insert into city(region_id, name) values (1185, 'Canton');
insert into city(region_id, name) values (1185, 'Centerville');
insert into city(region_id, name) values (1185, 'Chicopee');
insert into city(region_id, name) values (1185, 'Dennis Port');
insert into city(region_id, name) values (1185, 'Eastham');
insert into city(region_id, name) values (1185, 'Essex');
insert into city(region_id, name) values (1185, 'Fall River');
insert into city(region_id, name) values (1185, 'Feeding Hills');
insert into city(region_id, name) values (1185, 'Framingham');
insert into city(region_id, name) values (1185, 'Franklin');
insert into city(region_id, name) values (1185, 'Greenfield');
insert into city(region_id, name) values (1185, 'Hyannis');
insert into city(region_id, name) values (1185, 'Lee');
insert into city(region_id, name) values (1185, 'Lexington');
insert into city(region_id, name) values (1185, 'Lynn');
insert into city(region_id, name) values (1185, 'Manchester');
insert into city(region_id, name) values (1185, 'Marlborough');
insert into city(region_id, name) values (1185, 'Marstons Mills');
insert into city(region_id, name) values (1185, 'Methuen');
insert into city(region_id, name) values (1185, 'Nantucket');
insert into city(region_id, name) values (1185, 'Newton');
insert into city(region_id, name) values (1185, 'Newtonville');
insert into city(region_id, name) values (1185, 'Northampton');
insert into city(region_id, name) values (1185, 'Palmer');
insert into city(region_id, name) values (1185, 'Pittsfield');
insert into city(region_id, name) values (1185, 'Rutland');
insert into city(region_id, name) values (1185, 'Salem');
insert into city(region_id, name) values (1185, 'Shirley');
insert into city(region_id, name) values (1185, 'South Hadley');
insert into city(region_id, name) values (1185, 'South Yarmouth');
insert into city(region_id, name) values (1185, 'Springfield');
insert into city(region_id, name) values (1185, 'West Roxbury');
insert into city(region_id, name) values (1185, 'West Springfield');
insert into city(region_id, name) values (1185, 'West Yarmouth');
insert into city(region_id, name) values (1185, 'Westfield');
insert into city(region_id, name) values (1185, 'Worcester');
insert into city(region_id, name) values (1246, 'Presov');
insert into city(region_id, name) values (1254, 'Вади-Хальфа');
insert into city(region_id, name) values (1254, 'Вау');
insert into city(region_id, name) values (1254, 'Джуба');
insert into city(region_id, name) values (1254, 'Малакаль');
insert into city(region_id, name) values (1254, 'Омдурман');
insert into city(region_id, name) values (1254, 'Порт-Судан');
insert into city(region_id, name) values (1254, 'Хартум');
insert into city(region_id, name) values (1254, 'Эль-Обейд');
insert into region(id, country_id, name) values (1255, 176, 'Paramaribo');
insert into city(region_id, name) values (716, 'Annone Veneto');
insert into city(region_id, name) values (716, 'Cavarzere');
insert into city(region_id, name) values (716, 'Chioggia');
insert into city(region_id, name) values (716, 'Dolo');
insert into city(region_id, name) values (716, 'Eraclea');
insert into city(region_id, name) values (716, 'Iesolo');
insert into city(region_id, name) values (716, 'Marcon');
insert into city(region_id, name) values (716, 'Mira');
insert into city(region_id, name) values (716, 'Mirano');
insert into city(region_id, name) values (716, 'Pianiga');
insert into city(region_id, name) values (716, 'Portogruaro');
insert into city(region_id, name) values (716, 'San Don di Piave');
insert into city(region_id, name) values (716, 'Scorz');
insert into city(region_id, name) values (716, 'Spinea');
insert into city(region_id, name) values (716, 'Stra');
insert into city(region_id, name) values (716, 'Venezia');
insert into city(region_id, name) values (1066, 'Bartenstein');
insert into city(region_id, name) values (1066, 'Bartoszyce');
insert into city(region_id, name) values (1066, 'Dobre Miasto');
insert into city(region_id, name) values (1066, 'Ketrzyn');
insert into city(region_id, name) values (1066, 'Stary Olsztyn');
insert into city(region_id, name) values (1145, 'Harlau');
insert into city(region_id, name) values (1145, 'Iasi');
insert into city(region_id, name) values (1145, 'Pascani');
insert into city(region_id, name) values (1145, 'Targu Frumos');
insert into city(region_id, name) values (1186, 'Afton');
insert into city(region_id, name) values (1186, 'Akron');
insert into city(region_id, name) values (1186, 'Algonac');
insert into city(region_id, name) values (1186, 'Alpena');
insert into city(region_id, name) values (1186, 'Ann Arbor');
insert into city(region_id, name) values (1186, 'Applegate');
insert into city(region_id, name) values (1186, 'Atlanta');
insert into city(region_id, name) values (1186, 'Auburn Hills');
insert into city(region_id, name) values (1186, 'Berkley');
insert into city(region_id, name) values (1186, 'Birmingham');
insert into city(region_id, name) values (1186, 'Bloomfield Hills');
insert into city(region_id, name) values (1186, 'Canton');
insert into city(region_id, name) values (1186, 'Cedar Springs');
insert into city(region_id, name) values (1186, 'Center Line');
insert into city(region_id, name) values (1186, 'Clarkston');
insert into city(region_id, name) values (1186, 'Coldwater');
insert into city(region_id, name) values (1186, 'Commerce Township');
insert into city(region_id, name) values (1186, 'Dearborn');
insert into city(region_id, name) values (1186, 'Dearborn Heights');
insert into city(region_id, name) values (1186, 'Deerton');
insert into city(region_id, name) values (1186, 'Detroit');
insert into city(region_id, name) values (1186, 'East Lansing');
insert into city(region_id, name) values (1186, 'Farmington');
insert into city(region_id, name) values (1186, 'Flint');
insert into city(region_id, name) values (1186, 'Flushing');
insert into city(region_id, name) values (1186, 'Grand Rapids');
insert into city(region_id, name) values (1186, 'Greenville');
insert into city(region_id, name) values (1186, 'Grosse Pointe');
insert into city(region_id, name) values (1186, 'Hamtramck');
insert into city(region_id, name) values (1186, 'Kalamazoo');
insert into city(region_id, name) values (1186, 'Lake Odessa');
insert into city(region_id, name) values (1186, 'Lake Orion');
insert into city(region_id, name) values (1186, 'Lansing');
insert into city(region_id, name) values (1186, 'Madison Heights');
insert into city(region_id, name) values (1186, 'Novi');
insert into city(region_id, name) values (1186, 'Oak Park');
insert into city(region_id, name) values (1186, 'Oakland');
insert into city(region_id, name) values (1186, 'Okemos');
insert into city(region_id, name) values (1186, 'Pontiac');
insert into city(region_id, name) values (1186, 'Riga');
insert into city(region_id, name) values (1186, 'Rochester');
insert into city(region_id, name) values (1186, 'Royal Oak');
insert into city(region_id, name) values (1186, 'Saint Clair');
insert into city(region_id, name) values (1186, 'Southfield');
insert into city(region_id, name) values (1186, 'Sterling');
insert into city(region_id, name) values (1186, 'Sterling Heights');
insert into city(region_id, name) values (1186, 'Swartz Creek');
insert into city(region_id, name) values (1186, 'Traverse City');
insert into city(region_id, name) values (1186, 'Troy');
insert into city(region_id, name) values (1186, 'Utica');
insert into city(region_id, name) values (1186, 'Walled Lake');
insert into city(region_id, name) values (1186, 'Warren');
insert into city(region_id, name) values (1186, 'Waterford');
insert into city(region_id, name) values (1186, 'West Bloomfield');
insert into city(region_id, name) values (1186, 'Wixom');
insert into city(region_id, name) values (1186, 'Ypsilanti');
insert into city(region_id, name) values (1247, 'Trencin');
insert into city(region_id, name) values (1255, 'Парамарибо');
insert into region(id, country_id, name) values (1256, 177, 'Фритаун');
insert into city(region_id, name) values (717, 'Affi');
insert into city(region_id, name) values (717, 'Albaredo dAdige');
insert into city(region_id, name) values (717, 'Bardolino');
insert into city(region_id, name) values (717, 'Bovolone');
insert into city(region_id, name) values (717, 'Casaleone');
insert into city(region_id, name) values (717, 'Cologna Veneta');
insert into city(region_id, name) values (717, 'Garda');
insert into city(region_id, name) values (717, 'Isola della Scala');
insert into city(region_id, name) values (717, 'Lazise');
insert into city(region_id, name) values (717, 'Legnago');
insert into city(region_id, name) values (717, 'Nogarole Rocca');
insert into city(region_id, name) values (717, 'Peschiera del Garda');
insert into city(region_id, name) values (717, 'San Bonifacio');
insert into city(region_id, name) values (717, 'San Giovanni Ilarione');
insert into city(region_id, name) values (717, 'Sanguinetto');
insert into city(region_id, name) values (717, 'SantAmbrogio di Valpolicella');
insert into city(region_id, name) values (717, 'Verona');
insert into city(region_id, name) values (717, 'Veronella');
insert into city(region_id, name) values (717, 'Villafranca di Verona');
insert into city(region_id, name) values (1067, 'Brieg');
insert into city(region_id, name) values (1067, 'G‚ogowek');
insert into city(region_id, name) values (1067, 'Grabczak');
insert into city(region_id, name) values (1067, 'Kedzierzyn-Kozle');
insert into city(region_id, name) values (1067, 'Kluczbork');
insert into city(region_id, name) values (1067, 'Krapkowice');
insert into city(region_id, name) values (1067, 'Lewice');
insert into city(region_id, name) values (1067, 'Nysa');
insert into city(region_id, name) values (1067, 'Opole-Szczepanowice');
insert into city(region_id, name) values (1067, 'Polkowice');
insert into city(region_id, name) values (1146, 'Buftea');
insert into city(region_id, name) values (1146, 'Otopeni');
insert into city(region_id, name) values (1187, 'Acton');
insert into city(region_id, name) values (1187, 'Albert Lea');
insert into city(region_id, name) values (1187, 'Alexandria');
insert into city(region_id, name) values (1187, 'Andover');
insert into city(region_id, name) values (1187, 'Anoka');
insert into city(region_id, name) values (1187, 'Austin');
insert into city(region_id, name) values (1187, 'Bagley');
insert into city(region_id, name) values (1187, 'Belle Plaine');
insert into city(region_id, name) values (1187, 'Blooming Prairie');
insert into city(region_id, name) values (1187, 'Burnsville');
insert into city(region_id, name) values (1187, 'Champlin');
insert into city(region_id, name) values (1187, 'Chisago City');
insert into city(region_id, name) values (1187, 'Cotton');
insert into city(region_id, name) values (1187, 'Dayton');
insert into city(region_id, name) values (1187, 'Detroit Lakes');
insert into city(region_id, name) values (1187, 'Dover');
insert into city(region_id, name) values (1187, 'Duluth');
insert into city(region_id, name) values (1187, 'Eden Prairie');
insert into city(region_id, name) values (1187, 'Elk River');
insert into city(region_id, name) values (1187, 'Farmington');
insert into city(region_id, name) values (1187, 'Grand Rapids');
insert into city(region_id, name) values (1187, 'Hopkins');
insert into city(region_id, name) values (1187, 'Isanti');
insert into city(region_id, name) values (1187, 'Lake Elmo');
insert into city(region_id, name) values (1187, 'Lakeville');
insert into city(region_id, name) values (1187, 'Mankato');
insert into city(region_id, name) values (1187, 'Minneapolis');
insert into city(region_id, name) values (1187, 'Minnesota City');
insert into city(region_id, name) values (1187, 'Minnetonka');
insert into city(region_id, name) values (1187, 'Moorhead');
insert into city(region_id, name) values (1187, 'Morris');
insert into city(region_id, name) values (1187, 'Mound');
insert into city(region_id, name) values (1187, 'North Branch');
insert into city(region_id, name) values (1187, 'Prior Lake');
insert into city(region_id, name) values (1187, 'Rochester');
insert into city(region_id, name) values (1187, 'Rosemount');
insert into city(region_id, name) values (1187, 'Rothsay');
insert into city(region_id, name) values (1187, 'Saint Cloud');
insert into city(region_id, name) values (1187, 'Saint Paul');
insert into city(region_id, name) values (1187, 'Shakopee');
insert into city(region_id, name) values (1187, 'Wayzata');
insert into city(region_id, name) values (1248, 'Trnava');
insert into city(region_id, name) values (1256, 'Фритаун');
insert into region(id, country_id, name) values (1257, 178, 'Горно-Бадахшанская обл.');
insert into region(id, country_id, name) values (1258, 178, 'Кулябская обл.');
insert into region(id, country_id, name) values (1259, 178, 'Курган-Тюбинская обл.');
insert into region(id, country_id, name) values (1260, 178, 'Согдийская обл.');
insert into region(id, country_id, name) values (1261, 178, 'Таджикистан');
insert into city(region_id, name) values (718, 'Altissimo');
insert into city(region_id, name) values (718, 'Arzignano');
insert into city(region_id, name) values (718, 'Asiago');
insert into city(region_id, name) values (718, 'Bassano del Grappa');
insert into city(region_id, name) values (718, 'Breganze');
insert into city(region_id, name) values (718, 'Brendola');
insert into city(region_id, name) values (718, 'Montecchio Maggiore');
insert into city(region_id, name) values (718, 'Pianezze');
insert into city(region_id, name) values (718, 'Schio');
insert into city(region_id, name) values (718, 'Tezze sul Brenta');
insert into city(region_id, name) values (718, 'Thiene');
insert into city(region_id, name) values (718, 'Valdagno');
insert into city(region_id, name) values (718, 'Vicenza');
insert into city(region_id, name) values (1068, 'Ma‚kinia Gorna');
insert into city(region_id, name) values (1068, 'Przasnysz');
insert into city(region_id, name) values (1147, 'Baia Mare');
insert into city(region_id, name) values (1147, 'Baia Sprie');
insert into city(region_id, name) values (1147, 'Borsa');
insert into city(region_id, name) values (1147, 'Cavnic');
insert into city(region_id, name) values (1147, 'Seini');
insert into city(region_id, name) values (1147, 'Sighetu Marmatiei');
insert into city(region_id, name) values (1147, 'Targu Lapus');
insert into city(region_id, name) values (1147, 'Viseu de Sus');
insert into city(region_id, name) values (1188, 'Bay Springs');
insert into city(region_id, name) values (1188, 'Biloxi');
insert into city(region_id, name) values (1188, 'Cleveland');
insert into city(region_id, name) values (1188, 'Gulfport');
insert into city(region_id, name) values (1188, 'Itta Bena');
insert into city(region_id, name) values (1188, 'Jackson');
insert into city(region_id, name) values (1188, 'Lucedale');
insert into city(region_id, name) values (1188, 'Natchez');
insert into city(region_id, name) values (1188, 'Ocean Springs');
insert into city(region_id, name) values (1188, 'Oxford');
insert into city(region_id, name) values (1188, 'Pascagoula');
insert into city(region_id, name) values (1188, 'Southaven');
insert into city(region_id, name) values (1257, 'Ванч');
insert into city(region_id, name) values (1257, 'Вранг');
insert into city(region_id, name) values (1257, 'Ишкашим');
insert into city(region_id, name) values (1257, 'Кудара');
insert into city(region_id, name) values (1257, 'Мургаб');
insert into city(region_id, name) values (1257, 'Рушан');
insert into city(region_id, name) values (1257, 'Токтомуш');
insert into city(region_id, name) values (1257, 'Хорог');
insert into region(id, country_id, name) values (1262, 179, 'Тайвань');
insert into city(region_id, name) values (1069, 'Trzcianka');
insert into city(region_id, name) values (1148, 'Baia de Arama');
insert into city(region_id, name) values (1148, 'Drobeta-Turnu-Severin');
insert into city(region_id, name) values (1148, 'Orsova');
insert into city(region_id, name) values (1148, 'Strehaia');
insert into city(region_id, name) values (1148, 'Vanju Mare');
insert into city(region_id, name) values (1189, 'Arnold');
insert into city(region_id, name) values (1189, 'Belton');
insert into city(region_id, name) values (1189, 'Branson');
insert into city(region_id, name) values (1189, 'California');
insert into city(region_id, name) values (1189, 'Columbia');
insert into city(region_id, name) values (1189, 'Fulton');
insert into city(region_id, name) values (1189, 'High Ridge');
insert into city(region_id, name) values (1189, 'Jefferson City');
insert into city(region_id, name) values (1189, 'Kansas City');
insert into city(region_id, name) values (1189, 'Lake Saint Louis');
insert into city(region_id, name) values (1189, 'Lees Summit');
insert into city(region_id, name) values (1189, 'Moberly');
insert into city(region_id, name) values (1189, 'New Haven');
insert into city(region_id, name) values (1189, 'Pomona');
insert into city(region_id, name) values (1189, 'Raymore');
insert into city(region_id, name) values (1189, 'Saint Charles');
insert into city(region_id, name) values (1189, 'Saint Louis');
insert into city(region_id, name) values (1189, 'Sedalia');
insert into city(region_id, name) values (1189, 'Springfield');
insert into city(region_id, name) values (1189, 'St. Robert');
insert into city(region_id, name) values (1189, 'Sweet Springs');
insert into city(region_id, name) values (1189, 'West Plains');
insert into city(region_id, name) values (1258, 'Дангара');
insert into city(region_id, name) values (1258, 'Куляб');
insert into city(region_id, name) values (1258, 'Лениградский');
insert into city(region_id, name) values (1258, 'Пархар');
insert into city(region_id, name) values (1258, 'Советский');
insert into city(region_id, name) values (1258, 'Ховалинг');
insert into city(region_id, name) values (1262, 'Тайбэй');
insert into region(id, country_id, name) values (1263, 180, 'Сураттани');
insert into region(id, country_id, name) values (1264, 180, 'Тайланд');
insert into region(id, country_id, name) values (1265, 180, 'Чон Бури');
insert into city(region_id, name) values (1070, 'Piotrkw Trybunalski');
insert into city(region_id, name) values (1070, 'Sulejw');
insert into city(region_id, name) values (1070, 'Tomaszw Mazowiecki');
insert into city(region_id, name) values (1149, 'Iernut');
insert into city(region_id, name) values (1149, 'Ludus');
insert into city(region_id, name) values (1149, 'Reghin');
insert into city(region_id, name) values (1149, 'Sighisoara');
insert into city(region_id, name) values (1149, 'Sovata');
insert into city(region_id, name) values (1149, 'Targu Mures');
insert into city(region_id, name) values (1149, 'Tarnaveni');
insert into city(region_id, name) values (1190, 'Anaconda');
insert into city(region_id, name) values (1190, 'Angela');
insert into city(region_id, name) values (1190, 'Baker');
insert into city(region_id, name) values (1190, 'Belt');
insert into city(region_id, name) values (1190, 'Bigfork');
insert into city(region_id, name) values (1190, 'Billings');
insert into city(region_id, name) values (1190, 'Bozeman');
insert into city(region_id, name) values (1190, 'Broadview');
insert into city(region_id, name) values (1190, 'Florence');
insert into city(region_id, name) values (1190, 'Frenchtown');
insert into city(region_id, name) values (1190, 'Great Falls');
insert into city(region_id, name) values (1190, 'Helena');
insert into city(region_id, name) values (1190, 'Kalispell');
insert into city(region_id, name) values (1190, 'Libby');
insert into city(region_id, name) values (1190, 'Lincoln');
insert into city(region_id, name) values (1190, 'Missoula');
insert into city(region_id, name) values (1190, 'Polson');
insert into city(region_id, name) values (1190, 'Silver Star');
insert into city(region_id, name) values (1190, 'Sumatra');
insert into city(region_id, name) values (1259, 'Калининабад');
insert into city(region_id, name) values (1259, 'Колхозабад');
insert into city(region_id, name) values (1259, 'Куйбышевский');
insert into city(region_id, name) values (1259, 'Курган-Тюбе');
insert into city(region_id, name) values (1259, 'Нижний Пяндж');
insert into city(region_id, name) values (1259, 'Пяндж');
insert into city(region_id, name) values (1259, 'Шаартуз');
insert into city(region_id, name) values (1259, 'Яван');
insert into city(region_id, name) values (1263, 'Самуи');
insert into region(id, country_id, name) values (1266, 181, 'Танзания');
insert into city(region_id, name) values (1071, 'P‚ock');
insert into city(region_id, name) values (1071, 'Plotsk');
insert into city(region_id, name) values (1150, 'Bicaz');
insert into city(region_id, name) values (1150, 'Piatra Neamt');
insert into city(region_id, name) values (1150, 'Roman');
insert into city(region_id, name) values (1150, 'Targu Neam');
insert into city(region_id, name) values (1191, 'Ansley');
insert into city(region_id, name) values (1191, 'Lincoln');
insert into city(region_id, name) values (1191, 'Omaha');
insert into city(region_id, name) values (1191, 'Saint Edward');
insert into city(region_id, name) values (1260, 'Адрасман');
insert into city(region_id, name) values (1260, 'Айни');
insert into city(region_id, name) values (1260, 'Ашт');
insert into city(region_id, name) values (1260, 'Бустон');
insert into city(region_id, name) values (1260, 'Ганчи');
insert into city(region_id, name) values (1260, 'Гафуров');
insert into city(region_id, name) values (1260, 'Зафарабад');
insert into city(region_id, name) values (1260, 'Зеравшан');
insert into city(region_id, name) values (1260, 'Истаравшан (Ура-Тюбе)');
insert into city(region_id, name) values (1260, 'Исфара');
insert into city(region_id, name) values (1260, 'Кайракуум');
insert into city(region_id, name) values (1260, 'Канибадам');
insert into city(region_id, name) values (1260, 'Кансай');
insert into city(region_id, name) values (1260, 'Нау');
insert into city(region_id, name) values (1260, 'Пенджикент');
insert into city(region_id, name) values (1260, 'Пролетарск');
insert into city(region_id, name) values (1260, 'Табошар');
insert into city(region_id, name) values (1260, 'Худжанд');
insert into city(region_id, name) values (1260, 'Чкаловск');
insert into city(region_id, name) values (1260, 'Шураб');
insert into city(region_id, name) values (1264, 'Бангкок');
insert into city(region_id, name) values (1266, 'Дар-эс-Салам');
insert into city(region_id, name) values (1266, 'Додома');
insert into city(region_id, name) values (1266, 'Занзибар');
insert into city(region_id, name) values (1266, 'Мванза');
insert into region(id, country_id, name) values (1267, 182, 'Того');
insert into city(region_id, name) values (1072, 'Reichshof');
insert into city(region_id, name) values (1072, 'Rzeszw');
insert into city(region_id, name) values (1072, 'Zheshev');
insert into city(region_id, name) values (1072, 'Zheshuv');
insert into city(region_id, name) values (1151, 'Bals');
insert into city(region_id, name) values (1151, 'Corabia');
insert into city(region_id, name) values (1151, 'Draganesti-Olt');
insert into city(region_id, name) values (1151, 'Piatra Olt');
insert into city(region_id, name) values (1151, 'Scornicesti');
insert into city(region_id, name) values (1151, 'Slatina');
insert into city(region_id, name) values (1192, 'Alamo');
insert into city(region_id, name) values (1192, 'Gardnerville Ranchos');
insert into city(region_id, name) values (1192, 'Henderson');
insert into city(region_id, name) values (1192, 'Las Vegas');
insert into city(region_id, name) values (1192, 'Manhattan');
insert into city(region_id, name) values (1192, 'Nixon');
insert into city(region_id, name) values (1192, 'Reno');
insert into city(region_id, name) values (1192, 'Sun Valley');
insert into city(region_id, name) values (1192, 'West Wendover');
insert into city(region_id, name) values (1261, 'Варзоб');
insert into city(region_id, name) values (1261, 'Вахш');
insert into city(region_id, name) values (1261, 'Гарм');
insert into city(region_id, name) values (1261, 'Гиссар');
insert into city(region_id, name) values (1261, 'Джиргаталь');
insert into city(region_id, name) values (1261, 'Дусти');
insert into city(region_id, name) values (1261, 'Душанбе');
insert into city(region_id, name) values (1261, 'Кофарнихон');
insert into city(region_id, name) values (1261, 'Куйбышевск');
insert into city(region_id, name) values (1261, 'Ленинский');
insert into city(region_id, name) values (1261, 'Московский');
insert into city(region_id, name) values (1261, 'Насруд');
insert into city(region_id, name) values (1261, 'Нурек');
insert into city(region_id, name) values (1261, 'Орджоникидзеабад');
insert into city(region_id, name) values (1261, 'Турсунзаде');
insert into city(region_id, name) values (1261, 'Файзабад');
insert into city(region_id, name) values (1265, 'Паттая');
insert into city(region_id, name) values (1267, 'Ломе');
insert into region(id, country_id, name) values (1268, 183, 'Факаофо');
insert into city(region_id, name) values (1073, 'Danzig');
insert into city(region_id, name) values (1073, 'Gdansk');
insert into city(region_id, name) values (1152, 'Azuga');
insert into city(region_id, name) values (1152, 'Baicoi');
insert into city(region_id, name) values (1152, 'Boldesti-Scaeni');
insert into city(region_id, name) values (1152, 'Breaza');
insert into city(region_id, name) values (1152, 'Busteni');
insert into city(region_id, name) values (1152, 'Campina');
insert into city(region_id, name) values (1152, 'Comarnic');
insert into city(region_id, name) values (1152, 'Mizil');
insert into city(region_id, name) values (1152, 'Ploiesti');
insert into city(region_id, name) values (1152, 'Plopeni');
insert into city(region_id, name) values (1152, 'Sinaia');
insert into city(region_id, name) values (1152, 'Slanic');
insert into city(region_id, name) values (1152, 'Urlai');
insert into city(region_id, name) values (1152, 'Valenii de Munte');
insert into city(region_id, name) values (1193, 'Amherst');
insert into city(region_id, name) values (1193, 'Concord');
insert into city(region_id, name) values (1193, 'Contoocook');
insert into city(region_id, name) values (1193, 'Derry');
insert into city(region_id, name) values (1193, 'Durham');
insert into city(region_id, name) values (1193, 'East Derry');
insert into city(region_id, name) values (1193, 'Exeter');
insert into city(region_id, name) values (1193, 'Hampton');
insert into city(region_id, name) values (1193, 'Laconia');
insert into city(region_id, name) values (1193, 'Manchester');
insert into city(region_id, name) values (1193, 'Merrimack');
insert into city(region_id, name) values (1193, 'Nashua');
insert into city(region_id, name) values (1193, 'Newport');
insert into city(region_id, name) values (1193, 'Portsmouth');
insert into city(region_id, name) values (1193, 'Rye');
insert into city(region_id, name) values (1193, 'Salem');
insert into city(region_id, name) values (1193, 'West Lebanon');
insert into city(region_id, name) values (1193, 'Wolfeboro');
insert into city(region_id, name) values (1268, 'Факаофо');
insert into region(id, country_id, name) values (1269, 184, 'Тонга');
insert into city(region_id, name) values (1074, 'Annopole');
insert into city(region_id, name) values (1074, 'Dabrowka Lesna');
insert into city(region_id, name) values (1074, 'Gniezno');
insert into city(region_id, name) values (1074, 'Oborniki');
insert into city(region_id, name) values (1074, 'Stare Miasto');
insert into city(region_id, name) values (1074, 'Strzeszyn');
insert into city(region_id, name) values (1074, 'Zielona Gra');
insert into city(region_id, name) values (1153, 'Cehu Silvaniei');
insert into city(region_id, name) values (1153, 'Jibou');
insert into city(region_id, name) values (1153, 'Simleu Silvaniei');
insert into city(region_id, name) values (1153, 'Zalau');
insert into city(region_id, name) values (1194, 'Absecon');
insert into city(region_id, name) values (1194, 'Allentown');
insert into city(region_id, name) values (1194, 'Alpine');
insert into city(region_id, name) values (1194, 'Asbury');
insert into city(region_id, name) values (1194, 'Asbury Park');
insert into city(region_id, name) values (1194, 'Atlantic City');
insert into city(region_id, name) values (1194, 'Atlantic Highlands');
insert into city(region_id, name) values (1194, 'Avalon');
insert into city(region_id, name) values (1194, 'Avenel');
insert into city(region_id, name) values (1194, 'Basking Ridge');
insert into city(region_id, name) values (1194, 'Bayonne');
insert into city(region_id, name) values (1194, 'Beach Haven');
insert into city(region_id, name) values (1194, 'Bedminster');
insert into city(region_id, name) values (1194, 'Belle Mead');
insert into city(region_id, name) values (1194, 'Belmar');
insert into city(region_id, name) values (1194, 'Berlin');
insert into city(region_id, name) values (1194, 'Bernards');
insert into city(region_id, name) values (1194, 'Bloomfield');
insert into city(region_id, name) values (1194, 'Bloomingdale');
insert into city(region_id, name) values (1194, 'Bogota');
insert into city(region_id, name) values (1194, 'Bordentown');
insert into city(region_id, name) values (1194, 'Brick');
insert into city(region_id, name) values (1194, 'Bridgewater');
insert into city(region_id, name) values (1194, 'Budd Lake');
insert into city(region_id, name) values (1194, 'Burlington');
insert into city(region_id, name) values (1194, 'Cape May');
insert into city(region_id, name) values (1194, 'Cape May Point');
insert into city(region_id, name) values (1194, 'Carteret');
insert into city(region_id, name) values (1194, 'Cherry Hill');
insert into city(region_id, name) values (1194, 'Clark');
insert into city(region_id, name) values (1194, 'Clementon');
insert into city(region_id, name) values (1194, 'Cliffside Park');
insert into city(region_id, name) values (1194, 'Clifton');
insert into city(region_id, name) values (1194, 'Clinton');
insert into city(region_id, name) values (1194, 'Closter');
insert into city(region_id, name) values (1194, 'Columbia');
insert into city(region_id, name) values (1194, 'Columbus');
insert into city(region_id, name) values (1194, 'Cranbury');
insert into city(region_id, name) values (1194, 'Cresskill');
insert into city(region_id, name) values (1194, 'Deal');
insert into city(region_id, name) values (1194, 'Delaware');
insert into city(region_id, name) values (1194, 'Denville');
insert into city(region_id, name) values (1194, 'Dover');
insert into city(region_id, name) values (1194, 'Dumont');
insert into city(region_id, name) values (1194, 'East Brunswick');
insert into city(region_id, name) values (1194, 'East Hanover');
insert into city(region_id, name) values (1194, 'East Orange');
insert into city(region_id, name) values (1194, 'Eatontown');
insert into city(region_id, name) values (1194, 'Edgewater');
insert into city(region_id, name) values (1194, 'Edison');
insert into city(region_id, name) values (1194, 'Elizabeth');
insert into city(region_id, name) values (1194, 'Elmwood Park');
insert into city(region_id, name) values (1194, 'Englewood');
insert into city(region_id, name) values (1194, 'Englishtown');
insert into city(region_id, name) values (1194, 'Essex Fells');
insert into city(region_id, name) values (1194, 'Fair Lawn');
insert into city(region_id, name) values (1194, 'Flemington');
insert into city(region_id, name) values (1194, 'Florham Park');
insert into city(region_id, name) values (1194, 'Fort Lee');
insert into city(region_id, name) values (1194, 'Franklin Park');
insert into city(region_id, name) values (1194, 'Freehold');
insert into city(region_id, name) values (1194, 'Garfield');
insert into city(region_id, name) values (1194, 'Glen Ridge');
insert into city(region_id, name) values (1194, 'Hackensack');
insert into city(region_id, name) values (1194, 'Hackettstown');
insert into city(region_id, name) values (1194, 'Hampton');
insert into city(region_id, name) values (1194, 'Harrison');
insert into city(region_id, name) values (1194, 'Hawthorne');
insert into city(region_id, name) values (1194, 'Hazlet');
insert into city(region_id, name) values (1194, 'Highland Park');
insert into city(region_id, name) values (1194, 'Hillsdale');
insert into city(region_id, name) values (1194, 'Hoboken');
insert into city(region_id, name) values (1194, 'Holmdel');
insert into city(region_id, name) values (1194, 'Hopewell');
insert into city(region_id, name) values (1194, 'Howell');
insert into city(region_id, name) values (1194, 'Jackson');
insert into city(region_id, name) values (1194, 'Jamesburg');
insert into city(region_id, name) values (1194, 'Jersey City');
insert into city(region_id, name) values (1194, 'Kearny');
insert into city(region_id, name) values (1194, 'Keasbey');
insert into city(region_id, name) values (1194, 'Kenilworth');
insert into city(region_id, name) values (1194, 'Lakehurst');
insert into city(region_id, name) values (1194, 'Lakewood');
insert into city(region_id, name) values (1194, 'Lincoln Park');
insert into city(region_id, name) values (1194, 'Linden');
insert into city(region_id, name) values (1194, 'Little Falls');
insert into city(region_id, name) values (1194, 'Long Branch');
insert into city(region_id, name) values (1194, 'Madison');
insert into city(region_id, name) values (1194, 'Mahwah');
insert into city(region_id, name) values (1194, 'Manville');
insert into city(region_id, name) values (1194, 'Maplewood');
insert into city(region_id, name) values (1194, 'Margate City');
insert into city(region_id, name) values (1194, 'Marlboro');
insert into city(region_id, name) values (1194, 'Marlton');
insert into city(region_id, name) values (1194, 'Matawan');
insert into city(region_id, name) values (1194, 'Middletown');
insert into city(region_id, name) values (1194, 'Millburn');
insert into city(region_id, name) values (1194, 'Monmouth Junction');
insert into city(region_id, name) values (1194, 'Montclair');
insert into city(region_id, name) values (1194, 'Montvale');
insert into city(region_id, name) values (1194, 'Montville');
insert into city(region_id, name) values (1194, 'Morganville');
insert into city(region_id, name) values (1194, 'Morris Plains');
insert into city(region_id, name) values (1194, 'Morristown');
insert into city(region_id, name) values (1194, 'Mount Arlington');
insert into city(region_id, name) values (1194, 'Mount Laurel');
insert into city(region_id, name) values (1194, 'Navesink');
insert into city(region_id, name) values (1194, 'Neptune');
insert into city(region_id, name) values (1194, 'New Brunswick');
insert into city(region_id, name) values (1194, 'New Egypt');
insert into city(region_id, name) values (1194, 'New York');
insert into city(region_id, name) values (1194, 'Newark');
insert into city(region_id, name) values (1194, 'Norma');
insert into city(region_id, name) values (1194, 'North Arlington');
insert into city(region_id, name) values (1194, 'North Bergen');
insert into city(region_id, name) values (1194, 'North Brunswick');
insert into city(region_id, name) values (1194, 'Nutley');
insert into city(region_id, name) values (1194, 'Oakhurst');
insert into city(region_id, name) values (1194, 'Ocean City');
insert into city(region_id, name) values (1194, 'Old Bridge');
insert into city(region_id, name) values (1194, 'Oradell');
insert into city(region_id, name) values (1194, 'Orange');
insert into city(region_id, name) values (1194, 'Palisades Park');
insert into city(region_id, name) values (1194, 'Paramus');
insert into city(region_id, name) values (1194, 'Parlin');
insert into city(region_id, name) values (1194, 'Parsippany');
insert into city(region_id, name) values (1194, 'Passaic');
insert into city(region_id, name) values (1194, 'Paterson');
insert into city(region_id, name) values (1194, 'Paulsboro');
insert into city(region_id, name) values (1194, 'Perth Amboy');
insert into city(region_id, name) values (1194, 'Phillipsburg');
insert into city(region_id, name) values (1194, 'Piscataway');
insert into city(region_id, name) values (1194, 'Plainfield');
insert into city(region_id, name) values (1194, 'Plainsboro');
insert into city(region_id, name) values (1194, 'Pomona');
insert into city(region_id, name) values (1194, 'Princeton');
insert into city(region_id, name) values (1194, 'Randolph');
insert into city(region_id, name) values (1194, 'Red Bank');
insert into city(region_id, name) values (1194, 'Ridgewood');
insert into city(region_id, name) values (1194, 'River Edge');
insert into city(region_id, name) values (1194, 'Rockaway');
insert into city(region_id, name) values (1194, 'Runnemede');
insert into city(region_id, name) values (1194, 'Rutherford');
insert into city(region_id, name) values (1194, 'Saddle Brook');
insert into city(region_id, name) values (1194, 'Saddle River');
insert into city(region_id, name) values (1194, 'Sayreville');
insert into city(region_id, name) values (1194, 'Scotch Plains');
insert into city(region_id, name) values (1194, 'Sea Girt');
insert into city(region_id, name) values (1194, 'Seaside Heights');
insert into city(region_id, name) values (1194, 'Short Hills');
insert into city(region_id, name) values (1194, 'Somerset');
insert into city(region_id, name) values (1194, 'Somerville');
insert into city(region_id, name) values (1194, 'South Amboy');
insert into city(region_id, name) values (1194, 'South Orange');
insert into city(region_id, name) values (1194, 'South River');
insert into city(region_id, name) values (1194, 'Spring Lake');
insert into city(region_id, name) values (1194, 'Springfield');
insert into city(region_id, name) values (1194, 'Stirling');
insert into city(region_id, name) values (1194, 'Stockton');
insert into city(region_id, name) values (1194, 'Stone Harbor');
insert into city(region_id, name) values (1194, 'Summit');
insert into city(region_id, name) values (1194, 'Sussex');
insert into city(region_id, name) values (1194, 'Teaneck');
insert into city(region_id, name) values (1194, 'Toms River');
insert into city(region_id, name) values (1194, 'Trenton');
insert into city(region_id, name) values (1194, 'Union');
insert into city(region_id, name) values (1194, 'Union City');
insert into city(region_id, name) values (1194, 'Ventnor City');
insert into city(region_id, name) values (1194, 'Vernon');
insert into city(region_id, name) values (1194, 'Vineland');
insert into city(region_id, name) values (1194, 'Wallington');
insert into city(region_id, name) values (1194, 'Washington');
insert into city(region_id, name) values (1194, 'Wayne');
insert into city(region_id, name) values (1194, 'West New York');
insert into city(region_id, name) values (1194, 'West Orange');
insert into city(region_id, name) values (1194, 'West Paterson');
insert into city(region_id, name) values (1194, 'Westfield');
insert into city(region_id, name) values (1194, 'Westwood');
insert into city(region_id, name) values (1194, 'Wharton');
insert into city(region_id, name) values (1194, 'Wildwood');
insert into city(region_id, name) values (1194, 'Woodbridge');
insert into city(region_id, name) values (1194, 'Woodcliff Lake');
insert into city(region_id, name) values (1269, 'Нукуалофа');
insert into region(id, country_id, name) values (1270, 185, 'Порт-оф-Спейн');
insert into city(region_id, name) values (1075, 'Grki');
insert into city(region_id, name) values (1075, 'Jaroslau');
insert into city(region_id, name) values (1075, 'Przemysl');
insert into city(region_id, name) values (1154, 'Carei');
insert into city(region_id, name) values (1154, 'Negresti-Oas');
insert into city(region_id, name) values (1154, 'Satu Mare');
insert into city(region_id, name) values (1154, 'Tasnad');
insert into city(region_id, name) values (1195, 'Alamogordo');
insert into city(region_id, name) values (1195, 'Albuquerque');
insert into city(region_id, name) values (1195, 'Angel Fire');
insert into city(region_id, name) values (1195, 'Aragon');
insert into city(region_id, name) values (1195, 'Cleveland');
insert into city(region_id, name) values (1195, 'Cuba');
insert into city(region_id, name) values (1195, 'Las Cruces');
insert into city(region_id, name) values (1195, 'Las Vegas');
insert into city(region_id, name) values (1195, 'Miami');
insert into city(region_id, name) values (1195, 'Newkirk');
insert into city(region_id, name) values (1195, 'Portales');
insert into city(region_id, name) values (1195, 'Roswell');
insert into city(region_id, name) values (1195, 'Santa Fe');
insert into city(region_id, name) values (1270, 'Порт-оф-Спейн');
insert into region(id, country_id, name) values (1271, 186, 'Тувалу');
insert into city(region_id, name) values (1076, 'Radom');
insert into city(region_id, name) values (1155, 'Agnita');
insert into city(region_id, name) values (1155, 'Avrig');
insert into city(region_id, name) values (1155, 'Cisnadie');
insert into city(region_id, name) values (1155, 'Copsa Mica');
insert into city(region_id, name) values (1155, 'Dumbraveni');
insert into city(region_id, name) values (1155, 'Medias');
insert into city(region_id, name) values (1155, 'Ocna Sibiului');
insert into city(region_id, name) values (1155, 'Sibiu');
insert into city(region_id, name) values (1155, 'Talmaciu');
insert into city(region_id, name) values (1196, 'Accord');
insert into city(region_id, name) values (1196, 'Acra');
insert into city(region_id, name) values (1196, 'Adams');
insert into city(region_id, name) values (1196, 'Adams Basin');
insert into city(region_id, name) values (1196, 'Adams Center');
insert into city(region_id, name) values (1196, 'Addison');
insert into city(region_id, name) values (1196, 'Adirondack');
insert into city(region_id, name) values (1196, 'Afton');
insert into city(region_id, name) values (1196, 'Alabama');
insert into city(region_id, name) values (1196, 'Albany');
insert into city(region_id, name) values (1196, 'Albion');
insert into city(region_id, name) values (1196, 'Alden');
insert into city(region_id, name) values (1196, 'Alexander');
insert into city(region_id, name) values (1196, 'Alexandria Bay');
insert into city(region_id, name) values (1196, 'Alfred');
insert into city(region_id, name) values (1196, 'Alpine');
insert into city(region_id, name) values (1196, 'Altamont');
insert into city(region_id, name) values (1196, 'Amsterdam');
insert into city(region_id, name) values (1196, 'Angelica');
insert into city(region_id, name) values (1196, 'Ardsley');
insert into city(region_id, name) values (1196, 'Ardsley On Hudson');
insert into city(region_id, name) values (1196, 'Armonk');
insert into city(region_id, name) values (1196, 'Astoria');
insert into city(region_id, name) values (1196, 'Athol');
insert into city(region_id, name) values (1196, 'Atlanta');
insert into city(region_id, name) values (1196, 'Atlantic Beach');
insert into city(region_id, name) values (1196, 'Babylon');
insert into city(region_id, name) values (1196, 'Barneveld');
insert into city(region_id, name) values (1196, 'Barton');
insert into city(region_id, name) values (1196, 'Basom');
insert into city(region_id, name) values (1196, 'Bellerose');
insert into city(region_id, name) values (1196, 'Black River');
insert into city(region_id, name) values (1196, 'Bolton Landing');
insert into city(region_id, name) values (1196, 'Boston');
insert into city(region_id, name) values (1196, 'Bradford');
insert into city(region_id, name) values (1196, 'Brasher Falls');
insert into city(region_id, name) values (1196, 'Breezy Point');
insert into city(region_id, name) values (1196, 'Bronx');
insert into city(region_id, name) values (1196, 'Brooklyn');
insert into city(region_id, name) values (1196, 'Buffalo');
insert into city(region_id, name) values (1196, 'Byron');
insert into city(region_id, name) values (1196, 'Cambridge');
insert into city(region_id, name) values (1196, 'Cameron');
insert into city(region_id, name) values (1196, 'Carthage');
insert into city(region_id, name) values (1196, 'Ceres');
insert into city(region_id, name) values (1196, 'Chelsea');
insert into city(region_id, name) values (1196, 'Cleveland');
insert into city(region_id, name) values (1196, 'Clifton Park');
insert into city(region_id, name) values (1196, 'Climax');
insert into city(region_id, name) values (1196, 'Colden');
insert into city(region_id, name) values (1196, 'College Point');
insert into city(region_id, name) values (1196, 'Conklin');
insert into city(region_id, name) values (1196, 'Copiague');
insert into city(region_id, name) values (1196, 'Corona');
insert into city(region_id, name) values (1196, 'Denver');
insert into city(region_id, name) values (1196, 'Dexter');
insert into city(region_id, name) values (1196, 'East Hampton');
insert into city(region_id, name) values (1196, 'East Northport');
insert into city(region_id, name) values (1196, 'Ellenburg');
insert into city(region_id, name) values (1196, 'Elmhurst');
insert into city(region_id, name) values (1196, 'Far Rockaway');
insert into city(region_id, name) values (1196, 'Florida');
insert into city(region_id, name) values (1196, 'Flushing');
insert into city(region_id, name) values (1196, 'Forest Hills');
insert into city(region_id, name) values (1196, 'Fresh Meadows');
insert into city(region_id, name) values (1196, 'Garden City');
insert into city(region_id, name) values (1196, 'Ghent');
insert into city(region_id, name) values (1196, 'Hampton');
insert into city(region_id, name) values (1196, 'Hauppauge');
insert into city(region_id, name) values (1196, 'Hempstead');
insert into city(region_id, name) values (1196, 'Hicksville');
insert into city(region_id, name) values (1196, 'Hortonville');
insert into city(region_id, name) values (1196, 'Huntington');
insert into city(region_id, name) values (1196, 'Hyde Park');
insert into city(region_id, name) values (1196, 'Ithaca');
insert into city(region_id, name) values (1196, 'Jacksonville');
insert into city(region_id, name) values (1196, 'Jamaica');
insert into city(region_id, name) values (1196, 'Kendall');
insert into city(region_id, name) values (1196, 'Kew Gardens');
insert into city(region_id, name) values (1196, 'Kingston');
insert into city(region_id, name) values (1196, 'Lake Placid');
insert into city(region_id, name) values (1196, 'Laurens');
insert into city(region_id, name) values (1196, 'Long Beach');
insert into city(region_id, name) values (1196, 'Long Island City');
insert into city(region_id, name) values (1196, 'Macedon');
insert into city(region_id, name) values (1196, 'Mahopac');
insert into city(region_id, name) values (1196, 'Malden On Hudson');
insert into city(region_id, name) values (1196, 'Manchester');
insert into city(region_id, name) values (1196, 'Manhasset');
insert into city(region_id, name) values (1196, 'Marathon');
insert into city(region_id, name) values (1196, 'Marlboro');
insert into city(region_id, name) values (1196, 'Massapequa');
insert into city(region_id, name) values (1196, 'Massapequa Park');
insert into city(region_id, name) values (1196, 'Mastic Beach');
insert into city(region_id, name) values (1196, 'Middletown');
insert into city(region_id, name) values (1196, 'Miller Place');
insert into city(region_id, name) values (1196, 'Modena');
insert into city(region_id, name) values (1196, 'Monsey');
insert into city(region_id, name) values (1196, 'Moriah Center');
insert into city(region_id, name) values (1196, 'Mount Kisco');
insert into city(region_id, name) values (1196, 'Mount Vernon');
insert into city(region_id, name) values (1196, 'Nanuet');
insert into city(region_id, name) values (1196, 'Natural Bridge');
insert into city(region_id, name) values (1196, 'New Baltimore');
insert into city(region_id, name) values (1196, 'New City');
insert into city(region_id, name) values (1196, 'New Hampton');
insert into city(region_id, name) values (1196, 'New Hartford');
insert into city(region_id, name) values (1196, 'New Paltz');
insert into city(region_id, name) values (1196, 'New Rochelle');
insert into city(region_id, name) values (1196, 'New Russia');
insert into city(region_id, name) values (1196, 'New Windsor');
insert into city(region_id, name) values (1196, 'New York');
insert into city(region_id, name) values (1196, 'New York Mills');
insert into city(region_id, name) values (1196, 'Newark');
insert into city(region_id, name) values (1196, 'Newburgh');
insert into city(region_id, name) values (1196, 'Oceanside');
insert into city(region_id, name) values (1196, 'Odessa');
insert into city(region_id, name) values (1196, 'Oriskany');
insert into city(region_id, name) values (1196, 'Ossining');
insert into city(region_id, name) values (1196, 'Oxford');
insert into city(region_id, name) values (1196, 'Oyster Bay');
insert into city(region_id, name) values (1196, 'Patchogue');
insert into city(region_id, name) values (1196, 'Philadelphia');
insert into city(region_id, name) values (1196, 'Phoenicia');
insert into city(region_id, name) values (1196, 'Plattsburgh');
insert into city(region_id, name) values (1196, 'Port Washington');
insert into city(region_id, name) values (1196, 'Potsdam');
insert into city(region_id, name) values (1196, 'Queens Village');
insert into city(region_id, name) values (1196, 'Rego Park');
insert into city(region_id, name) values (1196, 'Richmond Hill');
insert into city(region_id, name) values (1196, 'Ridgewood');
insert into city(region_id, name) values (1196, 'Riverhead');
insert into city(region_id, name) values (1196, 'Rochester');
insert into city(region_id, name) values (1196, 'Rome');
insert into city(region_id, name) values (1196, 'Russell');
insert into city(region_id, name) values (1196, 'Sardinia');
insert into city(region_id, name) values (1196, 'Scarsdale');
insert into city(region_id, name) values (1196, 'Schenectady');
insert into city(region_id, name) values (1196, 'Sidney');
insert into city(region_id, name) values (1196, 'Sound Beach');
insert into city(region_id, name) values (1196, 'Southampton');
insert into city(region_id, name) values (1196, 'Spring Valley');
insert into city(region_id, name) values (1196, 'Stony Brook');
insert into city(region_id, name) values (1196, 'Sunnyside');
insert into city(region_id, name) values (1196, 'Syosset');
insert into city(region_id, name) values (1196, 'Syracuse');
insert into city(region_id, name) values (1196, 'Taberg');
insert into city(region_id, name) values (1196, 'Utica');
insert into city(region_id, name) values (1196, 'Valley Stream');
insert into city(region_id, name) values (1196, 'Wappingers Falls');
insert into city(region_id, name) values (1196, 'Wellsburg');
insert into city(region_id, name) values (1196, 'West Nyack');
insert into city(region_id, name) values (1196, 'West Park');
insert into city(region_id, name) values (1196, 'Westbury');
insert into city(region_id, name) values (1196, 'Westford');
insert into city(region_id, name) values (1196, 'Westport');
insert into city(region_id, name) values (1196, 'White Plains');
insert into city(region_id, name) values (1196, 'Wolcott');
insert into city(region_id, name) values (1196, 'Yonkers');
insert into city(region_id, name) values (1196, 'York');
insert into city(region_id, name) values (1196, 'Yorktown Heights');
insert into city(region_id, name) values (1271, 'Фунафути');
insert into region(id, country_id, name) values (1272, 187, 'Tunisia');
insert into city(region_id, name) values (1077, 'Baranwka');
insert into city(region_id, name) values (1077, 'Kielnarowa');
insert into city(region_id, name) values (1077, 'Kolbuszowa');
insert into city(region_id, name) values (1077, 'Mielec');
insert into city(region_id, name) values (1077, 'Ropczyce');
insert into city(region_id, name) values (1077, 'Sieklwka');
insert into city(region_id, name) values (1077, 'Tyczyn');
insert into city(region_id, name) values (1156, 'Campulung Moldovenesc');
insert into city(region_id, name) values (1156, 'Falticeni');
insert into city(region_id, name) values (1156, 'Gura Humorului');
insert into city(region_id, name) values (1156, 'Radauti');
insert into city(region_id, name) values (1156, 'Siret');
insert into city(region_id, name) values (1156, 'Solca');
insert into city(region_id, name) values (1156, 'Suceava');
insert into city(region_id, name) values (1156, 'Vatra Dornei');
insert into city(region_id, name) values (1197, 'Aberdeen');
insert into city(region_id, name) values (1197, 'Apex');
insert into city(region_id, name) values (1197, 'Asheville');
insert into city(region_id, name) values (1197, 'Brevard');
insert into city(region_id, name) values (1197, 'Candler');
insert into city(region_id, name) values (1197, 'Carolina Beach');
insert into city(region_id, name) values (1197, 'Cary');
insert into city(region_id, name) values (1197, 'Cashiers');
insert into city(region_id, name) values (1197, 'Chapel Hill');
insert into city(region_id, name) values (1197, 'Charlotte');
insert into city(region_id, name) values (1197, 'Deep Gap');
insert into city(region_id, name) values (1197, 'Durham');
insert into city(region_id, name) values (1197, 'Eden');
insert into city(region_id, name) values (1197, 'Elizabeth City');
insert into city(region_id, name) values (1197, 'Fayetteville');
insert into city(region_id, name) values (1197, 'Fort Bragg');
insert into city(region_id, name) values (1197, 'Fuquay Varina');
insert into city(region_id, name) values (1197, 'Gastonia');
insert into city(region_id, name) values (1197, 'Graham');
insert into city(region_id, name) values (1197, 'Greensboro');
insert into city(region_id, name) values (1197, 'Greenville');
insert into city(region_id, name) values (1197, 'Grifton');
insert into city(region_id, name) values (1197, 'Hendersonville');
insert into city(region_id, name) values (1197, 'Indian Trail');
insert into city(region_id, name) values (1197, 'Jacksonville');
insert into city(region_id, name) values (1197, 'Kernersville');
insert into city(region_id, name) values (1197, 'Kill Devil Hills');
insert into city(region_id, name) values (1197, 'Kitty Hawk');
insert into city(region_id, name) values (1197, 'Matthews');
insert into city(region_id, name) values (1197, 'Minneapolis');
insert into city(region_id, name) values (1197, 'Morrisville');
insert into city(region_id, name) values (1197, 'Mount Olive');
insert into city(region_id, name) values (1197, 'Moyock');
insert into city(region_id, name) values (1197, 'New Bern');
insert into city(region_id, name) values (1197, 'Raeford');
insert into city(region_id, name) values (1197, 'Raleigh');
insert into city(region_id, name) values (1197, 'Shelby');
insert into city(region_id, name) values (1197, 'Wake Forest');
insert into city(region_id, name) values (1197, 'Wilmington');
insert into city(region_id, name) values (1197, 'Winston Salem');
insert into city(region_id, name) values (1197, 'Woodleaf');
insert into city(region_id, name) values (1197, 'Wrightsville Beach');
insert into city(region_id, name) values (1272, 'Nabeul');
insert into region(id, country_id, name) values (1273, 188, 'Ашхабадская обл.');
insert into region(id, country_id, name) values (1274, 188, 'Красноводская обл.');
insert into region(id, country_id, name) values (1275, 188, 'Марыйская обл.');
insert into region(id, country_id, name) values (1276, 188, 'Ташаузская обл.');
insert into region(id, country_id, name) values (1277, 188, 'Чарджоуская обл.');
insert into city(region_id, name) values (1078, 'Siedlce');
insert into city(region_id, name) values (1078, 'Zembrw');
insert into city(region_id, name) values (1157, 'Alexandria');
insert into city(region_id, name) values (1157, 'Rosiori de Vede');
insert into city(region_id, name) values (1157, 'Turnu Magurele');
insert into city(region_id, name) values (1157, 'Videle');
insert into city(region_id, name) values (1157, 'Zimnicea');
insert into city(region_id, name) values (1198, 'Bismarck');
insert into city(region_id, name) values (1198, 'Fargo');
insert into city(region_id, name) values (1273, 'Ашхабад');
insert into city(region_id, name) values (1273, 'Бахарден');
insert into city(region_id, name) values (1273, 'Безмеин');
insert into city(region_id, name) values (1273, 'Геок-Тепе');
insert into city(region_id, name) values (1273, 'Дарваза');
insert into city(region_id, name) values (1273, 'Каахка');
insert into city(region_id, name) values (1273, 'Кировск');
insert into city(region_id, name) values (1273, 'Серахс');
insert into city(region_id, name) values (1273, 'Теджен');
insert into region(id, country_id, name) values (1278, 189, 'Grand Turk');
insert into city(region_id, name) values (1079, 'Seradz');
insert into city(region_id, name) values (1079, 'Sieradz');
insert into city(region_id, name) values (1079, 'Zdunska Wola');
insert into city(region_id, name) values (1158, 'Buzias');
insert into city(region_id, name) values (1158, 'Deta');
insert into city(region_id, name) values (1158, 'Faget');
insert into city(region_id, name) values (1158, 'Jimbolia');
insert into city(region_id, name) values (1158, 'Lugoj');
insert into city(region_id, name) values (1158, 'Sannicolau Mare');
insert into city(region_id, name) values (1158, 'Timisoara');
insert into city(region_id, name) values (1199, 'Akron');
insert into city(region_id, name) values (1199, 'Alliance');
insert into city(region_id, name) values (1199, 'Alpha');
insert into city(region_id, name) values (1199, 'Ansonia');
insert into city(region_id, name) values (1199, 'Arcadia');
insert into city(region_id, name) values (1199, 'Athens');
insert into city(region_id, name) values (1199, 'Aurora');
insert into city(region_id, name) values (1199, 'Beachwood');
insert into city(region_id, name) values (1199, 'Bedford');
insert into city(region_id, name) values (1199, 'Canton');
insert into city(region_id, name) values (1199, 'Cherry Fork');
insert into city(region_id, name) values (1199, 'Chesterland');
insert into city(region_id, name) values (1199, 'Cincinnati');
insert into city(region_id, name) values (1199, 'Cleveland');
insert into city(region_id, name) values (1199, 'Columbus');
insert into city(region_id, name) values (1199, 'Dayton');
insert into city(region_id, name) values (1199, 'Hartville');
insert into city(region_id, name) values (1199, 'Hudson');
insert into city(region_id, name) values (1199, 'Huron');
insert into city(region_id, name) values (1199, 'Kent');
insert into city(region_id, name) values (1199, 'Lebanon');
insert into city(region_id, name) values (1199, 'Lockbourne');
insert into city(region_id, name) values (1199, 'Loveland');
insert into city(region_id, name) values (1199, 'Lyons');
insert into city(region_id, name) values (1199, 'Maineville');
insert into city(region_id, name) values (1199, 'Mansfield');
insert into city(region_id, name) values (1199, 'Marietta');
insert into city(region_id, name) values (1199, 'Massillon');
insert into city(region_id, name) values (1199, 'Newark');
insert into city(region_id, name) values (1199, 'North Royalton');
insert into city(region_id, name) values (1199, 'Oakwood');
insert into city(region_id, name) values (1199, 'Oberlin');
insert into city(region_id, name) values (1199, 'Ohio City');
insert into city(region_id, name) values (1199, 'Richmond');
insert into city(region_id, name) values (1199, 'Sandusky');
insert into city(region_id, name) values (1199, 'Springfield');
insert into city(region_id, name) values (1199, 'Sylvania');
insert into city(region_id, name) values (1199, 'Toledo');
insert into city(region_id, name) values (1199, 'Warren');
insert into city(region_id, name) values (1199, 'West Chester');
insert into city(region_id, name) values (1199, 'Willoughby');
insert into city(region_id, name) values (1199, 'Zanesville');
insert into city(region_id, name) values (1274, 'Бекдаш');
insert into city(region_id, name) values (1274, 'Гасан-Кули');
insert into city(region_id, name) values (1274, 'Джанга');
insert into city(region_id, name) values (1274, 'Казанджик');
insert into city(region_id, name) values (1274, 'Карагель');
insert into city(region_id, name) values (1274, 'Кизыл-Арват');
insert into city(region_id, name) values (1274, 'Красноводск');
insert into city(region_id, name) values (1274, 'Небит-Даг');
insert into city(region_id, name) values (1274, 'Челекен');
insert into city(region_id, name) values (1278, 'Кев');
insert into city(region_id, name) values (1278, 'Теркс-Айлендс');
insert into region(id, country_id, name) values (1279, 190, 'Bartin');
insert into region(id, country_id, name) values (1280, 190, 'Bayburt');
insert into region(id, country_id, name) values (1281, 190, 'Karabuk');
insert into region(id, country_id, name) values (1282, 190, 'Адана');
insert into region(id, country_id, name) values (1283, 190, 'Айдын');
insert into region(id, country_id, name) values (1284, 190, 'Амасья');
insert into region(id, country_id, name) values (1285, 190, 'Анкара');
insert into region(id, country_id, name) values (1286, 190, 'Анталья');
insert into region(id, country_id, name) values (1287, 190, 'Артвин');
insert into region(id, country_id, name) values (1288, 190, 'Афьон');
insert into region(id, country_id, name) values (1289, 190, 'Балыкесир');
insert into region(id, country_id, name) values (1290, 190, 'Биледжик');
insert into region(id, country_id, name) values (1291, 190, 'Бурса');
insert into region(id, country_id, name) values (1292, 190, 'Газиантеп');
insert into region(id, country_id, name) values (1293, 190, 'Денизли');
insert into region(id, country_id, name) values (1294, 190, 'Измир');
insert into region(id, country_id, name) values (1295, 190, 'Испарта');
insert into region(id, country_id, name) values (1296, 190, 'Ичель');
insert into region(id, country_id, name) values (1297, 190, 'Кайсери');
insert into region(id, country_id, name) values (1298, 190, 'Карс');
insert into region(id, country_id, name) values (1299, 190, 'Коджаэли');
insert into region(id, country_id, name) values (1300, 190, 'Конья');
insert into region(id, country_id, name) values (1301, 190, 'Кыркларели');
insert into region(id, country_id, name) values (1302, 190, 'Кютахья');
insert into region(id, country_id, name) values (1303, 190, 'Малатья');
insert into region(id, country_id, name) values (1304, 190, 'Маниса');
insert into region(id, country_id, name) values (1305, 190, 'Сакарья');
insert into region(id, country_id, name) values (1306, 190, 'Самсун');
insert into region(id, country_id, name) values (1307, 190, 'Сивас');
insert into region(id, country_id, name) values (1308, 190, 'Стамбул');
insert into region(id, country_id, name) values (1309, 190, 'Чорум');
insert into region(id, country_id, name) values (1310, 190, 'Эдирне');
insert into region(id, country_id, name) values (1311, 190, 'Элязыг');
insert into region(id, country_id, name) values (1312, 190, 'Эрзинджан');
insert into region(id, country_id, name) values (1313, 190, 'Эрзурум');
insert into region(id, country_id, name) values (1314, 190, 'Эскишехир');
insert into city(region_id, name) values (1080, 'Skieniewice');
insert into city(region_id, name) values (1080, 'Sochaczew');
insert into city(region_id, name) values (1159, 'Babadag');
insert into city(region_id, name) values (1159, 'Isaccea');
insert into city(region_id, name) values (1159, 'Macin');
insert into city(region_id, name) values (1159, 'Sulina');
insert into city(region_id, name) values (1159, 'Tulcea');
insert into city(region_id, name) values (1200, 'Dover');
insert into city(region_id, name) values (1200, 'Fort Sill');
insert into city(region_id, name) values (1200, 'Jenks');
insert into city(region_id, name) values (1200, 'Lawton');
insert into city(region_id, name) values (1200, 'Norman');
insert into city(region_id, name) values (1200, 'Oklahoma City');
insert into city(region_id, name) values (1200, 'Stillwater');
insert into city(region_id, name) values (1200, 'Tulsa');
insert into city(region_id, name) values (1275, 'Байрам-Али');
insert into city(region_id, name) values (1275, 'Иолотань');
insert into city(region_id, name) values (1275, 'Мары');
insert into city(region_id, name) values (1275, 'Сакар-Чага');
insert into city(region_id, name) values (1275, 'Тахта-Базар');
insert into city(region_id, name) values (1275, 'Туркмен-Кала');
insert into city(region_id, name) values (1279, 'Бартын');
insert into region(id, country_id, name) values (1315, 191, 'Jinja');
insert into region(id, country_id, name) values (1316, 191, 'Kampala');
insert into city(region_id, name) values (1081, 'Katowice');
insert into city(region_id, name) values (1081, 'Kattowitz');
insert into city(region_id, name) values (1081, 'Stalinogorod');
insert into city(region_id, name) values (1160, 'Baile Govora');
insert into city(region_id, name) values (1160, 'Baile Olanesti');
insert into city(region_id, name) values (1160, 'Brezoi');
insert into city(region_id, name) values (1160, 'Calimanesti-Caciulata');
insert into city(region_id, name) values (1160, 'Dragasani');
insert into city(region_id, name) values (1160, 'Horezu');
insert into city(region_id, name) values (1160, 'Ocnele Mari');
insert into city(region_id, name) values (1160, 'Rmnicu Vlcea');
insert into city(region_id, name) values (1201, 'Albany');
insert into city(region_id, name) values (1201, 'Beaverton');
insert into city(region_id, name) values (1201, 'Bend');
insert into city(region_id, name) values (1201, 'Clackamas');
insert into city(region_id, name) values (1201, 'Corvallis');
insert into city(region_id, name) values (1201, 'Dallas');
insert into city(region_id, name) values (1201, 'Detroit');
insert into city(region_id, name) values (1201, 'Estacada');
insert into city(region_id, name) values (1201, 'Eugene');
insert into city(region_id, name) values (1201, 'Gervais');
insert into city(region_id, name) values (1201, 'Gresham');
insert into city(region_id, name) values (1201, 'Hillsboro');
insert into city(region_id, name) values (1201, 'Lake Oswego');
insert into city(region_id, name) values (1201, 'Medford');
insert into city(region_id, name) values (1201, 'Phoenix');
insert into city(region_id, name) values (1201, 'Portland');
insert into city(region_id, name) values (1201, 'Powell Butte');
insert into city(region_id, name) values (1201, 'Salem');
insert into city(region_id, name) values (1201, 'Stayton');
insert into city(region_id, name) values (1201, 'Troutdale');
insert into city(region_id, name) values (1201, 'Woodburn');
insert into city(region_id, name) values (1276, 'Куня-Ургенч');
insert into city(region_id, name) values (1276, 'Ташауз');
insert into city(region_id, name) values (1280, 'Байбурт');
insert into city(region_id, name) values (1315, 'Йиня');
insert into region(id, country_id, name) values (1317, 192, 'Андижанская обл.');
insert into region(id, country_id, name) values (1318, 192, 'Бухарская обл.');
insert into region(id, country_id, name) values (1319, 192, 'Джизакская обл.');
insert into region(id, country_id, name) values (1320, 192, 'Каракалпакия');
insert into region(id, country_id, name) values (1321, 192, 'Кашкадарьинская обл.');
insert into region(id, country_id, name) values (1322, 192, 'Навоийская обл.');
insert into region(id, country_id, name) values (1323, 192, 'Наманганская обл.');
insert into region(id, country_id, name) values (1324, 192, 'Самаркандская обл.');
insert into region(id, country_id, name) values (1325, 192, 'Сурхандарьинская обл.');
insert into region(id, country_id, name) values (1326, 192, 'Сырдарьинская обл.');
insert into region(id, country_id, name) values (1327, 192, 'Ташкентская обл.');
insert into region(id, country_id, name) values (1328, 192, 'Ферганская обл.');
insert into region(id, country_id, name) values (1329, 192, 'Хорезмская обл.');
insert into city(region_id, name) values (1082, 'Dobra');
insert into city(region_id, name) values (1082, 'S‚upsk');
insert into city(region_id, name) values (1082, 'Stolp in Pommern');
insert into city(region_id, name) values (1161, 'Barlad');
insert into city(region_id, name) values (1161, 'Husi');
insert into city(region_id, name) values (1161, 'Negresti');
insert into city(region_id, name) values (1161, 'Vaslui');
insert into city(region_id, name) values (1202, 'Abington');
insert into city(region_id, name) values (1202, 'Adamstown');
insert into city(region_id, name) values (1202, 'Akron');
insert into city(region_id, name) values (1202, 'Allentown');
insert into city(region_id, name) values (1202, 'Apollo');
insert into city(region_id, name) values (1202, 'Bensalem');
insert into city(region_id, name) values (1202, 'Berlin');
insert into city(region_id, name) values (1202, 'Bethlehem');
insert into city(region_id, name) values (1202, 'Birdsboro');
insert into city(region_id, name) values (1202, 'Bristol');
insert into city(region_id, name) values (1202, 'Brooklyn');
insert into city(region_id, name) values (1202, 'Brookville');
insert into city(region_id, name) values (1202, 'Camp Hill');
insert into city(region_id, name) values (1202, 'Catasauqua');
insert into city(region_id, name) values (1202, 'Clarion');
insert into city(region_id, name) values (1202, 'Clarks Summit');
insert into city(region_id, name) values (1202, 'Coaldale');
insert into city(region_id, name) values (1202, 'Cranberry Twp');
insert into city(region_id, name) values (1202, 'Denver');
insert into city(region_id, name) values (1202, 'Eagleville');
insert into city(region_id, name) values (1202, 'East Earl');
insert into city(region_id, name) values (1202, 'Easton');
insert into city(region_id, name) values (1202, 'Enola');
insert into city(region_id, name) values (1202, 'Erie');
insert into city(region_id, name) values (1202, 'Exton');
insert into city(region_id, name) values (1202, 'Feasterville Trevose');
insert into city(region_id, name) values (1202, 'Franconia');
insert into city(region_id, name) values (1202, 'Gettysburg');
insert into city(region_id, name) values (1202, 'Girard');
insert into city(region_id, name) values (1202, 'Gladwyne');
insert into city(region_id, name) values (1202, 'Greensburg');
insert into city(region_id, name) values (1202, 'Harrisburg');
insert into city(region_id, name) values (1202, 'Hazleton');
insert into city(region_id, name) values (1202, 'Hershey');
insert into city(region_id, name) values (1202, 'Jamison');
insert into city(region_id, name) values (1202, 'King Of Prussia');
insert into city(region_id, name) values (1202, 'Lancaster');
insert into city(region_id, name) values (1202, 'Langhorne');
insert into city(region_id, name) values (1202, 'Lansdale');
insert into city(region_id, name) values (1202, 'Levittown');
insert into city(region_id, name) values (1202, 'Lewisburg');
insert into city(region_id, name) values (1202, 'Lewistown');
insert into city(region_id, name) values (1202, 'Lock Haven');
insert into city(region_id, name) values (1202, 'Mexico');
insert into city(region_id, name) values (1202, 'Monessen');
insert into city(region_id, name) values (1202, 'Morrisville');
insert into city(region_id, name) values (1202, 'Moscow');
insert into city(region_id, name) values (1202, 'Mountain Top');
insert into city(region_id, name) values (1202, 'New Hope');
insert into city(region_id, name) values (1202, 'Newtown');
insert into city(region_id, name) values (1202, 'Norristown');
insert into city(region_id, name) values (1202, 'North East');
insert into city(region_id, name) values (1202, 'Oxford');
insert into city(region_id, name) values (1202, 'Philadelphia');
insert into city(region_id, name) values (1202, 'Philipsburg');
insert into city(region_id, name) values (1202, 'Pittsburgh');
insert into city(region_id, name) values (1202, 'Reading');
insert into city(region_id, name) values (1202, 'Richboro');
insert into city(region_id, name) values (1202, 'Scranton');
insert into city(region_id, name) values (1202, 'State College');
insert into city(region_id, name) values (1202, 'Strasburg');
insert into city(region_id, name) values (1202, 'Stroudsburg');
insert into city(region_id, name) values (1202, 'Susquehanna');
insert into city(region_id, name) values (1202, 'Tobyhanna');
insert into city(region_id, name) values (1202, 'Towanda');
insert into city(region_id, name) values (1202, 'Uniontown');
insert into city(region_id, name) values (1202, 'Washington');
insert into city(region_id, name) values (1202, 'Wilkes Barre');
insert into city(region_id, name) values (1202, 'Willow Street');
insert into city(region_id, name) values (1277, 'Аму-Дарья');
insert into city(region_id, name) values (1277, 'Газ-Ачак');
insert into city(region_id, name) values (1277, 'Гаурдак');
insert into city(region_id, name) values (1277, 'Дейнау');
insert into city(region_id, name) values (1277, 'Карабекаул');
insert into city(region_id, name) values (1277, 'Керки');
insert into city(region_id, name) values (1277, 'Мукры');
insert into city(region_id, name) values (1277, 'Нефтезаводск');
insert into city(region_id, name) values (1277, 'Сакар');
insert into city(region_id, name) values (1277, 'Саят');
insert into city(region_id, name) values (1277, 'Фараб');
insert into city(region_id, name) values (1277, 'Халач');
insert into city(region_id, name) values (1277, 'Чарджоу');
insert into city(region_id, name) values (1277, 'Чаршанга');
insert into city(region_id, name) values (1281, 'Карабук');
insert into city(region_id, name) values (1316, 'Кампала');
insert into city(region_id, name) values (1317, 'Алтынкуль');
insert into city(region_id, name) values (1317, 'Андижан');
insert into city(region_id, name) values (1317, 'Балыкчи');
insert into city(region_id, name) values (1317, 'Ленинск');
insert into city(region_id, name) values (1317, 'Мархамат');
insert into city(region_id, name) values (1317, 'Советабад');
insert into city(region_id, name) values (1317, 'Шахрихан');
insert into region(id, country_id, name) values (1330, 193, 'Canelones');
insert into region(id, country_id, name) values (1331, 193, 'Colonia');
insert into region(id, country_id, name) values (1332, 193, 'Lavalleja');
insert into region(id, country_id, name) values (1333, 193, 'Maldonado');
insert into region(id, country_id, name) values (1334, 193, 'Montevideo');
insert into region(id, country_id, name) values (1335, 193, 'Paysand');
insert into region(id, country_id, name) values (1336, 193, 'Ro Negro');
insert into region(id, country_id, name) values (1337, 193, 'Rivera');
insert into region(id, country_id, name) values (1338, 193, 'Salto');
insert into region(id, country_id, name) values (1339, 193, 'Tacuaremb');
insert into region(id, country_id, name) values (1340, 193, 'Treinta y Tres');
insert into city(region_id, name) values (1083, 'Augustw');
insert into city(region_id, name) values (1083, 'Suvalkai');
insert into city(region_id, name) values (1083, 'Suvalki');
insert into city(region_id, name) values (1083, 'Wygryny');
insert into city(region_id, name) values (1162, 'Adjud');
insert into city(region_id, name) values (1162, 'Focsani');
insert into city(region_id, name) values (1162, 'Marasesti');
insert into city(region_id, name) values (1162, 'Odobesti');
insert into city(region_id, name) values (1162, 'Panciu');
insert into city(region_id, name) values (1282, 'Адана');
insert into city(region_id, name) values (1318, 'Алат');
insert into city(region_id, name) values (1318, 'Бухара');
insert into city(region_id, name) values (1318, 'Вабкент');
insert into city(region_id, name) values (1318, 'Газли');
insert into city(region_id, name) values (1318, 'Галаасия');
insert into city(region_id, name) values (1318, 'Гиждуван');
insert into city(region_id, name) values (1318, 'Каган');
insert into city(region_id, name) values (1318, 'Каракуль');
insert into city(region_id, name) values (1318, 'Ромитан');
insert into city(region_id, name) values (1330, 'Arenal');
insert into city(region_id, name) values (1330, 'Canelones');
insert into region(id, country_id, name) values (1341, 194, 'Торсхавн');
insert into city(region_id, name) values (1084, 'Kielce');
insert into city(region_id, name) values (1283, 'Айдын');
insert into city(region_id, name) values (1319, 'Галляарал');
insert into city(region_id, name) values (1319, 'Джизак');
insert into city(region_id, name) values (1319, 'Заамин');
insert into city(region_id, name) values (1319, 'Усмат');
insert into city(region_id, name) values (1319, 'Янгикишлак');
insert into city(region_id, name) values (1331, 'Pueblo de la Paz');
insert into city(region_id, name) values (1341, 'Торсхавн');
insert into region(id, country_id, name) values (1342, 195, 'Фиджи');
insert into city(region_id, name) values (1085, 'Sandomierz');
insert into city(region_id, name) values (1085, 'Stalowa Wola');
insert into city(region_id, name) values (1085, 'Tarnobrzeg');
insert into city(region_id, name) values (1284, 'Амасья');
insert into city(region_id, name) values (1320, 'Кегейли');
insert into city(region_id, name) values (1320, 'Кунград');
insert into city(region_id, name) values (1320, 'Мангит');
insert into city(region_id, name) values (1320, 'Муйнак');
insert into city(region_id, name) values (1320, 'Нукус');
insert into city(region_id, name) values (1320, 'Тахиаташ');
insert into city(region_id, name) values (1320, 'Тахтакупыр');
insert into city(region_id, name) values (1320, 'Турткуль');
insert into city(region_id, name) values (1320, 'Ходжейли');
insert into city(region_id, name) values (1320, 'Чимбай');
insert into city(region_id, name) values (1320, 'Шуманай');
insert into city(region_id, name) values (1332, 'Minas');
insert into city(region_id, name) values (1342, 'Нукуалофа');
insert into city(region_id, name) values (1342, 'Сува');
insert into region(id, country_id, name) values (1343, 196, 'Филиппины');
insert into city(region_id, name) values (1086, 'Brzesko');
insert into city(region_id, name) values (1086, 'Debica');
insert into city(region_id, name) values (1086, 'Tarnw');
insert into city(region_id, name) values (1285, 'Анкара');
insert into city(region_id, name) values (1321, 'Бешкент');
insert into city(region_id, name) values (1321, 'Гузар');
insert into city(region_id, name) values (1321, 'Камаши');
insert into city(region_id, name) values (1321, 'Карши');
insert into city(region_id, name) values (1321, 'Касан');
insert into city(region_id, name) values (1321, 'Китаб');
insert into city(region_id, name) values (1321, 'Шахрисабз');
insert into city(region_id, name) values (1333, 'Maldonado');
insert into city(region_id, name) values (1333, 'Punta del Este');
insert into city(region_id, name) values (1343, 'Давао');
insert into city(region_id, name) values (1343, 'Замбоанга');
insert into city(region_id, name) values (1343, 'Илоило');
insert into city(region_id, name) values (1343, 'Кессон-Сити');
insert into city(region_id, name) values (1343, 'Легаспи');
insert into city(region_id, name) values (1343, 'Манила');
insert into city(region_id, name) values (1343, 'Себу');
insert into region(id, country_id, name) values (1344, 197, '•land');
insert into region(id, country_id, name) values (1345, 197, 'Eastern Finland');
insert into region(id, country_id, name) values (1346, 197, 'Lapland');
insert into region(id, country_id, name) values (1347, 197, 'None');
insert into region(id, country_id, name) values (1348, 197, 'Oulu');
insert into region(id, country_id, name) values (1349, 197, 'Southern Finland');
insert into region(id, country_id, name) values (1350, 197, 'Western Finland');
insert into city(region_id, name) values (1087, 'Grudziadz');
insert into city(region_id, name) values (1087, 'Torun');
insert into city(region_id, name) values (1087, 'Wabrzezno');
insert into city(region_id, name) values (1286, 'Анталия');
insert into city(region_id, name) values (1322, 'Зарафшан');
insert into city(region_id, name) values (1322, 'Навои');
insert into city(region_id, name) values (1322, 'Тамдыбулак');
insert into city(region_id, name) values (1322, 'Учкудук');
insert into city(region_id, name) values (1334, 'Balneario Chacarita');
insert into city(region_id, name) values (1334, 'Buceo');
insert into city(region_id, name) values (1334, 'Montevideo');
insert into city(region_id, name) values (1334, 'Pocitos');
insert into city(region_id, name) values (1334, 'Villa Muoz');
insert into city(region_id, name) values (1344, 'kerlund');
insert into city(region_id, name) values (1344, 'Bast');
insert into city(region_id, name) values (1344, 'Bengtsble');
insert into city(region_id, name) values (1344, 'Fgl');
insert into city(region_id, name) values (1344, 'Godby');
insert into city(region_id, name) values (1344, 'Jomala');
insert into city(region_id, name) values (1344, 'Karleby');
insert into city(region_id, name) values (1344, 'Karlgrd');
insert into city(region_id, name) values (1344, 'Marianhamina');
insert into city(region_id, name) values (1344, 'Mariehamn');
insert into city(region_id, name) values (1344, 'Norrberg');
insert into region(id, country_id, name) values (1351, 198, 'Ain');
insert into region(id, country_id, name) values (1352, 198, 'Aisne');
insert into region(id, country_id, name) values (1353, 198, 'Allier');
insert into region(id, country_id, name) values (1354, 198, 'Alpes-de-Haute-Provence');
insert into region(id, country_id, name) values (1355, 198, 'Alpes-Maritimes');
insert into region(id, country_id, name) values (1356, 198, 'Ardche');
insert into region(id, country_id, name) values (1357, 198, 'Ardennes');
insert into region(id, country_id, name) values (1358, 198, 'Arige');
insert into region(id, country_id, name) values (1359, 198, 'Aube');
insert into region(id, country_id, name) values (1360, 198, 'Aude');
insert into region(id, country_id, name) values (1361, 198, 'Aveyron');
insert into region(id, country_id, name) values (1362, 198, 'Bas Rhin');
insert into region(id, country_id, name) values (1363, 198, 'Bouches-du-Rhne');
insert into region(id, country_id, name) values (1364, 198, 'Calvados');
insert into region(id, country_id, name) values (1365, 198, 'Cantal');
insert into region(id, country_id, name) values (1366, 198, 'Charente');
insert into region(id, country_id, name) values (1367, 198, 'Charente Maritime');
insert into region(id, country_id, name) values (1368, 198, 'Cher');
insert into region(id, country_id, name) values (1369, 198, 'Corrze');
insert into region(id, country_id, name) values (1370, 198, 'Corse');
insert into region(id, country_id, name) values (1371, 198, 'Cte dOr');
insert into region(id, country_id, name) values (1372, 198, 'Ctes dArmor');
insert into region(id, country_id, name) values (1373, 198, 'Creuse');
insert into region(id, country_id, name) values (1374, 198, 'Deux-Svres');
insert into region(id, country_id, name) values (1375, 198, 'Dordogne');
insert into region(id, country_id, name) values (1376, 198, 'Doubs');
insert into region(id, country_id, name) values (1377, 198, 'Drme');
insert into region(id, country_id, name) values (1378, 198, 'Essone');
insert into region(id, country_id, name) values (1379, 198, 'Eure');
insert into region(id, country_id, name) values (1380, 198, 'Eure-et-Loire');
insert into region(id, country_id, name) values (1381, 198, 'Finistre');
insert into region(id, country_id, name) values (1382, 198, 'Gard');
insert into region(id, country_id, name) values (1383, 198, 'Gers');
insert into region(id, country_id, name) values (1384, 198, 'Gironde');
insert into region(id, country_id, name) values (1385, 198, 'Haut Rhin');
insert into region(id, country_id, name) values (1386, 198, 'Haute-Garonne');
insert into region(id, country_id, name) values (1387, 198, 'Haute-Loire');
insert into region(id, country_id, name) values (1388, 198, 'Haute-Marne');
insert into region(id, country_id, name) values (1389, 198, 'Haute-Sane');
insert into region(id, country_id, name) values (1390, 198, 'Haute-Savoie');
insert into region(id, country_id, name) values (1391, 198, 'Haute-Vienne');
insert into region(id, country_id, name) values (1392, 198, 'Hautes-Alpes');
insert into region(id, country_id, name) values (1393, 198, 'Hautes-Pyrnes');
insert into region(id, country_id, name) values (1394, 198, 'Hauts-de-Seine');
insert into region(id, country_id, name) values (1395, 198, 'Hrault');
insert into region(id, country_id, name) values (1396, 198, 'Ille et Vilaine');
insert into region(id, country_id, name) values (1397, 198, 'Indre');
insert into region(id, country_id, name) values (1398, 198, 'Indre-et-Loire');
insert into region(id, country_id, name) values (1399, 198, 'Isre');
insert into region(id, country_id, name) values (1400, 198, 'Jura');
insert into region(id, country_id, name) values (1401, 198, 'Landes');
insert into region(id, country_id, name) values (1402, 198, 'Loir-et-Cher');
insert into region(id, country_id, name) values (1403, 198, 'Loire');
insert into region(id, country_id, name) values (1404, 198, 'Loire Atlantique');
insert into region(id, country_id, name) values (1405, 198, 'Loiret');
insert into region(id, country_id, name) values (1406, 198, 'Lot');
insert into region(id, country_id, name) values (1407, 198, 'Lot-et-Garonne');
insert into region(id, country_id, name) values (1408, 198, 'Lozre');
insert into region(id, country_id, name) values (1409, 198, 'Maine et Loire');
insert into region(id, country_id, name) values (1410, 198, 'Manche');
insert into region(id, country_id, name) values (1411, 198, 'Marne');
insert into region(id, country_id, name) values (1412, 198, 'Mayenne');
insert into region(id, country_id, name) values (1413, 198, 'Meurthe-et-Moselle');
insert into region(id, country_id, name) values (1414, 198, 'Meuse');
insert into region(id, country_id, name) values (1415, 198, 'Morbihan');
insert into region(id, country_id, name) values (1416, 198, 'Moselle');
insert into region(id, country_id, name) values (1417, 198, 'Nord');
insert into region(id, country_id, name) values (1418, 198, 'Oise');
insert into region(id, country_id, name) values (1419, 198, 'Orne');
insert into region(id, country_id, name) values (1420, 198, 'Paris');
insert into region(id, country_id, name) values (1421, 198, 'Pas-de-Calais');
insert into region(id, country_id, name) values (1422, 198, 'Puy-de-Dme');
insert into region(id, country_id, name) values (1423, 198, 'Pyrnes-Atlantiques');
insert into region(id, country_id, name) values (1424, 198, 'Pyrnes-Orientales');
insert into region(id, country_id, name) values (1425, 198, 'Rhne');
insert into region(id, country_id, name) values (1426, 198, 'Sane et Loire');
insert into region(id, country_id, name) values (1427, 198, 'Savoie');
insert into region(id, country_id, name) values (1428, 198, 'Seine-et-Marne');
insert into region(id, country_id, name) values (1429, 198, 'Seine-Maritime');
insert into region(id, country_id, name) values (1430, 198, 'Seine-Saint-Denis');
insert into region(id, country_id, name) values (1431, 198, 'Somme');
insert into region(id, country_id, name) values (1432, 198, 'Tarn');
insert into region(id, country_id, name) values (1433, 198, 'Tarn-et-Garonne');
insert into region(id, country_id, name) values (1434, 198, 'Territoire de Belfort');
insert into region(id, country_id, name) values (1435, 198, 'Val-dOise');
insert into region(id, country_id, name) values (1436, 198, 'Val-de-Marne');
insert into region(id, country_id, name) values (1437, 198, 'Var');
insert into region(id, country_id, name) values (1438, 198, 'Vaucluse');
insert into region(id, country_id, name) values (1439, 198, 'Vende');
insert into region(id, country_id, name) values (1440, 198, 'Vienne');
insert into region(id, country_id, name) values (1441, 198, 'Vosges');
insert into region(id, country_id, name) values (1442, 198, 'Yonne');
insert into region(id, country_id, name) values (1443, 198, 'Yvelines');
insert into city(region_id, name) values (1088, 'Szczawno-Zdrj');
insert into city(region_id, name) values (1287, 'Артвин');
insert into city(region_id, name) values (1323, 'Касансай');
insert into city(region_id, name) values (1323, 'Наманган');
insert into city(region_id, name) values (1323, 'Пап');
insert into city(region_id, name) values (1323, 'Учкурган');
insert into city(region_id, name) values (1323, 'Чартак');
insert into city(region_id, name) values (1323, 'Чуст');
insert into city(region_id, name) values (1323, 'Янгикурган');
insert into city(region_id, name) values (1335, 'Poblado del Borracho');
insert into city(region_id, name) values (1345, 'Ahvenlahti');
insert into city(region_id, name) values (1345, 'Aatola');
insert into city(region_id, name) values (1345, 'Ahmovaara');
insert into city(region_id, name) values (1345, 'Ahola');
insert into city(region_id, name) values (1345, 'Airaksela');
insert into city(region_id, name) values (1345, 'Egyptinkorpi');
insert into city(region_id, name) values (1345, 'Haso');
insert into city(region_id, name) values (1345, 'Heiniemi');
insert into city(region_id, name) values (1345, 'Hernejrvi');
insert into city(region_id, name) values (1345, 'Hieru');
insert into city(region_id, name) values (1345, 'Iisalmi');
insert into city(region_id, name) values (1345, 'Isalmi');
insert into city(region_id, name) values (1345, 'Isomki');
insert into city(region_id, name) values (1345, 'Joensuu');
insert into city(region_id, name) values (1345, 'Joroinen');
insert into city(region_id, name) values (1345, 'Juankoski');
insert into city(region_id, name) values (1345, 'Juva');
insert into city(region_id, name) values (1345, 'Kaavi');
insert into city(region_id, name) values (1345, 'Kalamki');
insert into city(region_id, name) values (1345, 'Kitee');
insert into city(region_id, name) values (1345, 'Kokkola');
insert into city(region_id, name) values (1345, 'Kontioranta');
insert into city(region_id, name) values (1345, 'Kuomiokoski');
insert into city(region_id, name) values (1345, 'Kuopio');
insert into city(region_id, name) values (1345, 'Leppvirta');
insert into city(region_id, name) values (1345, 'Lieksa');
insert into city(region_id, name) values (1345, 'Mikkeli');
insert into city(region_id, name) values (1345, 'Mikkelin Maalaiskunta');
insert into city(region_id, name) values (1345, 'Nilsi');
insert into city(region_id, name) values (1345, 'Noljakka');
insert into city(region_id, name) values (1345, 'Nurmes');
insert into city(region_id, name) values (1345, 'Nurmijrvi');
insert into city(region_id, name) values (1345, 'Outokumpu');
insert into city(region_id, name) values (1345, 'Pieksmki');
insert into city(region_id, name) values (1345, 'Punkaharju');
insert into city(region_id, name) values (1345, 'Puumala');
insert into city(region_id, name) values (1345, 'Pyhjrvi');
insert into city(region_id, name) values (1345, 'Salo');
insert into city(region_id, name) values (1345, 'Savonlinna');
insert into city(region_id, name) values (1345, 'Siilinjrvi');
insert into city(region_id, name) values (1345, 'Suonenjoki');
insert into city(region_id, name) values (1345, 'Tohmajrvi');
insert into city(region_id, name) values (1345, 'Tusku');
insert into city(region_id, name) values (1345, 'Varkaus');
insert into city(region_id, name) values (1345, 'Vehmersalmi');
insert into city(region_id, name) values (1345, 'Viitasaari');
insert into city(region_id, name) values (1351, 'Amareins');
insert into city(region_id, name) values (1351, 'Argis');
insert into city(region_id, name) values (1351, 'Bg-la-Ville');
insert into city(region_id, name) values (1351, 'Bourg-en-Bresse');
insert into city(region_id, name) values (1351, 'Bouvent');
insert into city(region_id, name) values (1351, 'Cessy');
insert into city(region_id, name) values (1351, 'Confort');
insert into city(region_id, name) values (1351, 'Divonne-les-Bains');
insert into city(region_id, name) values (1351, 'Ferney-Voltaire');
insert into city(region_id, name) values (1351, 'Montceaux');
insert into city(region_id, name) values (1351, 'Pron');
insert into city(region_id, name) values (1351, 'Port');
insert into city(region_id, name) values (1351, 'Saint-Nizier-le-Bouchoux');
insert into city(region_id, name) values (1351, 'Saint-Vulbas');
insert into city(region_id, name) values (1351, 'Vesancy');
insert into city(region_id, name) values (1351, 'Vonnas');
insert into region(id, country_id, name) values (1444, 199, 'Caennes');
insert into city(region_id, name) values (1089, 'Olsztyn');
insert into city(region_id, name) values (1288, 'Афьон');
insert into city(region_id, name) values (1324, 'Акташ');
insert into city(region_id, name) values (1324, 'Зиадин');
insert into city(region_id, name) values (1324, 'Ингичка');
insert into city(region_id, name) values (1324, 'Каттакурган');
insert into city(region_id, name) values (1324, 'Красногвардейск');
insert into city(region_id, name) values (1324, 'Самарканд');
insert into city(region_id, name) values (1324, 'Ургут');
insert into city(region_id, name) values (1336, 'Sauce');
insert into city(region_id, name) values (1346, 'Aanaar');
insert into city(region_id, name) values (1346, 'Aatsinki');
insert into city(region_id, name) values (1346, 'Ahola');
insert into city(region_id, name) values (1346, 'Akanlahti');
insert into city(region_id, name) values (1346, 'Alanampa');
insert into city(region_id, name) values (1346, 'Arvola');
insert into city(region_id, name) values (1346, 'Haara');
insert into city(region_id, name) values (1346, 'Hepola');
insert into city(region_id, name) values (1346, 'Hoikkaniemi');
insert into city(region_id, name) values (1346, 'Inari');
insert into city(region_id, name) values (1346, 'Ivalo');
insert into city(region_id, name) values (1346, 'Kainuu');
insert into city(region_id, name) values (1346, 'Kemi');
insert into city(region_id, name) values (1346, 'Kemijrvi');
insert into city(region_id, name) values (1346, 'Keminmaa');
insert into city(region_id, name) values (1346, 'Ketola');
insert into city(region_id, name) values (1346, 'Kittil');
insert into city(region_id, name) values (1346, 'Koivu');
insert into city(region_id, name) values (1346, 'Kolari');
insert into city(region_id, name) values (1346, 'Kngs');
insert into city(region_id, name) values (1346, 'Lappea');
insert into city(region_id, name) values (1346, 'Pello');
insert into city(region_id, name) values (1346, 'Rovala');
insert into city(region_id, name) values (1346, 'Rovaniemi');
insert into city(region_id, name) values (1346, 'Rovanieni');
insert into city(region_id, name) values (1346, 'Runkaus');
insert into city(region_id, name) values (1346, 'Tervola');
insert into city(region_id, name) values (1346, 'Tohmo');
insert into city(region_id, name) values (1346, 'Tornio');
insert into city(region_id, name) values (1346, 'Turska');
insert into city(region_id, name) values (1352, 'Achery');
insert into city(region_id, name) values (1352, 'Acy');
insert into city(region_id, name) values (1352, 'Hirson');
insert into city(region_id, name) values (1352, 'Saint-Quentin');
insert into city(region_id, name) values (1352, 'Soissons');
insert into city(region_id, name) values (1352, 'Soize');
insert into city(region_id, name) values (1444, 'Cayenne');
insert into city(region_id, name) values (1444, 'Kourou');
insert into city(region_id, name) values (1444, 'Sinnamary');
insert into region(id, country_id, name) values (1445, 200, 'Папеэте');
insert into city(region_id, name) values (1090, 'Anin');
insert into city(region_id, name) values (1090, 'Bielany');
insert into city(region_id, name) values (1090, 'Bieliny');
insert into city(region_id, name) values (1090, 'Dziekanow Lesny');
insert into city(region_id, name) values (1090, 'Janczewice');
insert into city(region_id, name) values (1090, 'Jankw Nowy');
insert into city(region_id, name) values (1090, 'Legionowo');
insert into city(region_id, name) values (1090, 'Ostrw');
insert into city(region_id, name) values (1090, 'Ozarow Mazowiecki');
insert into city(region_id, name) values (1090, 'Praga');
insert into city(region_id, name) values (1090, 'Pruszkw');
insert into city(region_id, name) values (1090, 'Radzymin');
insert into city(region_id, name) values (1090, 'Varsavia');
insert into city(region_id, name) values (1090, 'Varshava');
insert into city(region_id, name) values (1090, 'Varsovie');
insert into city(region_id, name) values (1090, 'Warsaw');
insert into city(region_id, name) values (1090, 'Warschau');
insert into city(region_id, name) values (1090, 'Warszawa');
insert into city(region_id, name) values (1090, 'Warszwka');
insert into city(region_id, name) values (1090, 'Wawer');
insert into city(region_id, name) values (1090, 'Wawrzyszew Nowy');
insert into city(region_id, name) values (1090, 'Wolominek');
insert into city(region_id, name) values (1090, 'Zielona');
insert into city(region_id, name) values (1090, 'Zoliborz');
insert into city(region_id, name) values (1289, 'Балыкесир');
insert into city(region_id, name) values (1325, 'Байсун');
insert into city(region_id, name) values (1325, 'Денау');
insert into city(region_id, name) values (1325, 'Карлук');
insert into city(region_id, name) values (1325, 'Термез');
insert into city(region_id, name) values (1325, 'Узун');
insert into city(region_id, name) values (1325, 'Шерабад');
insert into city(region_id, name) values (1325, 'Шурчи');
insert into city(region_id, name) values (1337, 'Cortume');
insert into city(region_id, name) values (1337, 'Los Potreros');
insert into city(region_id, name) values (1337, 'Rivera');
insert into city(region_id, name) values (1347, 'Hiukkamki');
insert into city(region_id, name) values (1347, 'Kinola');
insert into city(region_id, name) values (1347, 'Ruokojrvi');
insert into city(region_id, name) values (1347, 'Vihavuoren Saha');
insert into city(region_id, name) values (1353, 'Abrest');
insert into city(region_id, name) values (1353, 'Bayet');
insert into city(region_id, name) values (1353, 'Charmes');
insert into city(region_id, name) values (1353, 'Montluon');
insert into city(region_id, name) values (1353, 'Vichy');
insert into city(region_id, name) values (1445, 'Папеэте');
insert into region(id, country_id, name) values (1446, 201, 'Dubrovacko-Neretvanska');
insert into region(id, country_id, name) values (1447, 201, 'Grad Zagreb');
insert into region(id, country_id, name) values (1448, 201, 'Istarska');
insert into region(id, country_id, name) values (1449, 201, 'Karlovacka');
insert into region(id, country_id, name) values (1450, 201, 'Medimurska');
insert into region(id, country_id, name) values (1451, 201, 'None');
insert into region(id, country_id, name) values (1452, 201, 'Primorsko-Goranska');
insert into region(id, country_id, name) values (1453, 201, 'Sibensko-Kninska');
insert into region(id, country_id, name) values (1454, 201, 'Sisacko-Moslavacka');
insert into region(id, country_id, name) values (1455, 201, 'Splitsko-Dalmatinska');
insert into region(id, country_id, name) values (1456, 201, 'Varazdinska');
insert into region(id, country_id, name) values (1457, 201, 'Zagrebacka');
insert into city(region_id, name) values (1091, 'Posen');
insert into city(region_id, name) values (1091, 'Poznan');
insert into city(region_id, name) values (1290, 'Биледжик');
insert into city(region_id, name) values (1326, 'Бахт');
insert into city(region_id, name) values (1326, 'Гулистан');
insert into city(region_id, name) values (1326, 'Димитровское');
insert into city(region_id, name) values (1326, 'Крестьянский');
insert into city(region_id, name) values (1326, 'Сырдарья');
insert into city(region_id, name) values (1326, 'Сырьдарья');
insert into city(region_id, name) values (1326, 'Хаваст');
insert into city(region_id, name) values (1326, 'Ширин');
insert into city(region_id, name) values (1326, 'Янгиер');
insert into city(region_id, name) values (1338, 'Salto');
insert into city(region_id, name) values (1348, 'Aaita');
insert into city(region_id, name) values (1348, 'Ahenp');
insert into city(region_id, name) values (1348, 'Aho');
insert into city(region_id, name) values (1348, 'Aitta');
insert into city(region_id, name) values (1348, 'Alajrvi');
insert into city(region_id, name) values (1348, 'Auho');
insert into city(region_id, name) values (1348, 'Haapajrvi');
insert into city(region_id, name) values (1348, 'Haapavesi');
insert into city(region_id, name) values (1348, 'Haukipudas');
insert into city(region_id, name) values (1348, 'Hyrynsaimi');
insert into city(region_id, name) values (1348, 'Jrvenp');
insert into city(region_id, name) values (1348, 'Kajaani');
insert into city(region_id, name) values (1348, 'Kalajoki');
insert into city(region_id, name) values (1348, 'Kankaanp');
insert into city(region_id, name) values (1348, 'Kempele');
insert into city(region_id, name) values (1348, 'Kestil');
insert into city(region_id, name) values (1348, 'Kuhmo');
insert into city(region_id, name) values (1348, 'Kurki');
insert into city(region_id, name) values (1348, 'Kuusamo');
insert into city(region_id, name) values (1348, 'Muhos');
insert into city(region_id, name) values (1348, 'Nivala');
insert into city(region_id, name) values (1348, 'Oulainen');
insert into city(region_id, name) values (1348, 'Oulu');
insert into city(region_id, name) values (1348, 'Paltamo');
insert into city(region_id, name) values (1348, 'Puolivlinkangas');
insert into city(region_id, name) values (1348, 'Pyhsalmi');
insert into city(region_id, name) values (1348, 'Raahe');
insert into city(region_id, name) values (1348, 'Sievi');
insert into city(region_id, name) values (1348, 'Somero');
insert into city(region_id, name) values (1348, 'Sotkamo');
insert into city(region_id, name) values (1348, 'Suomusalmi');
insert into city(region_id, name) values (1348, 'Suomussalmi');
insert into city(region_id, name) values (1348, 'Taipalo');
insert into city(region_id, name) values (1348, 'Utajrvi');
insert into city(region_id, name) values (1348, 'Vaala');
insert into city(region_id, name) values (1348, 'Vesa');
insert into city(region_id, name) values (1348, 'Vuokatti');
insert into city(region_id, name) values (1348, 'Ylivieska');
insert into city(region_id, name) values (1354, 'Argens');
insert into city(region_id, name) values (1354, 'Banon');
insert into city(region_id, name) values (1354, 'Mlan');
insert into city(region_id, name) values (1354, 'Saint-Andr-les-Alpes');
insert into city(region_id, name) values (1446, 'Dubrovnik');
insert into region(id, country_id, name) values (1458, 202, 'Чад');
insert into city(region_id, name) values (1092, 'Rypin');
insert into city(region_id, name) values (1092, 'W‚oc‚awek');
insert into city(region_id, name) values (1291, 'Бурса');
insert into city(region_id, name) values (1327, 'Алимкент');
insert into city(region_id, name) values (1327, 'Алмазар');
insert into city(region_id, name) values (1327, 'Алмалык');
insert into city(region_id, name) values (1327, 'Ангрен');
insert into city(region_id, name) values (1327, 'Ахангаран');
insert into city(region_id, name) values (1327, 'Бакабад');
insert into city(region_id, name) values (1327, 'Бекабад');
insert into city(region_id, name) values (1327, 'Бука');
insert into city(region_id, name) values (1327, 'Газалкент');
insert into city(region_id, name) values (1327, 'Искандар');
insert into city(region_id, name) values (1327, 'Келес');
insert into city(region_id, name) values (1327, 'Паркент');
insert into city(region_id, name) values (1327, 'Пскент');
insert into city(region_id, name) values (1327, 'Сиджак');
insert into city(region_id, name) values (1327, 'Солдатский');
insert into city(region_id, name) values (1327, 'Ташкент');
insert into city(region_id, name) values (1327, 'Тойтепа');
insert into city(region_id, name) values (1327, 'Чиназ');
insert into city(region_id, name) values (1327, 'Чирчик');
insert into city(region_id, name) values (1327, 'Янгиабад');
insert into city(region_id, name) values (1327, 'Янгибазар');
insert into city(region_id, name) values (1327, 'Янгиюль');
insert into city(region_id, name) values (1339, 'Tacuaremb');
insert into city(region_id, name) values (1349, 'by');
insert into city(region_id, name) values (1349, 'Ahjo');
insert into city(region_id, name) values (1349, 'Ahola');
insert into city(region_id, name) values (1349, 'Ala-Malmi');
insert into city(region_id, name) values (1349, 'minnefors');
insert into city(region_id, name) values (1349, 'Asikkala');
insert into city(region_id, name) values (1349, 'Askola');
insert into city(region_id, name) values (1349, 'Bengtsr');
insert into city(region_id, name) values (1349, 'Borg');
insert into city(region_id, name) values (1349, 'Box');
insert into city(region_id, name) values (1349, 'Daj');
insert into city(region_id, name) values (1349, 'Epoo');
insert into city(region_id, name) values (1349, 'Esbo');
insert into city(region_id, name) values (1349, 'Espoo');
insert into city(region_id, name) values (1349, 'Forssa');
insert into city(region_id, name) values (1349, 'Haaga');
insert into city(region_id, name) values (1349, 'Hakunila');
insert into city(region_id, name) values (1349, 'Hlsinge');
insert into city(region_id, name) values (1349, 'Hmeenlinna');
insert into city(region_id, name) values (1349, 'Hamina');
insert into city(region_id, name) values (1349, 'Hanko');
insert into city(region_id, name) values (1349, 'Hanski');
insert into city(region_id, name) values (1349, 'Hauho');
insert into city(region_id, name) values (1349, 'Heimala');
insert into city(region_id, name) values (1349, 'Heinola');
insert into city(region_id, name) values (1349, 'Helsinge');
insert into city(region_id, name) values (1349, 'Helsingfors');
insert into city(region_id, name) values (1349, 'Helsinki');
insert into city(region_id, name) values (1349, 'Hyvinge');
insert into city(region_id, name) values (1349, 'Hyvink');
insert into city(region_id, name) values (1349, 'Imatra');
insert into city(region_id, name) values (1349, 'Ing');
insert into city(region_id, name) values (1349, 'Janakkala');
insert into city(region_id, name) values (1349, 'Jrvenp');
insert into city(region_id, name) values (1349, 'Joensuu');
insert into city(region_id, name) values (1349, 'Joutseno');
insert into city(region_id, name) values (1349, 'Kaipiainen');
insert into city(region_id, name) values (1349, 'Karjaa');
insert into city(region_id, name) values (1349, 'Kerava');
insert into city(region_id, name) values (1349, 'Kirkkonummi');
insert into city(region_id, name) values (1349, 'Klaukkala');
insert into city(region_id, name) values (1349, 'Kontro');
insert into city(region_id, name) values (1349, 'Kotimki');
insert into city(region_id, name) values (1349, 'Kotka');
insert into city(region_id, name) values (1349, 'Kourula');
insert into city(region_id, name) values (1349, 'Kouvola');
insert into city(region_id, name) values (1349, 'Kouvola-Tornionmki');
insert into city(region_id, name) values (1349, 'Kuopiola');
insert into city(region_id, name) values (1349, 'Kuusankoski');
insert into city(region_id, name) values (1349, 'Kymin Tehtaat');
insert into city(region_id, name) values (1349, 'Lahti');
insert into city(region_id, name) values (1349, 'Lappeenranta');
insert into city(region_id, name) values (1349, 'Lappenranta');
insert into city(region_id, name) values (1349, 'Liljendal');
insert into city(region_id, name) values (1349, 'Lohja');
insert into city(region_id, name) values (1349, 'Loviisa');
insert into city(region_id, name) values (1349, 'Lovisa');
insert into city(region_id, name) values (1349, 'Malmi');
insert into city(region_id, name) values (1349, 'Miehikkl');
insert into city(region_id, name) values (1349, 'Nummela');
insert into city(region_id, name) values (1349, 'Nurmijrvi');
insert into city(region_id, name) values (1349, 'Oulunkyl');
insert into city(region_id, name) values (1349, 'Parikkala');
insert into city(region_id, name) values (1349, 'Porvo');
insert into city(region_id, name) values (1349, 'Porvoo');
insert into city(region_id, name) values (1349, 'Pukkila');
insert into city(region_id, name) values (1349, 'Pyhjrvi');
insert into city(region_id, name) values (1349, 'Riihimki');
insert into city(region_id, name) values (1349, 'Salo');
insert into city(region_id, name) values (1349, 'Simpele');
insert into city(region_id, name) values (1349, 'Siuntio');
insert into city(region_id, name) values (1349, 'Storkrr');
insert into city(region_id, name) values (1349, 'Tammisaari');
insert into city(region_id, name) values (1349, 'Tapiola');
insert into city(region_id, name) values (1349, 'Tavastehus');
insert into city(region_id, name) values (1349, 'Tenhola');
insert into city(region_id, name) values (1349, 'Turkia');
insert into city(region_id, name) values (1349, 'Uusimaa');
insert into city(region_id, name) values (1349, 'Vainikkala');
insert into city(region_id, name) values (1349, 'Vanda');
insert into city(region_id, name) values (1349, 'Vantaa');
insert into city(region_id, name) values (1349, 'Yelsinki');
insert into city(region_id, name) values (1355, 'Aiglun');
insert into city(region_id, name) values (1355, 'Antibes');
insert into city(region_id, name) values (1355, 'Auribeau-sur-Siagne');
insert into city(region_id, name) values (1355, 'Auvare');
insert into city(region_id, name) values (1355, 'Beaulieu-sur-Mer');
insert into city(region_id, name) values (1355, 'Beausoleil');
insert into city(region_id, name) values (1355, 'Belvdre');
insert into city(region_id, name) values (1355, 'Biot');
insert into city(region_id, name) values (1355, 'Cannes');
insert into city(region_id, name) values (1355, 'Cap-dAil');
insert into city(region_id, name) values (1355, 'Juan-les-Pins');
insert into city(region_id, name) values (1355, 'La Tour');
insert into city(region_id, name) values (1355, 'Mandelieu-la-Napoule');
insert into city(region_id, name) values (1355, 'Menton');
insert into city(region_id, name) values (1355, 'Mougins');
insert into city(region_id, name) values (1355, 'Nice');
insert into city(region_id, name) values (1355, 'Saint-Jean-Cap-Ferrat');
insert into city(region_id, name) values (1355, 'Valbonne');
insert into city(region_id, name) values (1355, 'Villeneuve-Loubet');
insert into city(region_id, name) values (1447, 'Adamovec');
insert into city(region_id, name) values (1447, 'Dubrava');
insert into city(region_id, name) values (1447, 'Sesvete');
insert into city(region_id, name) values (1447, 'Zabreg');
insert into city(region_id, name) values (1447, 'Zagrabia');
insert into city(region_id, name) values (1447, 'Zagreb');
insert into city(region_id, name) values (1458, 'Абеше');
insert into city(region_id, name) values (1458, 'Ларжо');
insert into city(region_id, name) values (1458, 'Нджамена');
insert into region(id, country_id, name) values (1459, 203, 'Черногория');
insert into city(region_id, name) values (1093, 'Baki');
insert into city(region_id, name) values (1093, 'Brzykw');
insert into city(region_id, name) values (1093, 'Bukownica');
insert into city(region_id, name) values (1093, 'Krzyki');
insert into city(region_id, name) values (1093, 'Olesnica');
insert into city(region_id, name) values (1093, 'Srodmiescie');
insert into city(region_id, name) values (1093, 'Swidnica Polska');
insert into city(region_id, name) values (1093, 'Wo‚ow');
insert into city(region_id, name) values (1093, 'Wroc‚aw Bartoszewice');
insert into city(region_id, name) values (1093, 'Wroc‚aw Pracze');
insert into city(region_id, name) values (1093, 'Wroc‚aw Strachowice');
insert into city(region_id, name) values (1093, 'Wroc‚aw-Gadow Ma‚y');
insert into city(region_id, name) values (1093, 'Wroc‚aw-Kar‚owice');
insert into city(region_id, name) values (1093, 'Wroc‚aw-Osobowice');
insert into city(region_id, name) values (1093, 'Wroc‚aw-Psie Pole');
insert into city(region_id, name) values (1292, 'Газиантеп');
insert into city(region_id, name) values (1328, 'Алтыарык');
insert into city(region_id, name) values (1328, 'Бешарык');
insert into city(region_id, name) values (1328, 'Вуадиль');
insert into city(region_id, name) values (1328, 'Дангара');
insert into city(region_id, name) values (1328, 'Коканд');
insert into city(region_id, name) values (1328, 'Кува');
insert into city(region_id, name) values (1328, 'Кувасай');
insert into city(region_id, name) values (1328, 'Маргилан');
insert into city(region_id, name) values (1328, 'Учкуприк');
insert into city(region_id, name) values (1328, 'Фергана');
insert into city(region_id, name) values (1328, 'Яйпан');
insert into city(region_id, name) values (1340, 'Arrozal Treinta y Tres');
insert into city(region_id, name) values (1340, 'Paso de Piriz');
insert into city(region_id, name) values (1350, 'nekoski');
insert into city(region_id, name) values (1350, 'Aarlahti');
insert into city(region_id, name) values (1350, 'Aartuka');
insert into city(region_id, name) values (1350, 'Aasla');
insert into city(region_id, name) values (1350, 'bo');
insert into city(region_id, name) values (1350, 'Ahlholm');
insert into city(region_id, name) values (1350, 'Aho');
insert into city(region_id, name) values (1350, 'Aijala');
insert into city(region_id, name) values (1350, 'Alajrvi');
insert into city(region_id, name) values (1350, 'Alastaro');
insert into city(region_id, name) values (1350, 'Brnd');
insert into city(region_id, name) values (1350, 'Etel-Vartsala');
insert into city(region_id, name) values (1350, 'Eura');
insert into city(region_id, name) values (1350, 'Haapamki');
insert into city(region_id, name) values (1350, 'Haapasalo');
insert into city(region_id, name) values (1350, 'Halikko');
insert into city(region_id, name) values (1350, 'Helsinge');
insert into city(region_id, name) values (1350, 'Helsinki');
insert into city(region_id, name) values (1350, 'Huittinen');
insert into city(region_id, name) values (1350, 'Jakobstad');
insert into city(region_id, name) values (1350, 'Jms');
insert into city(region_id, name) values (1350, 'Jeppo');
insert into city(region_id, name) values (1350, 'Joensuu');
insert into city(region_id, name) values (1350, 'Jokela');
insert into city(region_id, name) values (1350, 'Juva');
insert into city(region_id, name) values (1350, 'Jyvskyl');
insert into city(region_id, name) values (1350, 'Jyvskyln Maalaiskunta');
insert into city(region_id, name) values (1350, 'Kaarina');
insert into city(region_id, name) values (1350, 'Kangasala');
insert into city(region_id, name) values (1350, 'Kangasniemi');
insert into city(region_id, name) values (1350, 'Kankaanp');
insert into city(region_id, name) values (1350, 'Kauhajoki');
insert into city(region_id, name) values (1350, 'Kauhava');
insert into city(region_id, name) values (1350, 'Kaustinen');
insert into city(region_id, name) values (1350, 'Keuruu');
insert into city(region_id, name) values (1350, 'Kokemki');
insert into city(region_id, name) values (1350, 'Kokkola');
insert into city(region_id, name) values (1350, 'Kotka');
insert into city(region_id, name) values (1350, 'Kouvala');
insert into city(region_id, name) values (1350, 'Kouvola');
insert into city(region_id, name) values (1350, 'Kovalanmki');
insert into city(region_id, name) values (1350, 'Kristinestad');
insert into city(region_id, name) values (1350, 'Kurejoki');
insert into city(region_id, name) values (1350, 'Kurikka');
insert into city(region_id, name) values (1350, 'Laasala');
insert into city(region_id, name) values (1350, 'Lahti');
insert into city(region_id, name) values (1350, 'Lahtinen');
insert into city(region_id, name) values (1350, 'Lappajrvi');
insert into city(region_id, name) values (1350, 'Lapua');
insert into city(region_id, name) values (1350, 'Laukaa');
insert into city(region_id, name) values (1350, 'Laupunen');
insert into city(region_id, name) values (1350, 'Lieto');
insert into city(region_id, name) values (1350, 'Loimaa');
insert into city(region_id, name) values (1350, 'Maunula');
insert into city(region_id, name) values (1350, 'Merikarvia');
insert into city(region_id, name) values (1350, 'Naantali');
insert into city(region_id, name) values (1350, 'Nrpes');
insert into city(region_id, name) values (1350, 'Nyukarlebyu');
insert into city(region_id, name) values (1350, 'Parkano');
insert into city(region_id, name) values (1350, 'Pietarsaari');
insert into city(region_id, name) values (1350, 'Pitkjrvi');
insert into city(region_id, name) values (1350, 'Pori');
insert into city(region_id, name) values (1350, 'Raisio');
insert into city(region_id, name) values (1350, 'Ramsi');
insert into city(region_id, name) values (1350, 'Rauma');
insert into city(region_id, name) values (1350, 'Redamo');
insert into city(region_id, name) values (1350, 'Riihikoski');
insert into city(region_id, name) values (1350, 'Riihimki');
insert into city(region_id, name) values (1350, 'Salo');
insert into city(region_id, name) values (1350, 'Seinjoki');
insert into city(region_id, name) values (1350, 'Somerniemi');
insert into city(region_id, name) values (1350, 'Somero');
insert into city(region_id, name) values (1350, 'Sydnmaa');
insert into city(region_id, name) values (1350, 'Tammerfors');
insert into city(region_id, name) values (1350, 'Tampere');
insert into city(region_id, name) values (1350, 'Tourula');
insert into city(region_id, name) values (1350, 'Turku');
insert into city(region_id, name) values (1350, 'Tuuri');
insert into city(region_id, name) values (1350, 'Urjala');
insert into city(region_id, name) values (1350, 'Usikaupunki');
insert into city(region_id, name) values (1350, 'Uusikaupunki');
insert into city(region_id, name) values (1350, 'Vaasa');
insert into city(region_id, name) values (1350, 'Valkeakoski');
insert into city(region_id, name) values (1350, 'Vammala');
insert into city(region_id, name) values (1350, 'Vasa');
insert into city(region_id, name) values (1350, 'Vihtavuori');
insert into city(region_id, name) values (1350, 'Virrat');
insert into city(region_id, name) values (1350, 'Vista');
insert into city(region_id, name) values (1350, 'Vuoskoski');
insert into city(region_id, name) values (1350, 'Wasa');
insert into city(region_id, name) values (1356, 'Alboussire');
insert into city(region_id, name) values (1356, 'Aubenas');
insert into city(region_id, name) values (1356, 'Beauvne');
insert into city(region_id, name) values (1356, 'Chambonas');
insert into city(region_id, name) values (1356, 'Joyeuse');
insert into city(region_id, name) values (1356, 'La Voulte-sur-Rhne');
insert into city(region_id, name) values (1356, 'Saint-Pray');
insert into city(region_id, name) values (1448, 'Abrega');
insert into city(region_id, name) values (1448, 'Materada');
insert into city(region_id, name) values (1448, 'Opatija');
insert into city(region_id, name) values (1448, 'Pazin');
insert into city(region_id, name) values (1448, 'Porec');
insert into city(region_id, name) values (1448, 'Rovinj');
insert into city(region_id, name) values (1459, 'Бар');
insert into city(region_id, name) values (1459, 'Будва');
insert into city(region_id, name) values (1459, 'Колашин');
insert into city(region_id, name) values (1459, 'Подгорица');
insert into city(region_id, name) values (1459, 'Тиват');
insert into city(region_id, name) values (1459, 'Херцег-Нови');
insert into city(region_id, name) values (1459, 'Цетинье');
insert into region(id, country_id, name) values (1460, 204, 'Hlavni Mesto Praha');
insert into region(id, country_id, name) values (1461, 204, 'Jihocesky Kraj');
insert into region(id, country_id, name) values (1462, 204, 'Jihomoravsky Kraj');
insert into region(id, country_id, name) values (1463, 204, 'Karlovarsky Kraj');
insert into region(id, country_id, name) values (1464, 204, 'Kralovehradecky Kraj');
insert into region(id, country_id, name) values (1465, 204, 'Liberecky Kraj');
insert into region(id, country_id, name) values (1466, 204, 'Moravskoslezsky Kraj');
insert into region(id, country_id, name) values (1467, 204, 'None');
insert into region(id, country_id, name) values (1468, 204, 'Olomoucky Kraj');
insert into region(id, country_id, name) values (1469, 204, 'Pardubicky Kraj');
insert into region(id, country_id, name) values (1470, 204, 'Plzensky Kraj');
insert into region(id, country_id, name) values (1471, 204, 'Stredocesky Kraj');
insert into region(id, country_id, name) values (1472, 204, 'Ustecky Kraj');
insert into region(id, country_id, name) values (1473, 204, 'Vysocina');
insert into region(id, country_id, name) values (1474, 204, 'Zlinsky Kraj');
insert into city(region_id, name) values (1094, 'Abtei');
insert into city(region_id, name) values (1094, 'Bia‚ogard');
insert into city(region_id, name) values (1094, 'Borne');
insert into city(region_id, name) values (1094, 'Kalisz Pomorski');
insert into city(region_id, name) values (1094, 'Ko‚obrzeg');
insert into city(region_id, name) values (1094, 'Kolberg');
insert into city(region_id, name) values (1094, 'Koszalin');
insert into city(region_id, name) values (1094, 'Plate');
insert into city(region_id, name) values (1094, 'S‚ajsino');
insert into city(region_id, name) values (1094, 'Stargard Szczecinski');
insert into city(region_id, name) values (1094, 'Stettin');
insert into city(region_id, name) values (1094, 'Swinioujscie');
insert into city(region_id, name) values (1094, 'Swinoujscie');
insert into city(region_id, name) values (1094, 'Szczecin');
insert into city(region_id, name) values (1094, 'Szczecin Gumience');
insert into city(region_id, name) values (1094, 'Szczecinek');
insert into city(region_id, name) values (1094, 'Trzebiatw');
insert into city(region_id, name) values (1293, 'Денизли');
insert into city(region_id, name) values (1329, 'Ургенч');
insert into city(region_id, name) values (1329, 'Хива');
insert into city(region_id, name) values (1357, 'Aiglemont');
insert into city(region_id, name) values (1357, 'Charleville-Mzires');
insert into city(region_id, name) values (1357, 'Rethel');
insert into city(region_id, name) values (1357, 'Sedan');
insert into city(region_id, name) values (1449, 'Karlovac');
insert into city(region_id, name) values (1460, 'Praha');
insert into region(id, country_id, name) values (1475, 205, 'Aisn del General Carlos Ibnez del Campo');
insert into region(id, country_id, name) values (1476, 205, 'Antofagasta');
insert into region(id, country_id, name) values (1477, 205, 'Araucana');
insert into region(id, country_id, name) values (1478, 205, 'Atacama');
insert into region(id, country_id, name) values (1479, 205, 'Bo-Bo');
insert into region(id, country_id, name) values (1480, 205, 'Coquimbo');
insert into region(id, country_id, name) values (1481, 205, 'Libertador General Bernardo OHiggins');
insert into region(id, country_id, name) values (1482, 205, 'Los Lagos');
insert into region(id, country_id, name) values (1483, 205, 'Magallanes y de la Antrtica Chilena');
insert into region(id, country_id, name) values (1484, 205, 'Maule');
insert into region(id, country_id, name) values (1485, 205, 'Region Metropolitana');
insert into region(id, country_id, name) values (1486, 205, 'Tarapac');
insert into region(id, country_id, name) values (1487, 205, 'Valparaso');
insert into city(region_id, name) values (1095, 'Dub');
insert into city(region_id, name) values (1095, 'Tomaszw Lubelski');
insert into city(region_id, name) values (1095, 'Zamosc');
insert into city(region_id, name) values (1294, 'Измир');
insert into city(region_id, name) values (1358, 'Aigues-Vives');
insert into city(region_id, name) values (1358, 'Albis');
insert into city(region_id, name) values (1358, 'Allires');
insert into city(region_id, name) values (1358, 'Saverdun');
insert into city(region_id, name) values (1358, 'Sem');
insert into city(region_id, name) values (1450, 'Cakovec');
insert into city(region_id, name) values (1450, 'Nedelisce');
insert into city(region_id, name) values (1461, 'Bhmisch Budweis');
insert into city(region_id, name) values (1461, 'Budejovice');
insert into city(region_id, name) values (1461, 'Budweis');
insert into city(region_id, name) values (1461, 'Ceske Budejovice');
insert into city(region_id, name) values (1461, 'Ceske Krumlov');
insert into city(region_id, name) values (1461, 'Cesky Krumlov');
insert into city(region_id, name) values (1461, 'Krummau');
insert into city(region_id, name) values (1461, 'Psek');
insert into city(region_id, name) values (1461, 'Prachatice');
insert into city(region_id, name) values (1461, 'Prachatitz');
insert into city(region_id, name) values (1461, 'Strakonice');
insert into city(region_id, name) values (1461, 'Tbor');
insert into city(region_id, name) values (1475, 'Coihaique');
insert into city(region_id, name) values (1475, 'Coyhaique');
insert into region(id, country_id, name) values (1488, 206, 'Aargau');
insert into region(id, country_id, name) values (1489, 206, 'Appenzell Ausserrhoden');
insert into region(id, country_id, name) values (1490, 206, 'Appenzell Innerrhoden');
insert into region(id, country_id, name) values (1491, 206, 'Basel-Landschaft');
insert into region(id, country_id, name) values (1492, 206, 'Basel-Stadt');
insert into region(id, country_id, name) values (1493, 206, 'Bern');
insert into region(id, country_id, name) values (1494, 206, 'Fribourg');
insert into region(id, country_id, name) values (1495, 206, 'Genve');
insert into region(id, country_id, name) values (1496, 206, 'Glarus');
insert into region(id, country_id, name) values (1497, 206, 'Graubnden');
insert into region(id, country_id, name) values (1498, 206, 'Jura');
insert into region(id, country_id, name) values (1499, 206, 'Luzern');
insert into region(id, country_id, name) values (1500, 206, 'Neuchtel');
insert into region(id, country_id, name) values (1501, 206, 'Nidwalden');
insert into region(id, country_id, name) values (1502, 206, 'Obwalden');
insert into region(id, country_id, name) values (1503, 206, 'Sankt Gallen');
insert into region(id, country_id, name) values (1504, 206, 'Schaffhausen');
insert into region(id, country_id, name) values (1505, 206, 'Schwyz');
insert into region(id, country_id, name) values (1506, 206, 'Solothurn');
insert into region(id, country_id, name) values (1507, 206, 'Thurgau');
insert into region(id, country_id, name) values (1508, 206, 'Ticino');
insert into region(id, country_id, name) values (1509, 206, 'Uri');
insert into region(id, country_id, name) values (1510, 206, 'Valais');
insert into region(id, country_id, name) values (1511, 206, 'Vaud');
insert into region(id, country_id, name) values (1512, 206, 'Zug');
insert into region(id, country_id, name) values (1513, 206, 'Zrich');
insert into city(region_id, name) values (1096, 'Gubin');
insert into city(region_id, name) values (1096, 'Krosno Odrzanskie');
insert into city(region_id, name) values (1096, 'Sulechw');
insert into city(region_id, name) values (1096, 'Zagan');
insert into city(region_id, name) values (1096, 'Zary');
insert into city(region_id, name) values (1295, 'Испарта');
insert into city(region_id, name) values (1359, 'Ailleville');
insert into city(region_id, name) values (1359, 'Amance');
insert into city(region_id, name) values (1359, 'Arsonval');
insert into city(region_id, name) values (1359, 'Bar-sur-Seine');
insert into city(region_id, name) values (1359, 'Mry-sur-Seine');
insert into city(region_id, name) values (1359, 'Troyes');
insert into city(region_id, name) values (1451, 'Pula');
insert into city(region_id, name) values (1462, 'Berno');
insert into city(region_id, name) values (1462, 'Blansko');
insert into city(region_id, name) values (1462, 'Breclav');
insert into city(region_id, name) values (1462, 'Brno');
insert into city(region_id, name) values (1462, 'Brnn');
insert into city(region_id, name) values (1462, 'Hodonn');
insert into city(region_id, name) values (1462, 'Vyskov');
insert into city(region_id, name) values (1462, 'Znojmo');
insert into city(region_id, name) values (1476, 'Antofagasta');
insert into city(region_id, name) values (1488, 'Aarau');
insert into city(region_id, name) values (1488, 'Aarburg');
insert into city(region_id, name) values (1488, 'Baden');
insert into city(region_id, name) values (1488, 'Birr');
insert into city(region_id, name) values (1488, 'Dttingen');
insert into city(region_id, name) values (1488, 'Frick');
insert into city(region_id, name) values (1488, 'Kaiseraugst');
insert into city(region_id, name) values (1488, 'Lenzburg');
insert into city(region_id, name) values (1488, 'Mellingen');
insert into city(region_id, name) values (1488, 'Menziken');
insert into city(region_id, name) values (1488, 'Merenschwand');
insert into city(region_id, name) values (1488, 'Mumpf');
insert into city(region_id, name) values (1488, 'Niederlenz');
insert into city(region_id, name) values (1488, 'Oberentfelden');
insert into city(region_id, name) values (1488, 'Oberrti');
insert into city(region_id, name) values (1488, 'Rheinfelden');
insert into city(region_id, name) values (1488, 'Seengen');
insert into city(region_id, name) values (1488, 'Sins');
insert into city(region_id, name) values (1488, 'Stilli');
insert into city(region_id, name) values (1488, 'Suhr');
insert into city(region_id, name) values (1488, 'Turgi');
insert into city(region_id, name) values (1488, 'Villmergen');
insert into city(region_id, name) values (1488, 'Wettingen');
insert into city(region_id, name) values (1488, 'Wrenlingen');
insert into city(region_id, name) values (1488, 'Zofingen');
insert into region(id, country_id, name) values (1514, 207, 'Blekinge Lan');
insert into region(id, country_id, name) values (1515, 207, 'Dalarnas Lan');
insert into region(id, country_id, name) values (1516, 207, 'Gavleborgs Lan');
insert into region(id, country_id, name) values (1517, 207, 'Gotlands Lan');
insert into region(id, country_id, name) values (1518, 207, 'Hallands Lan');
insert into region(id, country_id, name) values (1519, 207, 'Jamtlands Lan');
insert into region(id, country_id, name) values (1520, 207, 'Jonkopings Lan');
insert into region(id, country_id, name) values (1521, 207, 'Kalmar Lan');
insert into region(id, country_id, name) values (1522, 207, 'Kronobergs Lan');
insert into region(id, country_id, name) values (1523, 207, 'None');
insert into region(id, country_id, name) values (1524, 207, 'Norrbottens Lan');
insert into region(id, country_id, name) values (1525, 207, 'Orebro Lan');
insert into region(id, country_id, name) values (1526, 207, 'Ostergotlands Lan');
insert into region(id, country_id, name) values (1527, 207, 'Skane Lan');
insert into region(id, country_id, name) values (1528, 207, 'Sodermanlands Lan');
insert into region(id, country_id, name) values (1529, 207, 'Stockholms Lan');
insert into region(id, country_id, name) values (1530, 207, 'Uppsala Lan');
insert into region(id, country_id, name) values (1531, 207, 'Varmlands Lan');
insert into region(id, country_id, name) values (1532, 207, 'Vasterbottens Lan');
insert into region(id, country_id, name) values (1533, 207, 'Vasternorrlands Lan');
insert into region(id, country_id, name) values (1534, 207, 'Vastmanlands Lan');
insert into region(id, country_id, name) values (1535, 207, 'Vastra Gotaland');
insert into city(region_id, name) values (1296, 'Мерсин');
insert into city(region_id, name) values (1360, 'Ajac');
insert into city(region_id, name) values (1360, 'Azille');
insert into city(region_id, name) values (1360, 'Carcassonne');
insert into city(region_id, name) values (1360, 'Castelnaudary');
insert into city(region_id, name) values (1360, 'Fa');
insert into city(region_id, name) values (1360, 'Fabrezan');
insert into city(region_id, name) values (1360, 'Lzignan-Corbires');
insert into city(region_id, name) values (1360, 'Limoux');
insert into city(region_id, name) values (1360, 'Luc-sur-Orbieu');
insert into city(region_id, name) values (1360, 'Narbonne');
insert into city(region_id, name) values (1360, 'Narbonne-Plage');
insert into city(region_id, name) values (1360, 'Villelongue-dAude');
insert into city(region_id, name) values (1452, 'Barusic');
insert into city(region_id, name) values (1452, 'Opatija');
insert into city(region_id, name) values (1452, 'Rijeka');
insert into city(region_id, name) values (1463, 'Carlsbad');
insert into city(region_id, name) values (1463, 'Cheb');
insert into city(region_id, name) values (1463, 'Eger');
insert into city(region_id, name) values (1463, 'Falkenau');
insert into city(region_id, name) values (1463, 'Falknov');
insert into city(region_id, name) values (1463, 'Karl Vary');
insert into city(region_id, name) values (1463, 'Karlovy Vary');
insert into city(region_id, name) values (1463, 'Karlsbad');
insert into city(region_id, name) values (1463, 'Sokolov');
insert into city(region_id, name) values (1463, 'Sokolov nad Ohri');
insert into city(region_id, name) values (1477, 'Pucn');
insert into city(region_id, name) values (1477, 'Temuco');
insert into city(region_id, name) values (1489, 'Gais');
insert into city(region_id, name) values (1489, 'Heiden');
insert into city(region_id, name) values (1489, 'Herisau');
insert into city(region_id, name) values (1489, 'Zrchersmhle');
insert into city(region_id, name) values (1514, 'Abborremla');
insert into city(region_id, name) values (1514, 'lmtamla');
insert into city(region_id, name) values (1514, 'Asarum');
insert into city(region_id, name) values (1514, 'Backaryd');
insert into city(region_id, name) values (1514, 'Karlshamn');
insert into city(region_id, name) values (1514, 'Karlskrona');
insert into city(region_id, name) values (1514, 'Kylinge');
insert into city(region_id, name) values (1514, 'Olofstrm');
insert into city(region_id, name) values (1514, 'Rdeby');
insert into city(region_id, name) values (1514, 'Ronneby');
insert into city(region_id, name) values (1514, 'Slvesborg');
insert into region(id, country_id, name) values (1536, 208, 'Шри-Ланка');
insert into city(region_id, name) values (1297, 'Кэйсери');
insert into city(region_id, name) values (1361, 'Agen-dAveyron');
insert into city(region_id, name) values (1361, 'Auriac-Lagast');
insert into city(region_id, name) values (1361, 'Bozouls');
insert into city(region_id, name) values (1361, 'Brandonnet');
insert into city(region_id, name) values (1361, 'Brommat');
insert into city(region_id, name) values (1361, 'Curan');
insert into city(region_id, name) values (1361, 'Nant');
insert into city(region_id, name) values (1361, 'Rodez');
insert into city(region_id, name) values (1361, 'Saint-Beaulize');
insert into city(region_id, name) values (1453, 'Sebenico');
insert into city(region_id, name) values (1453, 'Sibenik');
insert into city(region_id, name) values (1464, 'Gradets Kralove');
insert into city(region_id, name) values (1464, 'Hradec Krlov');
insert into city(region_id, name) values (1464, 'Jicin');
insert into city(region_id, name) values (1464, 'Nchod');
insert into city(region_id, name) values (1464, 'Reichenau');
insert into city(region_id, name) values (1464, 'Rychnov nad Kneznou');
insert into city(region_id, name) values (1464, 'Trutnov');
insert into city(region_id, name) values (1478, 'Copiap');
insert into city(region_id, name) values (1490, 'Appenzell');
insert into city(region_id, name) values (1490, 'Gonten');
insert into city(region_id, name) values (1515, 'Avesta');
insert into city(region_id, name) values (1515, 'Bodarna');
insert into city(region_id, name) values (1515, 'Borlnge');
insert into city(region_id, name) values (1515, 'Falun');
insert into city(region_id, name) values (1515, 'Gagnef');
insert into city(region_id, name) values (1515, 'Grngesberg');
insert into city(region_id, name) values (1515, 'Hedemora');
insert into city(region_id, name) values (1515, 'Hkberget');
insert into city(region_id, name) values (1515, 'Ludvika');
insert into city(region_id, name) values (1515, 'Mora-Noret');
insert into city(region_id, name) values (1536, 'Коломбо');
insert into region(id, country_id, name) values (1537, 209, 'Azuay');
insert into region(id, country_id, name) values (1538, 209, 'Bolvar');
insert into region(id, country_id, name) values (1539, 209, 'Chimborazo');
insert into region(id, country_id, name) values (1540, 209, 'El Oro');
insert into region(id, country_id, name) values (1541, 209, 'Galpagos');
insert into region(id, country_id, name) values (1542, 209, 'Guayas');
insert into region(id, country_id, name) values (1543, 209, 'Imbabura');
insert into region(id, country_id, name) values (1544, 209, 'Loja');
insert into region(id, country_id, name) values (1545, 209, 'Manab');
insert into region(id, country_id, name) values (1546, 209, 'Napo');
insert into region(id, country_id, name) values (1547, 209, 'Pastaza');
insert into region(id, country_id, name) values (1548, 209, 'Pichincha');
insert into region(id, country_id, name) values (1549, 209, 'Tungurahua');
insert into city(region_id, name) values (1298, 'Карс');
insert into city(region_id, name) values (1362, 'Achenheim');
insert into city(region_id, name) values (1362, 'Allenwiller');
insert into city(region_id, name) values (1362, 'Altenheim');
insert into city(region_id, name) values (1362, 'Barr');
insert into city(region_id, name) values (1362, 'Illkirch-Graffenstaden');
insert into city(region_id, name) values (1362, 'Niederbronn-les-Bains');
insert into city(region_id, name) values (1362, 'Russ');
insert into city(region_id, name) values (1362, 'Saverne');
insert into city(region_id, name) values (1362, 'Schiltigheim');
insert into city(region_id, name) values (1362, 'Slestat');
insert into city(region_id, name) values (1362, 'Strasbourg');
insert into city(region_id, name) values (1362, 'Wintzenbach');
insert into city(region_id, name) values (1454, 'Cesko Selo');
insert into city(region_id, name) values (1454, 'Sisak');
insert into city(region_id, name) values (1465, 'Ceska Lipa');
insert into city(region_id, name) values (1465, 'Jablonec');
insert into city(region_id, name) values (1465, 'Jablonec nad Nisou');
insert into city(region_id, name) values (1465, 'Liberec');
insert into city(region_id, name) values (1465, 'Lipa');
insert into city(region_id, name) values (1465, 'Reichenberg');
insert into city(region_id, name) values (1465, 'Semily');
insert into city(region_id, name) values (1479, 'Boca Bo-Bo');
insert into city(region_id, name) values (1479, 'Cabrero');
insert into city(region_id, name) values (1479, 'Cajn de Mela');
insert into city(region_id, name) values (1479, 'Callaqui');
insert into city(region_id, name) values (1479, 'Chilln');
insert into city(region_id, name) values (1479, 'Ciudad de Concepcion');
insert into city(region_id, name) values (1479, 'Concepcin');
insert into city(region_id, name) values (1479, 'Lota Alto');
insert into city(region_id, name) values (1479, 'Quirihue');
insert into city(region_id, name) values (1491, 'Allschwil');
insert into city(region_id, name) values (1491, 'Arisdorf');
insert into city(region_id, name) values (1491, 'Arlesheim');
insert into city(region_id, name) values (1491, 'Binningen');
insert into city(region_id, name) values (1491, 'Ettingen');
insert into city(region_id, name) values (1491, 'Frenkendorf');
insert into city(region_id, name) values (1491, 'Laufen');
insert into city(region_id, name) values (1491, 'Liestal');
insert into city(region_id, name) values (1491, 'Mnchenstein');
insert into city(region_id, name) values (1491, 'Muttenz');
insert into city(region_id, name) values (1491, 'Sissach');
insert into city(region_id, name) values (1516, 'Bollns');
insert into city(region_id, name) values (1516, 'Delsbo');
insert into city(region_id, name) values (1516, 'Gfle');
insert into city(region_id, name) values (1516, 'Gvle');
insert into city(region_id, name) values (1516, 'Hudiksvall');
insert into city(region_id, name) values (1516, 'Ljusdal');
insert into city(region_id, name) values (1516, 'Sandviken');
insert into city(region_id, name) values (1516, 'Sderhamn');
insert into city(region_id, name) values (1516, 'Valbo');
insert into city(region_id, name) values (1537, 'Cuenca');
insert into region(id, country_id, name) values (1550, 210, 'Малабо');
insert into city(region_id, name) values (1299, 'Измит');
insert into city(region_id, name) values (1299, 'Кокели');
insert into city(region_id, name) values (1363, 'Aix-en-Provence');
insert into city(region_id, name) values (1363, 'Arles');
insert into city(region_id, name) values (1363, 'Aubagne');
insert into city(region_id, name) values (1363, 'Belcodne');
insert into city(region_id, name) values (1363, 'Bouc-Bel-Air');
insert into city(region_id, name) values (1363, 'Carry-le-Rouet');
insert into city(region_id, name) values (1363, 'Marseille');
insert into city(region_id, name) values (1363, 'Martigues');
insert into city(region_id, name) values (1363, 'Saint-Paul-lez-Durance');
insert into city(region_id, name) values (1363, 'Salon-de-Provence');
insert into city(region_id, name) values (1363, 'Tarascon');
insert into city(region_id, name) values (1455, 'Spalato');
insert into city(region_id, name) values (1455, 'Split');
insert into city(region_id, name) values (1466, 'Bruntl');
insert into city(region_id, name) values (1466, 'Freistadt');
insert into city(region_id, name) values (1466, 'Frdek-Mstek');
insert into city(region_id, name) values (1466, 'Karvin');
insert into city(region_id, name) values (1466, 'Novy Jicin');
insert into city(region_id, name) values (1466, 'Opava');
insert into city(region_id, name) values (1466, 'Ostrava');
insert into city(region_id, name) values (1480, 'Algarrobo');
insert into city(region_id, name) values (1480, 'Illapel');
insert into city(region_id, name) values (1480, 'La Serena');
insert into city(region_id, name) values (1480, 'Ovalle');
insert into city(region_id, name) values (1480, 'Vicua');
insert into city(region_id, name) values (1492, 'Basel');
insert into city(region_id, name) values (1492, 'Bettingen');
insert into city(region_id, name) values (1517, 'Alby');
insert into city(region_id, name) values (1517, 'Roma');
insert into city(region_id, name) values (1517, 'Visby');
insert into city(region_id, name) values (1538, 'Asuncin');
insert into city(region_id, name) values (1538, 'Bilovn');
insert into city(region_id, name) values (1550, 'Малабо');
insert into region(id, country_id, name) values (1551, 211, 'Эритрея');
insert into city(region_id, name) values (1300, 'Кониа');
insert into city(region_id, name) values (1364, 'Ablon');
insert into city(region_id, name) values (1364, 'Anisy');
insert into city(region_id, name) values (1364, 'Caen');
insert into city(region_id, name) values (1364, 'Canon');
insert into city(region_id, name) values (1364, 'Deauville');
insert into city(region_id, name) values (1364, 'Douville-en-Auge');
insert into city(region_id, name) values (1456, 'Varazdin');
insert into city(region_id, name) values (1467, 'Abaschin');
insert into city(region_id, name) values (1467, 'Adlerova Hut');
insert into city(region_id, name) values (1467, 'Brno-Kralovo');
insert into city(region_id, name) values (1467, 'Filz');
insert into city(region_id, name) values (1467, 'Jablonn nad Orlic');
insert into city(region_id, name) values (1467, 'Kladno');
insert into city(region_id, name) values (1467, 'Krupka');
insert into city(region_id, name) values (1467, 'Mal Skla');
insert into city(region_id, name) values (1467, 'Prague-Vinohrady');
insert into city(region_id, name) values (1467, 'Pretin');
insert into city(region_id, name) values (1467, 'Raabe');
insert into city(region_id, name) values (1467, 'Vsebor');
insert into city(region_id, name) values (1481, 'Codegua');
insert into city(region_id, name) values (1481, 'Isla del Guindo');
insert into city(region_id, name) values (1481, 'Peumo');
insert into city(region_id, name) values (1481, 'Rancagua');
insert into city(region_id, name) values (1481, 'San Vicente de Taguatagua');
insert into city(region_id, name) values (1493, 'Arch');
insert into city(region_id, name) values (1493, 'Bellelay');
insert into city(region_id, name) values (1493, 'Belp');
insert into city(region_id, name) values (1493, 'Bern');
insert into city(region_id, name) values (1493, 'Biglen');
insert into city(region_id, name) values (1493, 'Boll');
insert into city(region_id, name) values (1493, 'Brienzwiler');
insert into city(region_id, name) values (1493, 'Corgmont');
insert into city(region_id, name) values (1493, 'Heimenschwand');
insert into city(region_id, name) values (1493, 'Herzogenbuchsee');
insert into city(region_id, name) values (1493, 'Huttwil');
insert into city(region_id, name) values (1493, 'Interlaken');
insert into city(region_id, name) values (1493, 'Langenthal');
insert into city(region_id, name) values (1493, 'Lotzwil');
insert into city(region_id, name) values (1493, 'Lyss');
insert into city(region_id, name) values (1493, 'Mrigen');
insert into city(region_id, name) values (1493, 'Nidau');
insert into city(region_id, name) values (1493, 'Steffisburg');
insert into city(region_id, name) values (1493, 'Thun');
insert into city(region_id, name) values (1493, 'Uttigen');
insert into city(region_id, name) values (1493, 'Zweiltschinen');
insert into city(region_id, name) values (1518, 'Abild');
insert into city(region_id, name) values (1518, 'ker');
insert into city(region_id, name) values (1518, 'Allared');
insert into city(region_id, name) values (1518, 'Falkenberg');
insert into city(region_id, name) values (1518, 'Halmstad');
insert into city(region_id, name) values (1518, 'Hyltebruk');
insert into city(region_id, name) values (1518, 'Kpinge');
insert into city(region_id, name) values (1518, 'Kungsbacka');
insert into city(region_id, name) values (1518, 'Varberg');
insert into city(region_id, name) values (1539, 'Riobamba');
insert into city(region_id, name) values (1551, 'Асмара');
insert into region(id, country_id, name) values (1552, 212, 'Эстония');
insert into city(region_id, name) values (1301, 'Кириккал');
insert into city(region_id, name) values (1365, 'Aurillac');
insert into city(region_id, name) values (1365, 'Bassignac');
insert into city(region_id, name) values (1457, 'Dubrava');
insert into city(region_id, name) values (1457, 'Topolje');
insert into city(region_id, name) values (1457, 'Vrbovec');
insert into city(region_id, name) values (1457, 'Zadar');
insert into city(region_id, name) values (1457, 'Zara');
insert into city(region_id, name) values (1468, 'Jesenk');
insert into city(region_id, name) values (1468, 'Olomouc');
insert into city(region_id, name) values (1468, 'Prerov');
insert into city(region_id, name) values (1468, 'Prostejov');
insert into city(region_id, name) values (1468, 'Sumperk');
insert into city(region_id, name) values (1482, 'Aguas Buenas');
insert into city(region_id, name) values (1482, 'Ancud');
insert into city(region_id, name) values (1482, 'Antillanca');
insert into city(region_id, name) values (1482, 'California');
insert into city(region_id, name) values (1482, 'Castro');
insert into city(region_id, name) values (1482, 'Osorno');
insert into city(region_id, name) values (1482, 'Pichil');
insert into city(region_id, name) values (1482, 'Puerto Montt');
insert into city(region_id, name) values (1482, 'Valdivia');
insert into city(region_id, name) values (1494, 'Barberche');
insert into city(region_id, name) values (1494, 'Bulle');
insert into city(region_id, name) values (1494, 'Cheyres');
insert into city(region_id, name) values (1494, 'Fribourg');
insert into city(region_id, name) values (1519, 'lven');
insert into city(region_id, name) values (1519, 'stersund');
insert into city(region_id, name) values (1519, 'Stockholm');
insert into city(region_id, name) values (1540, 'Alvarez');
insert into city(region_id, name) values (1540, 'Machala');
insert into city(region_id, name) values (1552, 'Абья-Палуоя');
insert into city(region_id, name) values (1552, 'Азери');
insert into city(region_id, name) values (1552, 'Антсла');
insert into city(region_id, name) values (1552, 'Валга');
insert into city(region_id, name) values (1552, 'Васкнарва');
insert into city(region_id, name) values (1552, 'Вильянди');
insert into city(region_id, name) values (1552, 'Выру');
insert into city(region_id, name) values (1552, 'Йыгева');
insert into city(region_id, name) values (1552, 'Йыхви');
insert into city(region_id, name) values (1552, 'Калласте');
insert into city(region_id, name) values (1552, 'Кейла');
insert into city(region_id, name) values (1552, 'Кехра');
insert into city(region_id, name) values (1552, 'Кивиыли');
insert into city(region_id, name) values (1552, 'Килинги');
insert into city(region_id, name) values (1552, 'Килинги-Нымме');
insert into city(region_id, name) values (1552, 'Кингисепп');
insert into city(region_id, name) values (1552, 'Кохтла-Ярве');
insert into city(region_id, name) values (1552, 'Кунда');
insert into city(region_id, name) values (1552, 'Куресааре');
insert into city(region_id, name) values (1552, 'Кярдла');
insert into city(region_id, name) values (1552, 'Муствээ');
insert into city(region_id, name) values (1552, 'Мыйзакюла');
insert into city(region_id, name) values (1552, 'Нарва');
insert into city(region_id, name) values (1552, 'Пайде');
insert into city(region_id, name) values (1552, 'Палдиски');
insert into city(region_id, name) values (1552, 'Пылва');
insert into city(region_id, name) values (1552, 'Пылтсамаа');
insert into city(region_id, name) values (1552, 'Пярну');
insert into city(region_id, name) values (1552, 'Раквере');
insert into city(region_id, name) values (1552, 'Рапла');
insert into city(region_id, name) values (1552, 'Ряпино');
insert into city(region_id, name) values (1552, 'Силламяэ');
insert into city(region_id, name) values (1552, 'Сууре-Яани');
insert into city(region_id, name) values (1552, 'Таллин');
insert into city(region_id, name) values (1552, 'Тапа');
insert into city(region_id, name) values (1552, 'Тарту');
insert into city(region_id, name) values (1552, 'Тырва');
insert into city(region_id, name) values (1552, 'Хаапсалу');
insert into city(region_id, name) values (1552, 'Эльва');
insert into region(id, country_id, name) values (1553, 213, 'Эфиопия');
insert into city(region_id, name) values (1302, 'Кутахиа');
insert into city(region_id, name) values (1366, 'Aigre');
insert into city(region_id, name) values (1366, 'Angoulme');
insert into city(region_id, name) values (1366, 'Cognac');
insert into city(region_id, name) values (1469, 'Chrudim');
insert into city(region_id, name) values (1469, 'Pardubice');
insert into city(region_id, name) values (1469, 'Pardubitz');
insert into city(region_id, name) values (1469, 'Svitave');
insert into city(region_id, name) values (1469, 'st nad Orlic');
insert into city(region_id, name) values (1483, 'Magallanes');
insert into city(region_id, name) values (1483, 'Punta Arenas');
insert into city(region_id, name) values (1495, 'Bellevue');
insert into city(region_id, name) values (1495, 'Bernex');
insert into city(region_id, name) values (1495, 'Chambsy');
insert into city(region_id, name) values (1495, 'Chancy');
insert into city(region_id, name) values (1495, 'Chne-Bougeries');
insert into city(region_id, name) values (1495, 'Collonge-Bellerive');
insert into city(region_id, name) values (1495, 'Cologny');
insert into city(region_id, name) values (1495, 'Confignon');
insert into city(region_id, name) values (1495, 'Genf');
insert into city(region_id, name) values (1495, 'Hermance');
insert into city(region_id, name) values (1495, 'Jussy');
insert into city(region_id, name) values (1495, 'La Praille');
insert into city(region_id, name) values (1495, 'Le Grand-Saconnex');
insert into city(region_id, name) values (1495, 'Meyrin');
insert into city(region_id, name) values (1495, 'Onex');
insert into city(region_id, name) values (1495, 'Plan-les-Ouates');
insert into city(region_id, name) values (1495, 'Russin');
insert into city(region_id, name) values (1495, 'Vernier');
insert into city(region_id, name) values (1495, 'Versoix');
insert into city(region_id, name) values (1495, 'Vsenaz');
insert into city(region_id, name) values (1520, 'Bodafors');
insert into city(region_id, name) values (1520, 'Eksj');
insert into city(region_id, name) values (1520, 'Gislaved');
insert into city(region_id, name) values (1520, 'Huskvarna');
insert into city(region_id, name) values (1520, 'Jnkping');
insert into city(region_id, name) values (1520, 'Nssj');
insert into city(region_id, name) values (1520, 'Trans');
insert into city(region_id, name) values (1520, 'Vrnamo');
insert into city(region_id, name) values (1520, 'Vetlanda');
insert into city(region_id, name) values (1541, 'Puerto Ayora');
insert into city(region_id, name) values (1553, 'Аддис-Абеба');
insert into city(region_id, name) values (1553, 'Гондэр');
insert into city(region_id, name) values (1553, 'Дэссе');
insert into region(id, country_id, name) values (1554, 214, 'Йоханесбург');
insert into city(region_id, name) values (1303, 'Малатиа');
insert into city(region_id, name) values (1367, 'Beaugeay');
insert into city(region_id, name) values (1367, 'Benon');
insert into city(region_id, name) values (1367, 'La Rochelle');
insert into city(region_id, name) values (1367, 'Nantill');
insert into city(region_id, name) values (1367, 'Royan');
insert into city(region_id, name) values (1367, 'Saint-Georges-de-Didonne');
insert into city(region_id, name) values (1470, 'Domazlice');
insert into city(region_id, name) values (1470, 'Klatovy');
insert into city(region_id, name) values (1470, 'Pilsen');
insert into city(region_id, name) values (1470, 'Plzen');
insert into city(region_id, name) values (1470, 'Rokycan');
insert into city(region_id, name) values (1470, 'Rokycany');
insert into city(region_id, name) values (1470, 'Tachov');
insert into city(region_id, name) values (1484, 'Baos de Panimvida');
insert into city(region_id, name) values (1484, 'Caliboro');
insert into city(region_id, name) values (1484, 'Talca');
insert into city(region_id, name) values (1496, 'Filzbach');
insert into city(region_id, name) values (1496, 'Matt');
insert into city(region_id, name) values (1496, 'Mollis');
insert into city(region_id, name) values (1521, 'Aboda');
insert into city(region_id, name) values (1521, 'Borsna');
insert into city(region_id, name) values (1521, 'Degerhamn');
insert into city(region_id, name) values (1521, 'Hgsby');
insert into city(region_id, name) values (1521, 'Hultsfred');
insert into city(region_id, name) values (1521, 'Kalmar');
insert into city(region_id, name) values (1521, 'Malm');
insert into city(region_id, name) values (1521, 'Mrlunda');
insert into city(region_id, name) values (1521, 'Oskarshamn');
insert into city(region_id, name) values (1521, 'Vstervik');
insert into city(region_id, name) values (1521, 'Vimmerby');
insert into city(region_id, name) values (1542, 'Alfredo Baquerizo Moreno');
insert into city(region_id, name) values (1542, 'Bella Vista');
insert into city(region_id, name) values (1542, 'Durn');
insert into city(region_id, name) values (1542, 'Guayaquil');
insert into city(region_id, name) values (1542, 'Salinas');
insert into city(region_id, name) values (1554, 'Йоханесбург');
insert into region(id, country_id, name) values (1555, 215, 'Cheju');
insert into region(id, country_id, name) values (1556, 215, 'Chollabuk');
insert into region(id, country_id, name) values (1557, 215, 'Chollanam');
insert into region(id, country_id, name) values (1558, 215, 'Chungcheongbuk');
insert into region(id, country_id, name) values (1559, 215, 'Chungcheongnam');
insert into region(id, country_id, name) values (1560, 215, 'Incheon');
insert into region(id, country_id, name) values (1561, 215, 'Kangweon');
insert into region(id, country_id, name) values (1562, 215, 'Kwangju');
insert into region(id, country_id, name) values (1563, 215, 'Kyeonggi');
insert into region(id, country_id, name) values (1564, 215, 'Kyeongsangbuk');
insert into region(id, country_id, name) values (1565, 215, 'Kyeongsangnam');
insert into region(id, country_id, name) values (1566, 215, 'Pusan');
insert into region(id, country_id, name) values (1567, 215, 'Seoul');
insert into region(id, country_id, name) values (1568, 215, 'Taegu');
insert into region(id, country_id, name) values (1569, 215, 'Taejeon');
insert into region(id, country_id, name) values (1570, 215, 'Ulsan');
insert into region(id, country_id, name) values (1571, 215, 'Южная Корея');
insert into city(region_id, name) values (1304, 'Маниса');
insert into city(region_id, name) values (1368, 'Annoix');
insert into city(region_id, name) values (1368, 'Azy');
insert into city(region_id, name) values (1368, 'Bourges');
insert into city(region_id, name) values (1368, 'Cerbois');
insert into city(region_id, name) values (1368, 'Chry');
insert into city(region_id, name) values (1368, 'Culan');
insert into city(region_id, name) values (1368, 'Uzay-le-Venon');
insert into city(region_id, name) values (1368, 'Vierzon');
insert into city(region_id, name) values (1471, 'Benesov');
insert into city(region_id, name) values (1471, 'Beroun');
insert into city(region_id, name) values (1471, 'Kladno');
insert into city(region_id, name) values (1471, 'Koln');
insert into city(region_id, name) values (1471, 'Kutn Hora');
insert into city(region_id, name) values (1471, 'Melnik');
insert into city(region_id, name) values (1471, 'Mlad Boleslav');
insert into city(region_id, name) values (1471, 'Nimburg');
insert into city(region_id, name) values (1471, 'Nymburk');
insert into city(region_id, name) values (1471, 'Pribram');
insert into city(region_id, name) values (1471, 'Rakovnk');
insert into city(region_id, name) values (1485, 'CiudadSantiago');
insert into city(region_id, name) values (1485, 'La Florida');
insert into city(region_id, name) values (1485, 'La Granja');
insert into city(region_id, name) values (1485, 'La Reina');
insert into city(region_id, name) values (1485, 'Lampa');
insert into city(region_id, name) values (1485, 'Maip');
insert into city(region_id, name) values (1485, 'uoa');
insert into city(region_id, name) values (1485, 'Pealoln');
insert into city(region_id, name) values (1485, 'Puente Alto');
insert into city(region_id, name) values (1485, 'Quilicura');
insert into city(region_id, name) values (1485, 'San Bernardo');
insert into city(region_id, name) values (1485, 'San Joaqun');
insert into city(region_id, name) values (1485, 'Santiago');
insert into city(region_id, name) values (1497, 'Ardez');
insert into city(region_id, name) values (1497, 'Bivio');
insert into city(region_id, name) values (1497, 'Chur');
insert into city(region_id, name) values (1497, 'Davos Platz');
insert into city(region_id, name) values (1497, 'Klosters');
insert into city(region_id, name) values (1497, 'Pontresina');
insert into city(region_id, name) values (1497, 'Poschiavo');
insert into city(region_id, name) values (1497, 'Samedan');
insert into city(region_id, name) values (1497, 'Sils im Domleschg');
insert into city(region_id, name) values (1497, 'Silvaplana');
insert into city(region_id, name) values (1522, 'latorp');
insert into city(region_id, name) values (1522, 'lmehult');
insert into city(region_id, name) values (1522, 'Ljungby');
insert into city(region_id, name) values (1522, 'Markaryd');
insert into city(region_id, name) values (1522, 'Vxj');
insert into city(region_id, name) values (1522, 'Vexi');
insert into city(region_id, name) values (1543, 'Ibarra');
insert into city(region_id, name) values (1555, 'Чею');
insert into region(id, country_id, name) values (1572, 216, 'Южная Осетия');
insert into city(region_id, name) values (1305, 'Адапазари');
insert into city(region_id, name) values (1369, 'Brive-la-Gaillarde');
insert into city(region_id, name) values (1369, 'Corrze');
insert into city(region_id, name) values (1472, 'Aussig');
insert into city(region_id, name) values (1472, 'Chomutov');
insert into city(region_id, name) values (1472, 'Decin');
insert into city(region_id, name) values (1472, 'Litomerice');
insert into city(region_id, name) values (1472, 'Louny');
insert into city(region_id, name) values (1472, 'Most');
insert into city(region_id, name) values (1472, 'Teplice');
insert into city(region_id, name) values (1472, 'Teplice-Sanov');
insert into city(region_id, name) values (1472, 'st');
insert into city(region_id, name) values (1472, 'st nad Labem');
insert into city(region_id, name) values (1486, 'Alto del Molino');
insert into city(region_id, name) values (1486, 'Arica');
insert into city(region_id, name) values (1486, 'Iquique');
insert into city(region_id, name) values (1498, 'Alle');
insert into city(region_id, name) values (1498, 'Delmont');
insert into city(region_id, name) values (1498, 'La Chaux-des-Breuleux');
insert into city(region_id, name) values (1523, 'Brmsebro');
insert into city(region_id, name) values (1523, 'Linds');
insert into city(region_id, name) values (1523, 'Lindshammar');
insert into city(region_id, name) values (1523, 'Sylarna');
insert into city(region_id, name) values (1544, 'Loja');
insert into city(region_id, name) values (1556, 'Кунсан');
insert into city(region_id, name) values (1556, 'Намвон');
insert into city(region_id, name) values (1572, 'Джава');
insert into city(region_id, name) values (1572, 'Цхинвали');
insert into region(id, country_id, name) values (1573, 217, 'Ямайка');
insert into city(region_id, name) values (1306, 'Самсун');
insert into city(region_id, name) values (1370, 'Ajaccio');
insert into city(region_id, name) values (1370, 'Bastelica');
insert into city(region_id, name) values (1370, 'Bastia');
insert into city(region_id, name) values (1370, 'Calvi');
insert into city(region_id, name) values (1370, 'Lle-Rousse');
insert into city(region_id, name) values (1370, 'Porto');
insert into city(region_id, name) values (1370, 'Propriano');
insert into city(region_id, name) values (1473, 'Deutsch Brod');
insert into city(region_id, name) values (1473, 'Havlickuv Brod');
insert into city(region_id, name) values (1473, 'Jihlava');
insert into city(region_id, name) values (1473, 'Pelhrimov');
insert into city(region_id, name) values (1473, 'Pilgram');
insert into city(region_id, name) values (1473, 'Trebic');
insert into city(region_id, name) values (1473, 'Zdar');
insert into city(region_id, name) values (1473, 'Zdar nad Sazavou');
insert into city(region_id, name) values (1487, 'Calera');
insert into city(region_id, name) values (1487, 'Peablanca');
insert into city(region_id, name) values (1487, 'Placilla de Peuelas');
insert into city(region_id, name) values (1487, 'Putaendo');
insert into city(region_id, name) values (1487, 'Quilpu');
insert into city(region_id, name) values (1487, 'San Antonio');
insert into city(region_id, name) values (1487, 'Valparaso');
insert into city(region_id, name) values (1487, 'Via del Mar');
insert into city(region_id, name) values (1499, 'Ballwil');
insert into city(region_id, name) values (1499, 'Dagmersellen');
insert into city(region_id, name) values (1499, 'Doppleschwand');
insert into city(region_id, name) values (1499, 'Ebikon');
insert into city(region_id, name) values (1499, 'Eich');
insert into city(region_id, name) values (1499, 'Emmen');
insert into city(region_id, name) values (1499, 'Gelfingen');
insert into city(region_id, name) values (1499, 'Kriens');
insert into city(region_id, name) values (1499, 'Luthern');
insert into city(region_id, name) values (1499, 'Luzern');
insert into city(region_id, name) values (1499, 'Nottwil');
insert into city(region_id, name) values (1499, 'Sursee');
insert into city(region_id, name) values (1524, 'lvsbyn');
insert into city(region_id, name) values (1524, 'Boden');
insert into city(region_id, name) values (1524, 'Bodn');
insert into city(region_id, name) values (1524, 'Gllivare');
insert into city(region_id, name) values (1524, 'Haaparanta');
insert into city(region_id, name) values (1524, 'Haparanda');
insert into city(region_id, name) values (1524, 'Kalix');
insert into city(region_id, name) values (1524, 'Kallax');
insert into city(region_id, name) values (1524, 'Kiruna');
insert into city(region_id, name) values (1524, 'Lappea');
insert into city(region_id, name) values (1524, 'Lule');
insert into city(region_id, name) values (1524, 'Malmberget');
insert into city(region_id, name) values (1524, 'Persn');
insert into city(region_id, name) values (1524, 'Pite');
insert into city(region_id, name) values (1524, 'Uumaa');
insert into city(region_id, name) values (1545, 'Manta');
insert into city(region_id, name) values (1545, 'Montecristi');
insert into city(region_id, name) values (1545, 'Portoviejo');
insert into city(region_id, name) values (1545, 'Rocafuerte');
insert into city(region_id, name) values (1557, 'Йосу');
insert into city(region_id, name) values (1557, 'Мокпо');
insert into city(region_id, name) values (1557, 'Чечон');
insert into region(id, country_id, name) values (1574, 218, 'Айти');
insert into region(id, country_id, name) values (1575, 218, 'Аомори');
insert into region(id, country_id, name) values (1576, 218, 'Вакаяма');
insert into region(id, country_id, name) values (1577, 218, 'Гумма');
insert into region(id, country_id, name) values (1578, 218, 'Ибараки');
insert into region(id, country_id, name) values (1579, 218, 'Ивате');
insert into region(id, country_id, name) values (1580, 218, 'Исикава');
insert into region(id, country_id, name) values (1581, 218, 'Кагосима');
insert into region(id, country_id, name) values (1582, 218, 'Канагава');
insert into region(id, country_id, name) values (1583, 218, 'Киото');
insert into region(id, country_id, name) values (1584, 218, 'Коти');
insert into region(id, country_id, name) values (1585, 218, 'Мияги');
insert into region(id, country_id, name) values (1586, 218, 'Миядзаки');
insert into region(id, country_id, name) values (1587, 218, 'Нагано');
insert into region(id, country_id, name) values (1588, 218, 'Нагасаки');
insert into region(id, country_id, name) values (1589, 218, 'Нара');
insert into region(id, country_id, name) values (1590, 218, 'Ниигата');
insert into region(id, country_id, name) values (1591, 218, 'Окаяма');
insert into region(id, country_id, name) values (1592, 218, 'Окинава');
insert into region(id, country_id, name) values (1593, 218, 'Осака');
insert into region(id, country_id, name) values (1594, 218, 'Сага');
insert into region(id, country_id, name) values (1595, 218, 'Сайтама');
insert into region(id, country_id, name) values (1596, 218, 'Сига');
insert into region(id, country_id, name) values (1597, 218, 'Сидзуока');
insert into region(id, country_id, name) values (1598, 218, 'Тиба');
insert into region(id, country_id, name) values (1599, 218, 'Токио');
insert into region(id, country_id, name) values (1600, 218, 'Токусима');
insert into region(id, country_id, name) values (1601, 218, 'Тотиги');
insert into region(id, country_id, name) values (1602, 218, 'Тояма');
insert into region(id, country_id, name) values (1603, 218, 'Фукуи');
insert into region(id, country_id, name) values (1604, 218, 'Фукуока');
insert into region(id, country_id, name) values (1605, 218, 'Фукусима');
insert into region(id, country_id, name) values (1606, 218, 'Хиросима');
insert into region(id, country_id, name) values (1607, 218, 'Хоккайдо');
insert into region(id, country_id, name) values (1608, 218, 'Хпого');
insert into region(id, country_id, name) values (1609, 218, 'Эхиме');
insert into region(id, country_id, name) values (1610, 218, 'Ямагути');
insert into region(id, country_id, name) values (1611, 218, 'Яманаси');
insert into city(region_id, name) values (1307, 'Сивас');
insert into city(region_id, name) values (1371, 'Ahuy');
insert into city(region_id, name) values (1371, 'Chtillon-sur-Seine');
insert into city(region_id, name) values (1371, 'Chenve');
insert into city(region_id, name) values (1371, 'Dijon');
insert into city(region_id, name) values (1371, 'Nicey');
insert into city(region_id, name) values (1371, 'Spoy');
insert into city(region_id, name) values (1371, 'Touillon');
insert into city(region_id, name) values (1474, 'Gottwaldov');
insert into city(region_id, name) values (1474, 'Kromeriz');
insert into city(region_id, name) values (1474, 'Uherske Hradiste');
insert into city(region_id, name) values (1474, 'Vsetn');
insert into city(region_id, name) values (1474, 'Wszetyn');
insert into city(region_id, name) values (1474, 'Zln');
insert into city(region_id, name) values (1500, 'La Chaux-de-Fonds');
insert into city(region_id, name) values (1500, 'Le Landeron');
insert into city(region_id, name) values (1500, 'Marin-Epagnier');
insert into city(region_id, name) values (1500, 'Neuchtel');
insert into city(region_id, name) values (1525, 'Backa');
insert into city(region_id, name) values (1525, 'Hallsberg');
insert into city(region_id, name) values (1525, 'Kariskoga');
insert into city(region_id, name) values (1525, 'Karlskoga');
insert into city(region_id, name) values (1525, 'Lindesberg');
insert into city(region_id, name) values (1525, 'Lund');
insert into city(region_id, name) values (1525, 'na');
insert into city(region_id, name) values (1525, 'rebro');
insert into city(region_id, name) values (1525, 'Stlldalen');
insert into city(region_id, name) values (1546, 'C.J. Arosemena Tola');
insert into city(region_id, name) values (1558, 'Чонгжу');
insert into city(region_id, name) values (1558, 'Чунгжу');
insert into city(region_id, name) values (1574, 'Ичиномия');
insert into city(region_id, name) values (1574, 'Касугаи');
insert into city(region_id, name) values (1574, 'Нагоиа');
insert into city(region_id, name) values (1574, 'Оказаки');
insert into city(region_id, name) values (1574, 'Тойота');
insert into city(region_id, name) values (1574, 'Тойохаши');
insert into city(region_id, name) values (1308, 'Стамбул');
insert into city(region_id, name) values (1372, 'Andel');
insert into city(region_id, name) values (1372, 'Chtelaudren');
insert into city(region_id, name) values (1372, 'Guingamp');
insert into city(region_id, name) values (1372, 'Loscout-sur-Meu');
insert into city(region_id, name) values (1372, 'Plrin');
insert into city(region_id, name) values (1372, 'Saint-Brieuc');
insert into city(region_id, name) values (1372, 'Saint-Jacut-de-la-Mer');
insert into city(region_id, name) values (1501, 'Beckenried');
insert into city(region_id, name) values (1501, 'Kehrsiten');
insert into city(region_id, name) values (1501, 'Stans');
insert into city(region_id, name) values (1526, 'Finspng');
insert into city(region_id, name) values (1526, 'Linkping');
insert into city(region_id, name) values (1526, 'Mjlby');
insert into city(region_id, name) values (1526, 'Motala');
insert into city(region_id, name) values (1526, 'Norrkping');
insert into city(region_id, name) values (1526, 'Skrblacka');
insert into city(region_id, name) values (1526, 'Vadstena');
insert into city(region_id, name) values (1547, 'Amazonas');
insert into city(region_id, name) values (1559, 'Асан');
insert into city(region_id, name) values (1559, 'Чонан');
insert into city(region_id, name) values (1575, 'Аомори');
insert into city(region_id, name) values (1575, 'Гошогавара');
insert into city(region_id, name) values (1575, 'Хачинохе');
insert into city(region_id, name) values (1575, 'Хиросаки');
insert into city(region_id, name) values (1309, 'Корум');
insert into city(region_id, name) values (1373, 'Ars');
insert into city(region_id, name) values (1373, 'Guret');
insert into city(region_id, name) values (1502, 'Grafenort');
insert into city(region_id, name) values (1527, 'hus');
insert into city(region_id, name) values (1527, 'karp');
insert into city(region_id, name) values (1527, 'Alstad');
insert into city(region_id, name) values (1527, 'ngelholm');
insert into city(region_id, name) values (1527, 'Arlv');
insert into city(region_id, name) values (1527, 'storp');
insert into city(region_id, name) values (1527, 'Bjrnholm');
insert into city(region_id, name) values (1527, 'Bromma');
insert into city(region_id, name) values (1527, 'Eslv');
insert into city(region_id, name) values (1527, 'Flenninge');
insert into city(region_id, name) values (1527, 'Hlsingborg');
insert into city(region_id, name) values (1527, 'Hssleholm');
insert into city(region_id, name) values (1527, 'Helsingborg');
insert into city(region_id, name) values (1527, 'Kristianstad');
insert into city(region_id, name) values (1527, 'Landskrona');
insert into city(region_id, name) values (1527, 'Lund');
insert into city(region_id, name) values (1527, 'Malm');
insert into city(region_id, name) values (1527, 'Osby');
insert into city(region_id, name) values (1527, 'Simrishamn');
insert into city(region_id, name) values (1527, 'Stockholm');
insert into city(region_id, name) values (1527, 'Viken');
insert into city(region_id, name) values (1527, 'Yxenhult');
insert into city(region_id, name) values (1548, 'Arcadia');
insert into city(region_id, name) values (1548, 'Machachi');
insert into city(region_id, name) values (1548, 'Quinche');
insert into city(region_id, name) values (1548, 'Quito');
insert into city(region_id, name) values (1548, 'Santo Domingo de los Colorados');
insert into city(region_id, name) values (1560, 'Инчхон');
insert into city(region_id, name) values (1576, 'Вакэйама');
insert into city(region_id, name) values (1576, 'Шингу');
insert into city(region_id, name) values (1310, 'Эдирн');
insert into city(region_id, name) values (1374, 'Bressuire');
insert into city(region_id, name) values (1374, 'Chrign');
insert into city(region_id, name) values (1374, 'Niort');
insert into city(region_id, name) values (1503, 'Bad Ragaz');
insert into city(region_id, name) values (1503, 'Flawil');
insert into city(region_id, name) values (1503, 'Flums');
insert into city(region_id, name) values (1503, 'Gams');
insert into city(region_id, name) values (1503, 'Goldach');
insert into city(region_id, name) values (1503, 'Gommiswald');
insert into city(region_id, name) values (1503, 'Heerbrugg');
insert into city(region_id, name) values (1503, 'Jona');
insert into city(region_id, name) values (1503, 'Lichtensteig');
insert into city(region_id, name) values (1503, 'Niederuzwil');
insert into city(region_id, name) values (1503, 'Rheineck');
insert into city(region_id, name) values (1503, 'Rorschacherberg');
insert into city(region_id, name) values (1503, 'Sargans');
insert into city(region_id, name) values (1503, 'Uzwil');
insert into city(region_id, name) values (1503, 'Wittenbach');
insert into city(region_id, name) values (1528, 'rsta');
insert into city(region_id, name) values (1528, 'Eskilstuna');
insert into city(region_id, name) values (1528, 'Flen');
insert into city(region_id, name) values (1528, 'Lundby');
insert into city(region_id, name) values (1528, 'Nykping');
insert into city(region_id, name) values (1528, 'Rosenlund');
insert into city(region_id, name) values (1528, 'Strngns');
insert into city(region_id, name) values (1528, 'Trosa');
insert into city(region_id, name) values (1528, 'Vingker');
insert into city(region_id, name) values (1549, 'Baos');
insert into city(region_id, name) values (1549, 'Benigno Vela');
insert into city(region_id, name) values (1549, 'Bentez');
insert into city(region_id, name) values (1561, 'Вонжу');
insert into city(region_id, name) values (1561, 'Кангнунг');
insert into city(region_id, name) values (1561, 'Тондычон');
insert into city(region_id, name) values (1561, 'Чунчон');
insert into city(region_id, name) values (1577, 'Кириу');
insert into city(region_id, name) values (1577, 'Маебаши');
insert into city(region_id, name) values (1577, 'Ота');
insert into city(region_id, name) values (1577, 'Такасаки');
insert into city(region_id, name) values (1311, 'Элазиг');
insert into city(region_id, name) values (1375, 'Besse');
insert into city(region_id, name) values (1375, 'Cercles');
insert into city(region_id, name) values (1375, 'Le Bugue');
insert into city(region_id, name) values (1375, 'Monbazillac');
insert into city(region_id, name) values (1375, 'Pazayac');
insert into city(region_id, name) values (1375, 'Prigueux');
insert into city(region_id, name) values (1375, 'Sarlat-la-Canda');
insert into city(region_id, name) values (1504, 'Beringen');
insert into city(region_id, name) values (1504, 'Schaffhausen');
insert into city(region_id, name) values (1529, 'Abborkroken');
insert into city(region_id, name) values (1529, 'by');
insert into city(region_id, name) values (1529, 'dala');
insert into city(region_id, name) values (1529, 'kersberg');
insert into city(region_id, name) values (1529, 'kersberga');
insert into city(region_id, name) values (1529, 'keshov');
insert into city(region_id, name) values (1529, 'Albano');
insert into city(region_id, name) values (1529, 'Alby');
insert into city(region_id, name) values (1529, 'lmora');
insert into city(region_id, name) values (1529, 'Almvik');
insert into city(region_id, name) values (1529, 'lsten');
insert into city(region_id, name) values (1529, 'Alvik');
insert into city(region_id, name) values (1529, 'lvsj');
insert into city(region_id, name) values (1529, 'rsta');
insert into city(region_id, name) values (1529, 'Aspudden');
insert into city(region_id, name) values (1529, 'Backa');
insert into city(region_id, name) values (1529, 'Barkaby');
insert into city(region_id, name) values (1529, 'Botkyrka');
insert into city(region_id, name) values (1529, 'Bro');
insert into city(region_id, name) values (1529, 'Bromma');
insert into city(region_id, name) values (1529, 'Dalar');
insert into city(region_id, name) values (1529, 'Danderyd');
insert into city(region_id, name) values (1529, 'Drottningholm');
insert into city(region_id, name) values (1529, 'Eriksund');
insert into city(region_id, name) values (1529, 'Fagersj');
insert into city(region_id, name) values (1529, 'Farsta');
insert into city(region_id, name) values (1529, 'Fiskstra');
insert into city(region_id, name) values (1529, 'Fittja');
insert into city(region_id, name) values (1529, 'Fridhem');
insert into city(region_id, name) values (1529, 'Gamla Stan');
insert into city(region_id, name) values (1529, 'Grundvik');
insert into city(region_id, name) values (1529, 'Handen');
insert into city(region_id, name) values (1529, 'Harg');
insert into city(region_id, name) values (1529, 'Hsselby');
insert into city(region_id, name) values (1529, 'Huddinge');
insert into city(region_id, name) values (1529, 'Husby');
insert into city(region_id, name) values (1529, 'Islinge');
insert into city(region_id, name) values (1529, 'Jakobsberg');
insert into city(region_id, name) values (1529, 'Karlsvik');
insert into city(region_id, name) values (1529, 'Kista');
insert into city(region_id, name) values (1529, 'Kristineberg');
insert into city(region_id, name) values (1529, 'Labben');
insert into city(region_id, name) values (1529, 'Liding');
insert into city(region_id, name) values (1529, 'Marsta');
insert into city(region_id, name) values (1529, 'Mrsta');
insert into city(region_id, name) values (1529, 'Nacka');
insert into city(region_id, name) values (1529, 'Norrtelje');
insert into city(region_id, name) values (1529, 'Norsborg');
insert into city(region_id, name) values (1529, 'Nynshamm');
insert into city(region_id, name) values (1529, 'Nynshamn');
insert into city(region_id, name) values (1529, 'Orninge');
insert into city(region_id, name) values (1529, 'stermalm');
insert into city(region_id, name) values (1529, 'Rickeby');
insert into city(region_id, name) values (1529, 'Rinkeby');
insert into city(region_id, name) values (1529, 'Saln');
insert into city(region_id, name) values (1529, 'Saltsjbaden');
insert into city(region_id, name) values (1529, 'Sigtuna');
insert into city(region_id, name) values (1529, 'Skrholmen');
insert into city(region_id, name) values (1529, 'Sdermalm');
insert into city(region_id, name) values (1529, 'Sdertlje');
insert into city(region_id, name) values (1529, 'Sollentuna');
insert into city(region_id, name) values (1529, 'Solna');
insert into city(region_id, name) values (1529, 'Sol');
insert into city(region_id, name) values (1529, 'Sotinge');
insert into city(region_id, name) values (1529, 'Spnga');
insert into city(region_id, name) values (1529, 'Stockholm');
insert into city(region_id, name) values (1529, 'Stocksund');
insert into city(region_id, name) values (1529, 'Storholmen');
insert into city(region_id, name) values (1529, 'Sundbyberg');
insert into city(region_id, name) values (1529, 'Sundyberg');
insert into city(region_id, name) values (1529, 'Svarts');
insert into city(region_id, name) values (1529, 'Svedmyra');
insert into city(region_id, name) values (1529, 'Tby');
insert into city(region_id, name) values (1529, 'Tumba');
insert into city(region_id, name) values (1529, 'Uplands Vsby');
insert into city(region_id, name) values (1529, 'Upplands-Vsby');
insert into city(region_id, name) values (1529, 'Uppsala');
insert into city(region_id, name) values (1529, 'Vllingby');
insert into city(region_id, name) values (1529, 'Vrby');
insert into city(region_id, name) values (1529, 'Vista');
insert into city(region_id, name) values (1529, 'Vitsand');
insert into city(region_id, name) values (1562, 'Кванчжу');
insert into city(region_id, name) values (1578, 'Ибараки');
insert into city(region_id, name) values (1578, 'Мито');
insert into city(region_id, name) values (1578, 'Хитачи');
insert into city(region_id, name) values (1578, 'Цущиура');
insert into city(region_id, name) values (1312, 'Эрзинкан');
insert into city(region_id, name) values (1376, 'Alaise');
insert into city(region_id, name) values (1376, 'Besanon');
insert into city(region_id, name) values (1376, 'Doubs');
insert into city(region_id, name) values (1376, 'Montbliard');
insert into city(region_id, name) values (1376, 'Sochaux');
insert into city(region_id, name) values (1376, 'Vaux-et-Chantegrue');
insert into city(region_id, name) values (1376, 'Villers-le-Lac');
insert into city(region_id, name) values (1505, 'Altendorf');
insert into city(region_id, name) values (1505, 'Brunnen');
insert into city(region_id, name) values (1505, 'Einsiedeln');
insert into city(region_id, name) values (1505, 'Sattel');
insert into city(region_id, name) values (1505, 'Schindellegi');
insert into city(region_id, name) values (1505, 'Schwyz');
insert into city(region_id, name) values (1530, 'dalen');
insert into city(region_id, name) values (1530, 'Askskr');
insert into city(region_id, name) values (1530, 'Blsta');
insert into city(region_id, name) values (1530, 'Enkping');
insert into city(region_id, name) values (1530, 'Fiskvik');
insert into city(region_id, name) values (1530, 'Malma');
insert into city(region_id, name) values (1530, 'Skutskr');
insert into city(region_id, name) values (1530, 'Tierp');
insert into city(region_id, name) values (1530, 'Uppland');
insert into city(region_id, name) values (1530, 'Uppsala');
insert into city(region_id, name) values (1563, 'Йонгжу');
insert into city(region_id, name) values (1563, 'Сувон');
insert into city(region_id, name) values (1579, 'Мииако');
insert into city(region_id, name) values (1579, 'Мориока');
insert into city(region_id, name) values (1313, 'Эрзурум');
insert into city(region_id, name) values (1377, 'Alixan');
insert into city(region_id, name) values (1377, 'Barbires');
insert into city(region_id, name) values (1377, 'Beauvallon');
insert into city(region_id, name) values (1377, 'Bourg-ls-Valence');
insert into city(region_id, name) values (1377, 'Montlimar');
insert into city(region_id, name) values (1377, 'Pierrelatte');
insert into city(region_id, name) values (1377, 'Romans-sur-Isre');
insert into city(region_id, name) values (1377, 'Tain-lHermitage');
insert into city(region_id, name) values (1377, 'Valence');
insert into city(region_id, name) values (1506, 'Egerkingen');
insert into city(region_id, name) values (1506, 'Gerlafingen');
insert into city(region_id, name) values (1506, 'Grenchen');
insert into city(region_id, name) values (1506, 'Halten');
insert into city(region_id, name) values (1506, 'Obergsgen');
insert into city(region_id, name) values (1506, 'Olten');
insert into city(region_id, name) values (1506, 'Solothurn');
insert into city(region_id, name) values (1531, 'Filipstad');
insert into city(region_id, name) values (1531, 'Grums');
insert into city(region_id, name) values (1531, 'Hammar');
insert into city(region_id, name) values (1531, 'Karlstad');
insert into city(region_id, name) values (1531, 'Kristinehamn');
insert into city(region_id, name) values (1531, 'Lesjfors');
insert into city(region_id, name) values (1531, 'Linds');
insert into city(region_id, name) values (1531, 'Storfors');
insert into city(region_id, name) values (1531, 'Vesters');
insert into city(region_id, name) values (1564, 'Андонг');
insert into city(region_id, name) values (1564, 'Кионгджу');
insert into city(region_id, name) values (1564, 'Поханг');
insert into city(region_id, name) values (1580, 'Каназава');
insert into city(region_id, name) values (1314, 'Ескисехир');
insert into city(region_id, name) values (1378, 'Bivres');
insert into city(region_id, name) values (1378, 'vry');
insert into city(region_id, name) values (1507, 'Amriswil');
insert into city(region_id, name) values (1507, 'Arbon');
insert into city(region_id, name) values (1507, 'Egnach');
insert into city(region_id, name) values (1507, 'Frauenfeld');
insert into city(region_id, name) values (1507, 'Kreuzlingen');
insert into city(region_id, name) values (1507, 'Romanshorn');
insert into city(region_id, name) values (1507, 'Schlattingen');
insert into city(region_id, name) values (1507, 'Steckborn');
insert into city(region_id, name) values (1532, 'sele');
insert into city(region_id, name) values (1532, 'Boliden');
insert into city(region_id, name) values (1532, 'Skellefte');
insert into city(region_id, name) values (1532, 'Ume');
insert into city(region_id, name) values (1565, 'Масан');
insert into city(region_id, name) values (1565, 'Мирианг');
insert into city(region_id, name) values (1565, 'Чинхэ');
insert into city(region_id, name) values (1565, 'Чиню');
insert into city(region_id, name) values (1581, 'Каноя');
insert into city(region_id, name) values (1379, 'Acon');
insert into city(region_id, name) values (1379, 'Amfreville-sur-Iton');
insert into city(region_id, name) values (1379, 'Brionne');
insert into city(region_id, name) values (1379, 'vreux');
insert into city(region_id, name) values (1379, 'Vernon');
insert into city(region_id, name) values (1508, 'Agno');
insert into city(region_id, name) values (1508, 'Ascona');
insert into city(region_id, name) values (1508, 'Bellinzona');
insert into city(region_id, name) values (1508, 'Locarno');
insert into city(region_id, name) values (1508, 'Lugano');
insert into city(region_id, name) values (1508, 'Stabio');
insert into city(region_id, name) values (1508, 'Tenero');
insert into city(region_id, name) values (1533, 'Alby');
insert into city(region_id, name) values (1533, 'lfva');
insert into city(region_id, name) values (1533, 'Almsjns');
insert into city(region_id, name) values (1533, 'nge');
insert into city(region_id, name) values (1533, 'Hrnsand');
insert into city(region_id, name) values (1533, 'Husum');
insert into city(region_id, name) values (1533, 'Kramfors');
insert into city(region_id, name) values (1533, 'Lucksta');
insert into city(region_id, name) values (1533, 'rnskldsvik');
insert into city(region_id, name) values (1533, 'Sundsvall');
insert into city(region_id, name) values (1566, 'Пусан');
insert into city(region_id, name) values (1582, 'Зуши');
insert into city(region_id, name) values (1582, 'Йокогама');
insert into city(region_id, name) values (1582, 'Йокосука');
insert into city(region_id, name) values (1582, 'Камакура');
insert into city(region_id, name) values (1582, 'Одавара');
insert into city(region_id, name) values (1582, 'Хиратсука');
insert into city(region_id, name) values (1380, 'Anet');
insert into city(region_id, name) values (1380, 'Brou');
insert into city(region_id, name) values (1380, 'Chartres');
insert into city(region_id, name) values (1509, 'Erstfeld');
insert into city(region_id, name) values (1509, 'Intschi');
insert into city(region_id, name) values (1509, 'Realp');
insert into city(region_id, name) values (1509, 'Rtli');
insert into city(region_id, name) values (1509, 'Sisikon');
insert into city(region_id, name) values (1534, 'Aberga');
insert into city(region_id, name) values (1534, 'Arboga');
insert into city(region_id, name) values (1534, 'vestbo');
insert into city(region_id, name) values (1534, 'Fagersta');
insert into city(region_id, name) values (1534, 'Kping');
insert into city(region_id, name) values (1534, 'Olsta');
insert into city(region_id, name) values (1534, 'Sala');
insert into city(region_id, name) values (1534, 'Vsters');
insert into city(region_id, name) values (1567, 'Сеул');
insert into city(region_id, name) values (1583, 'Киото');
insert into city(region_id, name) values (1583, 'Маизуру');
insert into city(region_id, name) values (1583, 'Фукучииама');
insert into city(region_id, name) values (1381, 'Audierne');
insert into city(region_id, name) values (1381, 'Brest');
insert into city(region_id, name) values (1381, 'Huelgoat');
insert into city(region_id, name) values (1381, 'Molan-sur-Mer');
insert into city(region_id, name) values (1381, 'Quimper');
insert into city(region_id, name) values (1510, 'Arolla');
insert into city(region_id, name) values (1510, 'Brig');
insert into city(region_id, name) values (1510, 'Collombey');
insert into city(region_id, name) values (1510, 'Leukerbad');
insert into city(region_id, name) values (1510, 'Monthey');
insert into city(region_id, name) values (1510, 'Sierre');
insert into city(region_id, name) values (1510, 'Sion');
insert into city(region_id, name) values (1535, '');
insert into city(region_id, name) values (1535, 'Bengtsfors');
insert into city(region_id, name) values (1535, 'Bjurdammen');
insert into city(region_id, name) values (1535, 'Bors');
insert into city(region_id, name) values (1535, 'Borrs');
insert into city(region_id, name) values (1535, 'Fly');
insert into city(region_id, name) values (1535, 'Goeteborg');
insert into city(region_id, name) values (1535, 'Gteborg');
insert into city(region_id, name) values (1535, 'Goteburg');
insert into city(region_id, name) values (1535, 'Gtene');
insert into city(region_id, name) values (1535, 'Gothenburg');
insert into city(region_id, name) values (1535, 'Kunglv');
insert into city(region_id, name) values (1535, 'Lidkping');
insert into city(region_id, name) values (1535, 'Malm');
insert into city(region_id, name) values (1535, 'Mariestad');
insert into city(region_id, name) values (1535, 'Mlndal');
insert into city(region_id, name) values (1535, 'Skene');
insert into city(region_id, name) values (1535, 'Skepplanda');
insert into city(region_id, name) values (1535, 'Skvde');
insert into city(region_id, name) values (1535, 'Strmstad');
insert into city(region_id, name) values (1535, 'Svinesund');
insert into city(region_id, name) values (1535, 'Trollhttan');
insert into city(region_id, name) values (1535, 'Uddevalla');
insert into city(region_id, name) values (1535, 'Ulricehamn');
insert into city(region_id, name) values (1535, 'Vnersborg');
insert into city(region_id, name) values (1535, 'Ytterstad');
insert into city(region_id, name) values (1568, 'Тэгу');
insert into city(region_id, name) values (1584, 'Кочи');
insert into city(region_id, name) values (1382, 'Als');
insert into city(region_id, name) values (1382, 'Marguerittes');
insert into city(region_id, name) values (1382, 'Nmes');
insert into city(region_id, name) values (1382, 'Poulx');
insert into city(region_id, name) values (1511, 'Ballaigues');
insert into city(region_id, name) values (1511, 'Belmont-sur-Lausanne');
insert into city(region_id, name) values (1511, 'Chexbres');
insert into city(region_id, name) values (1511, 'Epalinges');
insert into city(region_id, name) values (1511, 'Gryon');
insert into city(region_id, name) values (1511, 'Lausanne');
insert into city(region_id, name) values (1511, 'Leysin');
insert into city(region_id, name) values (1511, 'Montreux');
insert into city(region_id, name) values (1511, 'Nyon');
insert into city(region_id, name) values (1511, 'Rolle');
insert into city(region_id, name) values (1511, 'Vevey');
insert into city(region_id, name) values (1511, 'Yens');
insert into city(region_id, name) values (1511, 'Yverdon');
insert into city(region_id, name) values (1569, 'Тэджон');
insert into city(region_id, name) values (1585, 'Ишиномаки');
insert into city(region_id, name) values (1585, 'Матсушима');
insert into city(region_id, name) values (1585, 'Сендай');
insert into city(region_id, name) values (1585, 'Фурукава');
insert into city(region_id, name) values (1383, 'Auch');
insert into city(region_id, name) values (1383, 'Gaujan');
insert into city(region_id, name) values (1383, 'Sainte-Christie-dArmagnac');
insert into city(region_id, name) values (1512, 'Baar');
insert into city(region_id, name) values (1512, 'Cham');
insert into city(region_id, name) values (1512, 'Rotkreuz');
insert into city(region_id, name) values (1512, 'Zug');
insert into city(region_id, name) values (1570, 'Ульсан');
insert into city(region_id, name) values (1586, 'Мииазаки');
insert into city(region_id, name) values (1586, 'Мииаконойо');
insert into city(region_id, name) values (1384, 'Andernos-les-Bains');
insert into city(region_id, name) values (1384, 'Arcachon');
insert into city(region_id, name) values (1384, 'Aubiac');
insert into city(region_id, name) values (1384, 'Blanquefort');
insert into city(region_id, name) values (1384, 'Bordeaux');
insert into city(region_id, name) values (1384, 'Cadillac');
insert into city(region_id, name) values (1384, 'Carbon-Blanc');
insert into city(region_id, name) values (1384, 'Langon');
insert into city(region_id, name) values (1513, 'Adliswil');
insert into city(region_id, name) values (1513, 'Affoltern am Albis');
insert into city(region_id, name) values (1513, 'Bassersdorf');
insert into city(region_id, name) values (1513, 'Bauma');
insert into city(region_id, name) values (1513, 'Brtten');
insert into city(region_id, name) values (1513, 'Blach');
insert into city(region_id, name) values (1513, 'Dielsdorf');
insert into city(region_id, name) values (1513, 'Dietikon');
insert into city(region_id, name) values (1513, 'Dietlikon');
insert into city(region_id, name) values (1513, 'Dbendorf');
insert into city(region_id, name) values (1513, 'Feldbach');
insert into city(region_id, name) values (1513, 'Hombrechtikon');
insert into city(region_id, name) values (1513, 'Horgen');
insert into city(region_id, name) values (1513, 'Kloten');
insert into city(region_id, name) values (1513, 'Lindau');
insert into city(region_id, name) values (1513, 'Mnnedorf');
insert into city(region_id, name) values (1513, 'Stfa');
insert into city(region_id, name) values (1513, 'Thalwil');
insert into city(region_id, name) values (1513, 'Uetliberg');
insert into city(region_id, name) values (1513, 'Wdenswil');
insert into city(region_id, name) values (1513, 'Winterthur');
insert into city(region_id, name) values (1513, 'Zumikon');
insert into city(region_id, name) values (1513, 'Zrich');
insert into city(region_id, name) values (1571, 'Кимпо');
insert into city(region_id, name) values (1587, 'Матсумото');
insert into city(region_id, name) values (1587, 'Нагано');
insert into city(region_id, name) values (1587, 'Саку');
insert into city(region_id, name) values (1385, 'Bollwiller');
insert into city(region_id, name) values (1385, 'Colmar');
insert into city(region_id, name) values (1385, 'Illzach');
insert into city(region_id, name) values (1385, 'Mulhouse');
insert into city(region_id, name) values (1385, 'Riedisheim');
insert into city(region_id, name) values (1385, 'Saint-Amarin');
insert into city(region_id, name) values (1385, 'Saint-Louis');
insert into city(region_id, name) values (1385, 'Thann');
insert into city(region_id, name) values (1588, 'Исахая');
insert into city(region_id, name) values (1588, 'Нагасаки');
insert into city(region_id, name) values (1588, 'Сасэбо');
insert into city(region_id, name) values (1386, 'Arbas');
insert into city(region_id, name) values (1386, 'Colomiers');
insert into city(region_id, name) values (1386, 'Lavalette');
insert into city(region_id, name) values (1386, 'Lourde');
insert into city(region_id, name) values (1386, 'Menville');
insert into city(region_id, name) values (1386, 'Muret');
insert into city(region_id, name) values (1386, 'Toulouse');
insert into city(region_id, name) values (1589, 'Нара');
insert into city(region_id, name) values (1387, 'Beaux');
insert into city(region_id, name) values (1387, 'Langeac');
insert into city(region_id, name) values (1387, 'Le Puy-en-Velay');
insert into city(region_id, name) values (1387, 'Sainte-Florine');
insert into city(region_id, name) values (1590, 'Нагаока');
insert into city(region_id, name) values (1590, 'Ниигата');
insert into city(region_id, name) values (1590, 'Цубаме');
insert into city(region_id, name) values (1590, 'Шибата');
insert into city(region_id, name) values (1591, 'Окэйама');
insert into city(region_id, name) values (1389, 'Amage');
insert into city(region_id, name) values (1592, 'Ишигаки');
insert into city(region_id, name) values (1592, 'Наха');
insert into city(region_id, name) values (1390, 'Annecy');
insert into city(region_id, name) values (1390, 'Annemasse');
insert into city(region_id, name) values (1390, 'Chamonix-Mont-Blanc');
insert into city(region_id, name) values (1390, 'Cluses');
insert into city(region_id, name) values (1390, 'Douvaine');
insert into city(region_id, name) values (1390, 'vian-les-Bains');
insert into city(region_id, name) values (1390, 'Saint-Julien-en-Genevois');
insert into city(region_id, name) values (1390, 'Veigy-Foncenex');
insert into city(region_id, name) values (1593, 'Даито');
insert into city(region_id, name) values (1593, 'Матсубара');
insert into city(region_id, name) values (1593, 'Ниагава');
insert into city(region_id, name) values (1593, 'Осака');
insert into city(region_id, name) values (1593, 'Хираката');
insert into city(region_id, name) values (1593, 'Яо');
insert into city(region_id, name) values (1391, 'Aixe-sur-Vienne');
insert into city(region_id, name) values (1391, 'Couzeix');
insert into city(region_id, name) values (1391, 'Limoges');
insert into city(region_id, name) values (1594, 'Каратсу');
insert into city(region_id, name) values (1594, 'Сага');
insert into city(region_id, name) values (1392, 'Claret');
insert into city(region_id, name) values (1392, 'Gap');
insert into city(region_id, name) values (1392, 'Orcires');
insert into city(region_id, name) values (1392, 'Vallouise');
insert into city(region_id, name) values (1595, 'Вараби');
insert into city(region_id, name) values (1595, 'Иватсуки');
insert into city(region_id, name) values (1595, 'Йоно');
insert into city(region_id, name) values (1595, 'Кавагоэ');
insert into city(region_id, name) values (1595, 'Кавагучи');
insert into city(region_id, name) values (1595, 'Кошигэйа');
insert into city(region_id, name) values (1595, 'Кумагэйа');
insert into city(region_id, name) values (1595, 'Сока');
insert into city(region_id, name) values (1595, 'Ханно');
insert into city(region_id, name) values (1393, 'Arn');
insert into city(region_id, name) values (1393, 'Lannemezan');
insert into city(region_id, name) values (1393, 'Lourdes');
insert into city(region_id, name) values (1393, 'Maulon-Barousse');
insert into city(region_id, name) values (1393, 'Tarbes');
insert into city(region_id, name) values (1393, 'Vic-en-Bigorre');
insert into city(region_id, name) values (1596, 'Отсу');
insert into city(region_id, name) values (1596, 'Хикон');
insert into city(region_id, name) values (1394, 'Bois-Colombes');
insert into city(region_id, name) values (1394, 'Boulogne-Billancourt');
insert into city(region_id, name) values (1394, 'Bourg-la-Reine');
insert into city(region_id, name) values (1394, 'Nanterre');
insert into city(region_id, name) values (1394, 'Neuilly-sur-Seine');
insert into city(region_id, name) values (1394, 'Puteaux');
insert into city(region_id, name) values (1394, 'Saint-Cloud');
insert into city(region_id, name) values (1597, 'Атами');
insert into city(region_id, name) values (1597, 'Фуджи');
insert into city(region_id, name) values (1395, 'Agde');
insert into city(region_id, name) values (1395, 'Bdarieux');
insert into city(region_id, name) values (1395, 'Bziers');
insert into city(region_id, name) values (1395, 'La Grande Motte');
insert into city(region_id, name) values (1395, 'Montpellier');
insert into city(region_id, name) values (1395, 'Plaissan');
insert into city(region_id, name) values (1395, 'Poussan');
insert into city(region_id, name) values (1395, 'Ste');
insert into city(region_id, name) values (1598, 'Ичикава');
insert into city(region_id, name) values (1598, 'Кашива');
insert into city(region_id, name) values (1598, 'Нода');
insert into city(region_id, name) values (1598, 'Фунабаши');
insert into city(region_id, name) values (1598, 'Чиба');
insert into city(region_id, name) values (1396, 'Baguer-Morvan');
insert into city(region_id, name) values (1396, 'Cancale');
insert into city(region_id, name) values (1396, 'Dinard');
insert into city(region_id, name) values (1396, 'Fougres');
insert into city(region_id, name) values (1396, 'Gvez');
insert into city(region_id, name) values (1396, 'Laill');
insert into city(region_id, name) values (1396, 'Rennes');
insert into city(region_id, name) values (1396, 'Saint-Malo');
insert into city(region_id, name) values (1396, 'Vitr');
insert into city(region_id, name) values (1599, 'Кодаира');
insert into city(region_id, name) values (1599, 'Мачида');
insert into city(region_id, name) values (1599, 'Митака');
insert into city(region_id, name) values (1599, 'Мусашино');
insert into city(region_id, name) values (1599, 'Тачикава');
insert into city(region_id, name) values (1599, 'Токио');
insert into city(region_id, name) values (1599, 'Хачиойи');
insert into city(region_id, name) values (1599, 'Хофу');
insert into city(region_id, name) values (1397, 'Chteauroux');
insert into city(region_id, name) values (1600, 'Токушима');
insert into city(region_id, name) values (1398, 'Amboise');
insert into city(region_id, name) values (1398, 'Cormery');
insert into city(region_id, name) values (1398, 'Saint-Martin-le-Beau');
insert into city(region_id, name) values (1398, 'Tours');
insert into city(region_id, name) values (1601, 'Ашикага');
insert into city(region_id, name) values (1601, 'Отавара');
insert into city(region_id, name) values (1601, 'Утсуномииа');
insert into city(region_id, name) values (1399, 'Bourgoin-Jallieu');
insert into city(region_id, name) values (1399, 'Grenoble');
insert into city(region_id, name) values (1602, 'Такаока');
insert into city(region_id, name) values (1602, 'Тояма');
insert into city(region_id, name) values (1400, 'Abergement-le-Petit');
insert into city(region_id, name) values (1400, 'Besain');
insert into city(region_id, name) values (1400, 'Biarne');
insert into city(region_id, name) values (1400, 'Dole');
insert into city(region_id, name) values (1400, 'Lains');
insert into city(region_id, name) values (1400, 'Lons-le-Saunier');
insert into city(region_id, name) values (1400, 'Tavaux');
insert into city(region_id, name) values (1603, 'Оно');
insert into city(region_id, name) values (1603, 'Фукуи');
insert into city(region_id, name) values (1401, 'Aire-sur-lAdour');
insert into city(region_id, name) values (1401, 'Azur');
insert into city(region_id, name) values (1401, 'Mont-de-Marsan');
insert into city(region_id, name) values (1401, 'Saint-Michel-Escalus');
insert into city(region_id, name) values (1604, 'Китакиушу');
insert into city(region_id, name) values (1604, 'Ногата');
insert into city(region_id, name) values (1604, 'Омута');
insert into city(region_id, name) values (1604, 'Фукуока');
insert into city(region_id, name) values (1402, 'Arville');
insert into city(region_id, name) values (1402, 'Blois');
insert into city(region_id, name) values (1402, 'Romorantin-Lanthenay');
insert into city(region_id, name) values (1605, 'Иваки');
insert into city(region_id, name) values (1605, 'Корииама');
insert into city(region_id, name) values (1403, 'Bard');
insert into city(region_id, name) values (1403, 'La Gresle');
insert into city(region_id, name) values (1403, 'La Valla');
insert into city(region_id, name) values (1403, 'La Versanne');
insert into city(region_id, name) values (1403, 'Lay');
insert into city(region_id, name) values (1403, 'Mably');
insert into city(region_id, name) values (1403, 'Roanne');
insert into city(region_id, name) values (1403, 'Saint-tienne');
insert into city(region_id, name) values (1606, 'Фукуиама');
insert into city(region_id, name) values (1606, 'Хирошима');
insert into city(region_id, name) values (1404, 'Abbaretz');
insert into city(region_id, name) values (1404, 'Ancenis');
insert into city(region_id, name) values (1404, 'Casson');
insert into city(region_id, name) values (1404, 'La Baule-Escoublac');
insert into city(region_id, name) values (1404, 'La Roche-Blanche');
insert into city(region_id, name) values (1404, 'Nantes');
insert into city(region_id, name) values (1404, 'Pornic');
insert into city(region_id, name) values (1404, 'Port-Saint-Pre');
insert into city(region_id, name) values (1404, 'Saint-Lyphard');
insert into city(region_id, name) values (1404, 'Saint-Nazaire');
insert into city(region_id, name) values (1607, 'Абашири');
insert into city(region_id, name) values (1607, 'Асахигава');
insert into city(region_id, name) values (1607, 'Вакканаи');
insert into city(region_id, name) values (1607, 'Китами');
insert into city(region_id, name) values (1607, 'Куширо');
insert into city(region_id, name) values (1607, 'Обихиро');
insert into city(region_id, name) values (1607, 'Отару');
insert into city(region_id, name) values (1607, 'Саппоро');
insert into city(region_id, name) values (1607, 'Томакомаи');
insert into city(region_id, name) values (1607, 'Хакодата');
insert into city(region_id, name) values (1405, 'Chapelon');
insert into city(region_id, name) values (1405, 'Gien');
insert into city(region_id, name) values (1405, 'Montargis');
insert into city(region_id, name) values (1405, 'Orlans');
insert into city(region_id, name) values (1608, 'Акаши');
insert into city(region_id, name) values (1608, 'Какогава');
insert into city(region_id, name) values (1608, 'Химейи');
insert into city(region_id, name) values (1406, 'Baladou');
insert into city(region_id, name) values (1406, 'Cahors');
insert into city(region_id, name) values (1406, 'Figeac');
insert into city(region_id, name) values (1406, 'Vers');
insert into city(region_id, name) values (1609, 'Увайима');
insert into city(region_id, name) values (1407, 'Agen');
insert into city(region_id, name) values (1407, 'Estillac');
insert into city(region_id, name) values (1407, 'Laroque-Timbaut');
insert into city(region_id, name) values (1610, 'Ивакуни');
insert into city(region_id, name) values (1610, 'Токуиама');
insert into city(region_id, name) values (1610, 'Ямагучи');
insert into city(region_id, name) values (1408, 'Langogne');
insert into city(region_id, name) values (1408, 'Malbouzon');
insert into city(region_id, name) values (1408, 'Mende');
insert into city(region_id, name) values (1611, 'Кофу');
insert into city(region_id, name) values (1409, 'Angers');
insert into city(region_id, name) values (1409, 'Avrill');
insert into city(region_id, name) values (1409, 'Cholet');
insert into city(region_id, name) values (1409, 'Saumur');
insert into city(region_id, name) values (1410, 'Cherbourg');
insert into city(region_id, name) values (1410, 'Margueray');
insert into city(region_id, name) values (1410, 'Pirou');
insert into city(region_id, name) values (1410, 'Saint-L');
insert into city(region_id, name) values (1410, 'Tamerville');
insert into city(region_id, name) values (1411, 'Ay');
insert into city(region_id, name) values (1411, 'Chlons-en-Champagne');
insert into city(region_id, name) values (1411, 'Cormontreuil');
insert into city(region_id, name) values (1411, 'pernay');
insert into city(region_id, name) values (1411, 'Reims');
insert into city(region_id, name) values (1411, 'Soudron');
insert into city(region_id, name) values (1412, 'Laval');
insert into city(region_id, name) values (1412, 'Montenay');
insert into city(region_id, name) values (1413, 'Avril');
insert into city(region_id, name) values (1413, 'Batilly');
insert into city(region_id, name) values (1413, 'Laneuveville-devant-Nancy');
insert into city(region_id, name) values (1413, 'Longwy');
insert into city(region_id, name) values (1413, 'Nancy');
insert into city(region_id, name) values (1414, 'tain');
insert into city(region_id, name) values (1414, 'Montsec');
insert into city(region_id, name) values (1415, 'Ambon');
insert into city(region_id, name) values (1415, 'Baden');
insert into city(region_id, name) values (1415, 'Hennebont');
insert into city(region_id, name) values (1415, 'Larmor-Plage');
insert into city(region_id, name) values (1415, 'Lorient');
insert into city(region_id, name) values (1415, 'Pontivy');
insert into city(region_id, name) values (1415, 'Vannes');
insert into city(region_id, name) values (1416, 'Amnville');
insert into city(region_id, name) values (1416, 'Ancerville');
insert into city(region_id, name) values (1416, 'Beux');
insert into city(region_id, name) values (1416, 'Forbach');
insert into city(region_id, name) values (1416, 'Hayange');
insert into city(region_id, name) values (1416, 'Holling');
insert into city(region_id, name) values (1416, 'Longeville-ls-Saint-Avold');
insert into city(region_id, name) values (1416, 'Marsal');
insert into city(region_id, name) values (1416, 'Marsilly');
insert into city(region_id, name) values (1416, 'Metz');
insert into city(region_id, name) values (1416, 'Porcelette');
insert into city(region_id, name) values (1416, 'Sarreguemines');
insert into city(region_id, name) values (1416, 'Stiring-Wendel');
insert into city(region_id, name) values (1416, 'Thimonville');
insert into city(region_id, name) values (1416, 'Thionville');
insert into city(region_id, name) values (1417, 'Bry');
insert into city(region_id, name) values (1417, 'Cambrai');
insert into city(region_id, name) values (1417, 'Cartignies');
insert into city(region_id, name) values (1417, 'Cassel');
insert into city(region_id, name) values (1417, 'Denain');
insert into city(region_id, name) values (1417, 'Douai');
insert into city(region_id, name) values (1417, 'Dunkerque');
insert into city(region_id, name) values (1417, 'Lille');
insert into city(region_id, name) values (1417, 'Roubaix');
insert into city(region_id, name) values (1417, 'Tourcoing');
insert into city(region_id, name) values (1417, 'Valenciennes');
insert into city(region_id, name) values (1417, 'Villeneuve-dAscq');
insert into city(region_id, name) values (1418, 'Abbecourt');
insert into city(region_id, name) values (1418, 'Beauvais');
insert into city(region_id, name) values (1418, 'Chantilly');
insert into city(region_id, name) values (1418, 'Compigne');
insert into city(region_id, name) values (1418, 'Litz');
insert into city(region_id, name) values (1418, 'Marseille-en-Beauvaisis');
insert into city(region_id, name) values (1418, 'Nogent-sur-Oise');
insert into city(region_id, name) values (1418, 'Noyon');
insert into city(region_id, name) values (1419, 'Alenon');
insert into city(region_id, name) values (1419, 'Bagnoles-de-lOrne');
insert into city(region_id, name) values (1420, 'Paris');
insert into city(region_id, name) values (1421, 'Arras');
insert into city(region_id, name) values (1421, 'Boulogne-sur-Mer');
insert into city(region_id, name) values (1421, 'Calais');
insert into city(region_id, name) values (1421, 'taples');
insert into city(region_id, name) values (1421, 'Le Parcq');
insert into city(region_id, name) values (1421, 'Lens');
insert into city(region_id, name) values (1422, 'Aulnat');
insert into city(region_id, name) values (1422, 'Bourg-Lastic');
insert into city(region_id, name) values (1422, 'Chas');
insert into city(region_id, name) values (1422, 'Clermont-Ferrand');
insert into city(region_id, name) values (1422, 'Cournon-dAuvergne');
insert into city(region_id, name) values (1423, 'Anglet');
insert into city(region_id, name) values (1423, 'Bastans');
insert into city(region_id, name) values (1423, 'Bayonne');
insert into city(region_id, name) values (1423, 'Biarritz');
insert into city(region_id, name) values (1423, 'Billre');
insert into city(region_id, name) values (1423, 'Hendaye');
insert into city(region_id, name) values (1423, 'Oloron-Sainte-Marie');
insert into city(region_id, name) values (1423, 'Pau');
insert into city(region_id, name) values (1423, 'Saint-Esteben');
insert into city(region_id, name) values (1423, 'Sus');
insert into city(region_id, name) values (1424, 'Baillestavy');
insert into city(region_id, name) values (1424, 'Canet-Plage');
insert into city(region_id, name) values (1424, 'Oms');
insert into city(region_id, name) values (1424, 'Perpignan');
insert into city(region_id, name) values (1424, 'Pia');
insert into city(region_id, name) values (1424, 'Saint-Laurent-de-Cerdans');
insert into city(region_id, name) values (1424, 'Thuir');
insert into city(region_id, name) values (1424, 'Toulouges');
insert into city(region_id, name) values (1425, 'Alix');
insert into city(region_id, name) values (1425, 'Ancy');
insert into city(region_id, name) values (1425, 'Bron');
insert into city(region_id, name) values (1425, 'Caluire-et-Cuire');
insert into city(region_id, name) values (1425, 'Limas');
insert into city(region_id, name) values (1425, 'Lyon');
insert into city(region_id, name) values (1425, 'Meyzieu');
insert into city(region_id, name) values (1425, 'Saint-Didier-au-Mont-dOr');
insert into city(region_id, name) values (1425, 'Saint-tienne-des-Oullires');
insert into city(region_id, name) values (1425, 'Taluyers');
insert into city(region_id, name) values (1425, 'Vnissieux');
insert into city(region_id, name) values (1425, 'Vernaison');
insert into city(region_id, name) values (1425, 'Villefranche-sur-Sane');
insert into city(region_id, name) values (1426, 'Autun');
insert into city(region_id, name) values (1426, 'Charbonnires');
insert into city(region_id, name) values (1426, 'Mcon');
insert into city(region_id, name) values (1426, 'Paray-le-Monial');
insert into city(region_id, name) values (1427, 'Aix-les-Bains');
insert into city(region_id, name) values (1427, 'Albertville');
insert into city(region_id, name) values (1427, 'Bourdeau');
insert into city(region_id, name) values (1427, 'Chambry');
insert into city(region_id, name) values (1427, 'Courchevel');
insert into city(region_id, name) values (1427, 'Saint-Andr');
insert into city(region_id, name) values (1428, 'Amponville');
insert into city(region_id, name) values (1428, 'Chelles');
insert into city(region_id, name) values (1428, 'Coulommiers');
insert into city(region_id, name) values (1428, 'Fontainebleau');
insert into city(region_id, name) values (1428, 'Melun');
insert into city(region_id, name) values (1429, 'tretat');
insert into city(region_id, name) values (1429, 'Le Havre');
insert into city(region_id, name) values (1429, 'Rouen');
insert into city(region_id, name) values (1429, 'Vieux-Manoir');
insert into city(region_id, name) values (1430, 'Drancy');
insert into city(region_id, name) values (1430, 'Gournay-sur-Marne');
insert into city(region_id, name) values (1430, 'Le Blanc-Mesnil');
insert into city(region_id, name) values (1430, 'Neuilly-Plaisance');
insert into city(region_id, name) values (1430, 'Pantin');
insert into city(region_id, name) values (1430, 'Saint-Denis');
insert into city(region_id, name) values (1430, 'Stains');
insert into city(region_id, name) values (1431, 'Abbeville');
insert into city(region_id, name) values (1431, 'Amiens');
insert into city(region_id, name) values (1431, 'Digeon');
insert into city(region_id, name) values (1432, 'Albi');
insert into city(region_id, name) values (1432, 'Gaillac');
insert into city(region_id, name) values (1432, 'Le Vintrou');
insert into city(region_id, name) values (1432, 'Viane');
insert into city(region_id, name) values (1433, 'Bouloc');
insert into city(region_id, name) values (1433, 'Moissac');
insert into city(region_id, name) values (1433, 'Montauban');
insert into city(region_id, name) values (1434, 'Bavilliers');
insert into city(region_id, name) values (1434, 'Belfort');
insert into city(region_id, name) values (1434, 'Rchsy');
insert into city(region_id, name) values (1435, 'Ableiges');
insert into city(region_id, name) values (1435, 'Arnouville-ls-Gonesse');
insert into city(region_id, name) values (1436, 'Ablon-sur-Seine');
insert into city(region_id, name) values (1436, 'Alfortville');
insert into city(region_id, name) values (1436, 'Choisy-le-Roi');
insert into city(region_id, name) values (1436, 'Ivry-sur-Seine');
insert into city(region_id, name) values (1436, 'Limeil-Brvannes');
insert into city(region_id, name) values (1436, 'Maisons-Alfort');
insert into city(region_id, name) values (1436, 'Orly');
insert into city(region_id, name) values (1436, 'Saint-Maur-des-Fosss');
insert into city(region_id, name) values (1436, 'Vincennes');
insert into city(region_id, name) values (1437, 'Draguignan');
insert into city(region_id, name) values (1437, 'Frjus');
insert into city(region_id, name) values (1437, 'Gassin');
insert into city(region_id, name) values (1437, 'Hyres');
insert into city(region_id, name) values (1437, 'La Londe-les-Maures');
insert into city(region_id, name) values (1437, 'Le Beausset');
insert into city(region_id, name) values (1437, 'Le Lavandou');
insert into city(region_id, name) values (1437, 'Saint-Maximin-la-Sainte-Baume');
insert into city(region_id, name) values (1437, 'Saint-Raphal');
insert into city(region_id, name) values (1437, 'Saint-Tropez');
insert into city(region_id, name) values (1437, 'Sanary-sur-Mer');
insert into city(region_id, name) values (1437, 'Toulon');
insert into city(region_id, name) values (1438, 'Apt');
insert into city(region_id, name) values (1438, 'Avignon');
insert into city(region_id, name) values (1438, 'Bonnieux');
insert into city(region_id, name) values (1438, 'LIsle-sur-la-Sorgue');
insert into city(region_id, name) values (1438, 'Montfavet');
insert into city(region_id, name) values (1438, 'Orange');
insert into city(region_id, name) values (1438, 'Saint-Christol');
insert into city(region_id, name) values (1439, 'Angles');
insert into city(region_id, name) values (1439, 'Chavagnes-les-Redoux');
insert into city(region_id, name) values (1439, 'La Roche-sur-Yon');
insert into city(region_id, name) values (1439, 'Les Sables-dOlonne');
insert into city(region_id, name) values (1439, 'Saint-Prouant');
insert into city(region_id, name) values (1439, 'Vix');
insert into city(region_id, name) values (1440, 'Chtellerault');
insert into city(region_id, name) values (1440, 'Genay');
insert into city(region_id, name) values (1440, 'Poitiers');
insert into city(region_id, name) values (1440, 'Saint-Saviol');
insert into city(region_id, name) values (1441, 'pinal');
insert into city(region_id, name) values (1441, 'Remiremont');
insert into city(region_id, name) values (1441, 'Vittel');
insert into city(region_id, name) values (1442, 'Angely');
insert into city(region_id, name) values (1442, 'Auxerre');
insert into city(region_id, name) values (1442, 'Villeneuve-sur-Yonne');
insert into city(region_id, name) values (1442, 'Yrouerre');
insert into city(region_id, name) values (1443, 'La Celle-Saint-Cloud');
insert into city(region_id, name) values (1443, 'La Verrire');
insert into city(region_id, name) values (1443, 'Le Vsinet');
insert into city(region_id, name) values (1443, 'Marly-le-Roi');
insert into city(region_id, name) values (1443, 'Rambouillet');
insert into city(region_id, name) values (1443, 'Verneuil-sur-Seine');
insert into city(region_id, name) values (1443, 'Versailles');
insert into city(region_id, name) values (1443, 'Vert');